"","41","43","51","52","57","60","61","62","63","64","65","66","67","69","70","71","74","76","77","79","80","83","85","87","88","89","92","95","96","97","98","99","100","102","103","104","105","106","107","109","110","111","114","115","117","118","120","121","122","124","125","126","127","128","129","132","136","137","138","138.1","139.1","139.2","141","142","145","146","148","201","202","203","204","205","206","207","208","209","210","213","220","221","222","224","225","226","300","301","302","307","308","309","310","311","312","315","316","317","318","319","320","321","322","324","325","326","327","331","332","333","334","336","338","339","340","352","353","354","357","358","359","360","361","362","364","365","368","370","371","375","377","381","382","384","385","386","387","388","389","390","391","392","393","394","395","396","397","398","399","400","401","402","403","404","405","407","409","410","412","413","415","416","418","421","422","424","425","428","431","438","439","445","448","450","451","453","454","455","459","460","461","467","468","472","473","474","13BIS","15ELK","18ELK","223A","223B","22ELK","26BHS","28BHS","30BHS","31BHS","32BHS","34BHS","35BHS","37BHS","38WTD","39BIS","3BIS","47ELK","4BIS","6BIS","7BIS","8BIS","BHS101","BHS143","BHS149","BHS150","BHS27","BHS29","BHS33","BHS36","BHS40","BHS42","BHS53","BHS58","BIS1","BIS108","BIS112","BIS113","BIS116","BIS12","BIS130","BIS131","BIS2","BIS355","BIS372","BIS380","BIS411","BIS419","BIS427","BIS432","BIS435","BIS462","BIS464","BIS466","BIS470","BIS56","BIS59","BIS72","BIS9","DEER449","ELK16","ELK17","ELK24","ELK44","ELK45","ELK46","ELK48","ELK49","ELK54","ELK75","G331","G332","G335","MD452","WTD374","WTD379","WTD456"
"P4",0.000789390590464162,0,0.237290811493527,0,0.0359962109251658,0,0.0299968424376381,0.000315756236185665,0.000157878118092832,0.08193874329018,0.194505841490369,0.117777076097253,0.186138301231449,0.356488790653615,0.0655194190085254,0.439690558888538,0,0.0456267761288285,0,0.0475213135459425,0,0,0.107988632775497,0.000157878118092832,0.0694663719608462,0.106725607830755,0,0,0,0.394695295232081,0.0620461004104831,0.108778023365961,0.0909377960214714,0.000157878118092832,0.0164193242816546,0.000157878118092832,0.0969371645089991,0.383170192611304,0.0502052415535207,0.0569940006315125,0.132301862961793,0,0,0.191979791600884,0.0726239343227029,0.0484685822544995,0,0.0511525102620777,0.00663088095989896,0.0669403220713609,0.0590464161667193,0,0.0524155352068203,0.0629933691190401,0.0554152194505841,0.00915693084938428,0.0694663719608462,0.0776760341016735,0.000157878118092832,0.0341016735080518,0.000157878118092832,0.0239974739501105,0.025418377012946,0.0344174297442374,0.000947268708556994,0,0,0,0.0748342279760025,0.0258920113672245,0.0699400063151247,0.0642563940637828,0.135617303441743,0.029207451847174,0.0271550363119672,0.128512788127566,0.109409535838333,0,0,0.0053678560151563,0.00236817177139249,0.00410483107041364,0,0,0.215345753078623,0.000157878118092832,0.000157878118092832,0.0454688980107357,0,0.282917587622356,0.0162614461635617,0.10088411746132,0,0.107514998421219,0.0850963056520366,0.19340069466372,0.220239974739501,0,0.1850331544048,0.282286075149984,0.0683612251341964,0.000157878118092832,0.128670666245658,0.000315756236185665,0.0146826649826334,0.0279444269024313,0.0246289864224818,0.021629302178718,0.000947268708556994,0,0.000789390590464162,0,0,0.000157878118092832,0,0,0,0,0.000157878118092832,0.0119987369750553,0.000157878118092832,0.0164193242816546,0.0344174297442374,0.00142090306283549,0.000157878118092832,0,0.0410483107041364,0.000157878118092832,0,0.119040101041996,0.00426270918850647,0,0.00157878118092832,0,0,0,0.140511525102621,0.0934638459109567,0.0134196400378907,0.0359962109251658,0.0770445216293022,0.104199557941269,0.0478370697821282,0.0404167982317651,0.00252604988948532,0.353173350173666,0.0372592358699084,0.186296179349542,0.00520997789706347,0,0,0,0,0.00110514682664983,0.260814651089359,0.000157878118092832,0.00142090306283549,0,0,0,0,0.00726239343227029,0,0.0588885380486265,0.0129460056836123,0.0719924218503315,0.0519419008525418,0.000315756236185665,0.0241553520682033,0.000789390590464162,0,0.0636248815914114,0.000157878118092832,0.00189453741711399,0,0,0.227818124407957,0.0554152194505841,0.000157878118092832,0.00520997789706347,0.139880012630249,0.121566150931481,0.0996210925165772,0.202083991158825,0.21960846226713,0.287180296810862,0.026365645721503,0.0170508367540259,0,0.0154720555730976,0,0,0.234449005367856,0.0929902115566782,0.0708872750236817,0.0598358067571835,0.116040416798232,0.0314177455004736,0.000947268708556994,0.165772023997474,0.228449636880328,0.189295863593306,0.276760341016735,0.151562993369119,0.140037890748342,0.0983580675718345,0.000947268708556994,0,0,0,0,0.214240606251973,0.00205241553520682,0.0315756236185665,0,0,0.00142090306283549,0.0162614461635617,0.212503946952952,0.0385222608146511,0.0418377012946006,0.00710451531417746,0.0520997789706347,0.234764761604042,0.0977265550994632,0.0524155352068203,0.141458793811178,0.0609409535838333,0.0918850647300284,0.057467634985791,0.0816229870539943,0.135301547205557,0.0312598673823808,0.187243448058099,0.146510893590148,0.052731291443006,0.0547837069782128,0.0677297126618251,0.137196084622671,0.00520997789706347,0.000315756236185665,0.251499842121882,0.0931480896747711,0,0.498736975055257,0.0224186927691822,0.107199242185033,0.0110514682664983,0,0.0678875907799179,0.00142090306283549,0.0740448373855384,0,0,0,0,0,0.00331544047994948,0.0203662772339754,0.000157878118092832,0.000157878118092832
"P9",0,0,0.00126302494474266,0,0,0.0598358067571835,0,0.000789390590464162,0.084780549415851,0,0.00442058730659931,0,0.00236817177139249,0.00473634354278497,0,0.000315756236185665,0.00836754025892011,0.000473634354278497,0.00173665929902116,0.00868329649510578,0.00236817177139249,0,0.0445216293021787,0,0,0.00615724660562046,0,0,0,0.00189453741711399,0.000157878118092832,0.00331544047994948,0,0,0,0,0,0,0.00315756236185665,0,0,0,0,0,0,0,0,0,0,0,0,0,0,0,0,0.00505209977897063,0,0,0,0,0,0,0.00726239343227029,0,0,0,0,0,0,0,0.00394695295232081,0,0.00568361225134196,0.00884117461319861,0,0.0113672245026839,0,0,0,0,0.000157878118092832,0,0,0,0,0,0,0,0,0.00189453741711399,0,0,0,0.10814651089359,0,0.00710451531417746,0,0,0.000947268708556994,0.00363119671613514,0.000947268708556994,0,0.00473634354278497,0,0,0,0,0,0,0,0.000157878118092832,0,0,0,0.00789390590464162,0,0,0,0,0,0,0,0,0.00173665929902116,0,0,0,0,0,0,0,0,0,0,0,0,0,0,0,0,0,0,0,0,0,0,0,0.000473634354278497,0,0,0.000315756236185665,0.000157878118092832,0,0.000157878118092832,0.00268392800757815,0,0,0,0,0.0165772023997474,0,0,0,0.0175244711083044,0,0,0.0162614461635617,0.0331544047994948,0,0.00252604988948532,0.0149984212188191,0,0.00221029365329965,0,0.00899905273129144,0.0994632143984844,0,0,0,0,0.00299968424376381,0,0,0.0170508367540259,0.000789390590464162,0.00568361225134196,0,0.000157878118092832,0,0,0,0,0.00378907483422798,0,0.00268392800757815,0,0,0.00157878118092832,0,0,0,0,0.0239974739501105,0,0.0048942216608778,0,0,0,0,0,0.000315756236185665,0,0,0.00110514682664983,0,0.00173665929902116,0.000157878118092832,0,0.0202083991158825,0,0,0,0,0,0,0,0.00221029365329965,0,0,0,0.0222608146510894,0.0161035680454689,0.00647300284180613,0.00410483107041364,0,0.00157878118092832,0,0.0202083991158825,0,0.0135775181559836,0.00884117461319861,0.00378907483422798,0,0,0,0,0,0,0,0,0,0,0,0.00221029365329965,0,0,0,0,0.000789390590464162,0,0
"P12",0,0,0,0,0.00173665929902116,0,0,0,0,0,0,0,0,0,0,0,0,0,0,0.000947268708556994,0,0,0,0,0,0,0.000631512472371329,0,0,0,0,0,0.00789390590464162,0,0,0,0,0,0,0,0,0,0,0,0,0,0.00915693084938428,0.163403852226081,0.0928323334385854,0.146984527944427,0.135617303441743,0,0,0.258604357436059,0,0,0,0,0,0,0,0,0,0,0,0,0,0,0,0.000157878118092832,0,0,0,0,0,0,0,0,0,0.00331544047994948,0.0227344490053679,0,0,0,0,0,0,0,0,0,0.00378907483422798,0,0,0.000315756236185665,0,0,0,0,0,0,0.0053678560151563,0,0,0,0,0,0,0,0,0,0,0.00110514682664983,0,0,0,0,0,0,0.000157878118092832,0.000157878118092832,0,0,0,0,0,0,0,0,0,0,0,0,0,0,0.000157878118092832,0,0,0,0,0,0,0,0,0,0,0,0,0,0,0,0,0,0,0,0,0,0,0,0,0,0,0,0,0,0,0,0,0,0,0,0,0,0,0,0,0,0,0,0,0,0.000157878118092832,0,0,0,0.0058414903694348,0,0,0,0,0,0,0.000473634354278497,0.000473634354278497,0,0,0,0,0,0.000157878118092832,0,0,0,0,0,0,0.000157878118092832,0,0,0.000157878118092832,0,0.000789390590464162,0,0,0,0,0,0,0.000157878118092832,0.00126302494474266,0,0,0.000157878118092832,0,0.00268392800757815,0.00189453741711399,0,0.000473634354278497,0,0.00236817177139249,0.00410483107041364,0.00110514682664983,0,0,0,0,0.00189453741711399,0,0.000157878118092832,0,0,0,0,0,0,0,0,0,0,0,0,0,0.000631512472371329,0,0,0,0,0,0,0,0,0
"P14",0.00726239343227029,0,0.00473634354278497,0.0108935901484054,0.00663088095989896,0.0233659614777392,0.0121566150931481,0.00252604988948532,0.0138932743921692,0.000473634354278497,0.00363119671613514,0.0140511525102621,0.0131038838017051,0.00552573413324913,0.00189453741711399,0.00552573413324913,0.00615724660562046,0.000315756236185665,0.00410483107041364,0.00221029365329965,0.0832017682349226,0,0.00110514682664983,0.00363119671613514,0,0.00142090306283549,0.0161035680454689,0,0.00505209977897063,0.00394695295232081,0.00173665929902116,0.00410483107041364,0.0383643826965583,0.280707293969056,0,0.000315756236185665,0.00963056520366277,0.0620461004104831,0.0132617619197979,0.0149984212188191,0.046100410483107,0,0.144616356173034,0,0.0097884433217556,0.000315756236185665,0.0110514682664983,0.00899905273129144,0.0260498894853173,0.000157878118092832,0.0268392800757815,0,0.029207451847174,0.047047679191664,0.0478370697821282,0.00394695295232081,0.000157878118092832,0.000315756236185665,0.000631512472371329,0.0513103883801705,0,0.0124723713293338,0.00378907483422798,0.000157878118092832,0.0742027155036312,0.00110514682664983,0,0.203820650457847,0.019734764761604,0.0950426270918851,0.0268392800757815,0.00142090306283549,0.0424692137669719,0.0262077676034102,0.0276286706662457,0.0707293969055889,0.000157878118092832,0,0.000473634354278497,0.0487843384906852,0.00410483107041364,0.00505209977897063,0.00110514682664983,0.00284180612567098,0.0721502999684244,0.00221029365329965,0.00931480896747711,0.0232080833596464,0,0.00931480896747711,0.00520997789706347,0.00789390590464162,0.00252604988948532,0.0391537732870224,0.0236817177139249,0.0053678560151563,0.0213135459425324,0,0.0121566150931481,0.0145247868645406,0.0102620776760341,0.00868329649510578,0.00820966214082728,0.000157878118092832,0.00394695295232081,0.00852541837701295,0.0175244711083044,0.0123144932112409,0.00126302494474266,0.00173665929902116,0.00252604988948532,0.00205241553520682,0.000157878118092832,0.000157878118092832,0.000473634354278497,0.00189453741711399,0.000157878118092832,0.000473634354278497,0.000789390590464162,0.00599936848752763,0.00520997789706347,0.032049257972845,0.00678875907799179,0.00410483107041364,0.000157878118092832,0.00142090306283549,0.0176823492263972,0.000157878118092832,0,0.00410483107041364,0.00299968424376381,0,0,0,0.00110514682664983,0,0.00221029365329965,0.00394695295232081,0,0.0396274076413009,0.000157878118092832,0,0,0.0279444269024313,0,0.00363119671613514,0,0.00663088095989896,0.0165772023997474,0.00442058730659931,0.00268392800757815,0.00694663719608462,0.00947268708556994,0.00189453741711399,0.0413640669403221,0,0.000157878118092832,0.0053678560151563,0.00647300284180613,0.0176823492263972,0.00347331859804231,0.000315756236185665,0.0161035680454689,0.00773602778654878,0.00173665929902116,0.0550994632143985,0.00915693084938428,0.0135775181559836,0,0.00363119671613514,0.00315756236185665,0.0048942216608778,0.00268392800757815,0,0.000473634354278497,0.0355225765708873,0.000157878118092832,0.000157878118092832,0.000947268708556994,0,0.0221029365329965,0.00568361225134196,0.00520997789706347,0.0126302494474266,0.0112093463845911,0.00663088095989896,0.0260498894853173,0.00520997789706347,0.00805178402273445,0.0407325544679507,0.312914430059994,0.15550994632144,0.00189453741711399,0.0164193242816546,0.00157878118092832,0.0592042942848121,0.354120618882223,0.0563624881591411,0.0299968424376381,0,0.0323650142090306,0.00331544047994948,0,0,0.0107357120303126,0.0159456899273761,0.0773602778654878,0.00442058730659931,0.00757814966845595,0.00615724660562046,0.0476791916640354,0.0058414903694348,0.0233659614777392,0.0121566150931481,0.0124723713293338,0.00394695295232081,0.000947268708556994,0.00347331859804231,0.0154720555730976,0.0298389643195453,0.00915693084938428,0.0661509314808967,0.0102620776760341,0.00520997789706347,0.0184717398168614,0.00615724660562046,0.0115251026207768,0.00473634354278497,0.0124723713293338,0.00505209977897063,0.0126302494474266,0.0124723713293338,0.00678875907799179,0.0162614461635617,0.00663088095989896,0.00426270918850647,0.0108935901484054,0.00268392800757815,0.0113672245026839,0.00678875907799179,0.00410483107041364,0.0113672245026839,0.00315756236185665,0.00994632143984844,0.000947268708556994,0.0053678560151563,0.0105778339122198,0.0058414903694348,0,0.0164193242816546,0.00126302494474266,0.00931480896747711,0,0.0252604988948532,0.000473634354278497,0.00126302494474266,0.00568361225134196,0.00868329649510578,0,0.0213135459425324,0.00126302494474266
"P15",0.00615724660562046,0,0.18392800757815,0.00742027155036312,0.101673508051784,0.0615724660562046,0.0688348594884749,0.00252604988948532,0.0203662772339754,0.258920113672245,0.458004420587307,0.210293653299653,0.209346384591096,0.223871171455636,0.514209030628355,0.287180296810862,0.0295232080833596,0.371013577518156,0.0532049257972845,0.0137353962740764,0.030154720555731,0.000947268708556994,0.0825702557625513,0.00726239343227029,0.00726239343227029,0.42421850331544,0.111146195137354,0.0181559835806757,0.0115251026207768,0.201136722450268,0.49163245974108,0.310388380170508,0.0686769813703821,0.00378907483422798,0.0230502052415535,0.243921692453426,0.252131354594253,0.0285759393748027,0.153615408904326,0.0257341332491317,0.000157878118092832,0.222450268392801,0.108620145247869,0.0238395958320177,0.0151562993369119,0.0285759393748027,0,0.0497316071992422,0.0622039785285759,0.0371013577518156,0.119040101041996,0.000157878118092832,0.113514366908746,0.135143669087464,0.0097884433217556,0.245342595516261,0.000157878118092832,0.231765077360278,0.295863593305968,0.0137353962740764,0.125513103883802,0.00568361225134196,0.0108935901484054,0.74360593621724,0.149194821597727,0.501736659299021,0.420745184717398,0.000473634354278497,0.0277865487843385,0.0257341332491317,0.143037574992106,0.203189137985475,0.0723081780865172,0.128828544363751,0.0519419008525418,0.0779917903378592,0.0487843384906852,0.145247868645406,0.131986106725608,0.0645721502999684,0.0435743605936217,0.00205241553520682,0.0145247868645406,0.0582570255762551,0.0213135459425324,0.000315756236185665,0.14493211240922,0.0172087148721187,0,0.0683612251341964,0.149194821597727,0.047994947900221,0.0925165772023998,0.0503631196716135,0.00805178402273445,0.111304073255447,0.12598673823808,0.0104199557941269,0.154878433849069,0.0816229870539943,0.150615724660562,0.194190085254184,0.0192611304073255,0.0113672245026839,0.00236817177139249,0.00568361225134196,0.0107357120303126,0.00568361225134196,0.00947268708556994,0,0.00173665929902116,0.0317335017366593,0.00884117461319861,0.0394695295232081,0.0519419008525418,0.0598358067571835,0,0.0126302494474266,0.000947268708556994,0.00931480896747711,0,0.0135775181559836,0.0115251026207768,0.00947268708556994,0.000947268708556994,0,0.00852541837701295,0.000315756236185665,0.00110514682664983,0.154562677612883,0.00836754025892011,0.000157878118092832,0.00331544047994948,0,0.00442058730659931,0.000315756236185665,0.399273760656773,0.185980423113356,0.157878118092832,0.0871487211872434,0.250868329649511,0.142879696874013,0.160246289864225,0.0167350805178402,0.00157878118092832,0.367382380802021,0.0162614461635617,0.522892327123461,0.00284180612567098,0.0110514682664983,0.00268392800757815,0.0203662772339754,0.00173665929902116,0.121566150931481,0.291916640353647,0.0194190085254184,0.000789390590464162,0.00568361225134196,0.00173665929902116,0.0157878118092832,0.00331544047994948,0.0251026207767603,0.0113672245026839,0.188032838648563,0.0194190085254184,0.0375749921060941,0.255131038838017,0.20287338174929,0.0116829807388696,0.0427849700031576,0.0184717398168614,0.0721502999684244,0.0277865487843385,0.00110514682664983,0.0377328702241869,0.138301231449321,0.0675718345437322,0.13545942532365,0.000157878118092832,0.000789390590464162,0.281023050205242,0.447110830438901,0.413167035048942,0.254657404483739,0.0808335964635302,0.0200505209977897,0.0105778339122198,0.0101041995579413,0.0397852857593937,0.00915693084938428,0.000157878118092832,0.0972529207451847,0.00615724660562046,0.024471108304389,0.00142090306283549,0.610988317019261,0.0858856962425008,0.333280707293969,0.00931480896747711,0.113830123144932,0.0484685822544995,0.018787496053047,0.0682033470161036,0.0249447426586675,0.121408272813388,0.0702557625513104,0.0751499842121882,0.2709188506473,0.35506788759078,0.516261446163562,0.130091569308494,0.0108935901484054,0.0397852857593937,0.296495105778339,0.00473634354278497,0.00757814966845595,0.021629302178718,0.0189453741711399,0.114619513735396,0.107672876539312,0.13324913167035,0.0846226712977581,0.0374171139880013,0.0214714240606252,0.0912535522576571,0.0416798231765077,0.115566782443953,0.107357120303126,0.0850963056520366,0.0615724660562046,0.0634670034733186,0.15219450584149,0.076255131038838,0.198926428796969,0.0765708872750237,0.141143037574992,0.185348910640985,0.0615724660562046,0.0680454688980107,0.0121566150931481,0.0241553520682033,0.250394695295232,0.0841490369434796,0.000947268708556994,0.0115251026207768,0.00426270918850647,0.0123144932112409,0.00615724660562046,0.00899905273129144,0.0202083991158825,0.00710451531417746,0.0176823492263972,0.00142090306283549,0.0198926428796969,0.00315756236185665,0.0306283549100095,0.00157878118092832,0.00552573413324913,0.00599936848752763,0,0.000315756236185665
"P20",0.00236817177139249,0,0.00268392800757815,0,0.00647300284180613,0.00347331859804231,0.000315756236185665,0.000157878118092832,0.00442058730659931,0.00394695295232081,0.00678875907799179,0.0097884433217556,0,0.00663088095989896,0.00363119671613514,0.00110514682664983,0.00947268708556994,0.00378907483422798,0.00173665929902116,0.00205241553520682,0.00505209977897063,0,0.0124723713293338,0,0,0.00284180612567098,0.00331544047994948,0,0,0.00473634354278497,0.00836754025892011,0.00410483107041364,0.00394695295232081,0.0168929586359331,0.0442058730659931,0,0.056520366277234,0.0108935901484054,0.0337859172718661,0.0246289864224818,0.0502052415535207,0,0.0364698452794443,0,0,0,0.0675718345437322,0.0854120618882223,0.0666245658351752,0.0937796021471424,0.0232080833596464,0,0,0.0869908430691506,0,0.0102620776760341,0,0,0.00205241553520682,0,0,0.00110514682664983,0.00520997789706347,0,0.00315756236185665,0.000631512472371329,0.000631512472371329,0,0,0.00726239343227029,0.0145247868645406,0.0105778339122198,0.00157878118092832,0.0202083991158825,0.0194190085254184,0.00868329649510578,0.0157878118092832,0,0,0.0173665929902116,0.00868329649510578,0.000947268708556994,0.000315756236185665,0.000157878118092832,0,0,0.0097884433217556,0.00284180612567098,0.000157878118092832,0.00189453741711399,0.00631512472371329,0.0336280391537733,0,0.0157878118092832,0,0.00126302494474266,0.000473634354278497,0,0.00142090306283549,0,0.00442058730659931,0,0.00157878118092832,0,0.000315756236185665,0.00457846542469214,0.00173665929902116,0.000315756236185665,0.000473634354278497,0.00678875907799179,0,0.00552573413324913,0.000789390590464162,0.00410483107041364,0.0266814019576887,0.000473634354278497,0,0.000315756236185665,0.000157878118092832,0.0307862330281023,0.12819703189138,0.0383643826965583,0.0678875907799179,0.00805178402273445,0.000157878118092832,0.00189453741711399,0.0331544047994948,0,0,0.0123144932112409,0.080044205873066,0.00442058730659931,0.00742027155036312,0.000157878118092832,0.000157878118092832,0,0.02731291443006,0.00252604988948532,0,0.0468898010735712,0.0221029365329965,0,0.0129460056836123,0.0746763498579097,0,0.00473634354278497,0.0749921060940954,0.0142090306283549,0.0323650142090306,0,0.000789390590464162,0.0124723713293338,0.000315756236185665,0.00473634354278497,0.0105778339122198,0.0104199557941269,0.000631512472371329,0.000789390590464162,0,0.00805178402273445,0.00142090306283549,0.00126302494474266,0,0.0154720555730976,0.0260498894853173,0.0620461004104831,0.00268392800757815,0.0167350805178402,0.00110514682664983,0.00915693084938428,0.00268392800757815,0.00663088095989896,0.000157878118092832,0,0.00347331859804231,0.020682033470161,0,0,0,0.000947268708556994,0.0202083991158825,0.0157878118092832,0.0251026207767603,0.046100410483107,0.000157878118092832,0,0,0.000789390590464162,0.000631512472371329,0.00268392800757815,0,0.0129460056836123,0.000631512472371329,0.000947268708556994,0.000157878118092832,0,0.000789390590464162,0.00836754025892011,0.000473634354278497,0.00252604988948532,0,0.00410483107041364,0,0.0312598673823808,0.00142090306283549,0.00520997789706347,0.0101041995579413,0,0,0.000315756236185665,0.00820966214082728,0.000157878118092832,0.000789390590464162,0.00663088095989896,0.00284180612567098,0.00110514682664983,0.00315756236185665,0.000473634354278497,0.0110514682664983,0.0251026207767603,0.0230502052415535,0.0533628039153773,0.0115251026207768,0.00221029365329965,0.0202083991158825,0.00505209977897063,0.00347331859804231,0.0454688980107357,0.0363119671613514,0.0116829807388696,0.0105778339122198,0.0372592358699084,0.022576570887275,0.0108935901484054,0.00331544047994948,0.00915693084938428,0.00868329649510578,0.0145247868645406,0.00363119671613514,0.00189453741711399,0.000631512472371329,0.0159456899273761,0.00994632143984844,0,0,0.000157878118092832,0.00157878118092832,0.00205241553520682,0.0179981054625829,0.0121566150931481,0.0104199557941269,0.00631512472371329,0.00631512472371329,0.000473634354278497,0.000157878118092832,0.00157878118092832,0.00142090306283549,0.00126302494474266,0.00189453741711399,0,0.000157878118092832
"P25",0,0,0,0,0,0,0,0,0,0,0.00173665929902116,0,0,0,0,0,0,0,0,0,0,0.0107357120303126,0.00742027155036312,0,0,0,0,0,0,0,0,0.000157878118092832,0.00378907483422798,0,0,0,0,0,0,0,0,0,0,0,0,0,0,0,0,0,0,0,0,0,0,0,0,0,0,0,0,0,0.00647300284180613,0,0,0,0,0,0,0,0.00126302494474266,0,0.00915693084938428,0.0134196400378907,0,0.00363119671613514,0.0137353962740764,0,0,0,0,0,0,0,0,0,0,0,0,0.00268392800757815,0,0,0,0.032049257972845,0,0.0456267761288285,0.00252604988948532,0,0,0,0,0,0.000473634354278497,0,0,0,0,0,0.000315756236185665,0,0,0,0,0,0,0,0,0.0154720555730976,0,0,0,0,0,0,0,0.0993053362803915,0,0,0.000473634354278497,0.000631512472371329,0,0,0,0,0.00299968424376381,0.00236817177139249,0,0,0,0,0,0,0,0,0,0.000315756236185665,0,0.000315756236185665,0.00299968424376381,0,0,0,0,0,0.000631512472371329,0,0,0,0,0,0,0,0,0.00110514682664983,0,0.000947268708556994,0,0,0.00994632143984844,0,0,0,0,0.00252604988948532,0,0.000157878118092832,0,0,0,0,0,0.00110514682664983,0.00189453741711399,0,0,0,0,0,0,0,0,0,0,0,0,0,0,0,0,0.00126302494474266,0,0,0,0,0,0.000157878118092832,0,0,0,0.000157878118092832,0,0,0,0,0,0,0,0,0.000473634354278497,0,0,0,0.00142090306283549,0,0.0172087148721187,0.031101989264288,0,0.00299968424376381,0.000157878118092832,0.00221029365329965,0.00852541837701295,0.00299968424376381,0.00457846542469214,0.00221029365329965,0.00315756236185665,0,0,0.00742027155036312,0.00299968424376381,0,0.000315756236185665,0.000157878118092832,0.000315756236185665,0,0,0,0,0,0.00315756236185665,0.000315756236185665,0,0,0,0,0,0,0,0,0.000157878118092832,0,0
"P27",0.0135775181559836,0,0.00442058730659931,0,0.00599936848752763,0.00378907483422798,0.00899905273129144,0.00157878118092832,0.00410483107041364,0.00299968424376381,0.00284180612567098,0,0.00742027155036312,0.00315756236185665,0.000947268708556994,0.000789390590464162,0.00410483107041364,0.00110514682664983,0.00252604988948532,0.00157878118092832,0.00963056520366277,0,0.00299968424376381,0,0,0,0.0334701610356805,0,0.00299968424376381,0.00899905273129144,0,0.00252604988948532,0.00694663719608462,0.05462582886012,0,0,0,0.0547837069782128,0.0127881275655194,0,0,0,0.0672560783075466,0.114461635617303,0.0314177455004736,0,0.0748342279760025,0,0.0135775181559836,0.0333122829175876,0.0516261446163562,0.0293653299652668,0.0363119671613514,0.031101989264288,0,0.00284180612567098,0,0,0,0.000315756236185665,0,0.000631512472371329,0.00505209977897063,0,0.000789390590464162,0.0836754025892011,0.0309441111461951,0,0,0,0.0347331859804231,0.0642563940637828,0.0123144932112409,0.0295232080833596,0,0.0149984212188191,0,0.0276286706662457,0.00820966214082728,0.0129460056836123,0.00426270918850647,0.000315756236185665,0.00110514682664983,0.00189453741711399,0,0,0,0.00189453741711399,0,0.00284180612567098,0.0053678560151563,0,0,0,0,0.00252604988948532,0.0053678560151563,0.000631512472371329,0.00663088095989896,0,0.000631512472371329,0.00173665929902116,0.00173665929902116,0.000473634354278497,0.000157878118092832,0.00142090306283549,0.00221029365329965,0.00189453741711399,0.000157878118092832,0,0,0.00126302494474266,0.000631512472371329,0.000789390590464162,0.00378907483422798,0.00126302494474266,0,0,0,0.00110514682664983,0.00442058730659931,0.00221029365329965,0,0.0194190085254184,0,0,0.00820966214082728,0,0,0,0.00331544047994948,0,0.00726239343227029,0,0.00236817177139249,0.000157878118092832,0,0,0,0,0,0,0.00505209977897063,0.00394695295232081,0,0.00363119671613514,0.0146826649826334,0.00142090306283549,0.00315756236185665,0.00205241553520682,0.000315756236185665,0.00726239343227029,0.00236817177139249,0,0.00173665929902116,0,0.000315756236185665,0.0113672245026839,0.00205241553520682,0,0.00331544047994948,0,0.0112093463845911,0.00394695295232081,0,0.00394695295232081,0.00852541837701295,0,0,0.00284180612567098,0.00236817177139249,0.00221029365329965,0.0101041995579413,0,0.0048942216608778,0.00915693084938428,0,0,0.00173665929902116,0,0.000157878118092832,0.00173665929902116,0,0.0746763498579097,0.000789390590464162,0.0102620776760341,0,0.00299968424376381,0.000947268708556994,0.000631512472371329,0,0.0131038838017051,0,0.00820966214082728,0,0,0.00110514682664983,0.00157878118092832,0.000315756236185665,0,0.0157878118092832,0.00426270918850647,0,0.0424692137669719,0.00268392800757815,0.0134196400378907,0.0366277233975371,0.00947268708556994,0.0678875907799179,0.0246289864224818,0.00915693084938428,0.00299968424376381,0.00568361225134196,0.0137353962740764,0.00615724660562046,0.00221029365329965,0.00236817177139249,0.00789390590464162,0.00378907483422798,0.00568361225134196,0.0097884433217556,0.0186296179349542,0.0102620776760341,0,0.0262077676034102,0.019734764761604,0.00331544047994948,0.00442058730659931,0.00631512472371329,0.000947268708556994,0.00126302494474266,0,0.000789390590464162,0.00505209977897063,0,0.00173665929902116,0.00236817177139249,0.00110514682664983,0.00899905273129144,0.00820966214082728,0.000157878118092832,0.00331544047994948,0,0,0.000789390590464162,0.00110514682664983,0.000473634354278497,0.00126302494474266,0,0,0,0.00189453741711399,0,0.00505209977897063,0.000157878118092832,0.000157878118092832,0.000157878118092832,0,0.000631512472371329,0,0
"P45",0.000473634354278497,0,0.00252604988948532,0.00110514682664983,0.000789390590464162,0,0.000157878118092832,0.00110514682664983,0.00615724660562046,0,0.00805178402273445,0.0132617619197979,0.000157878118092832,0.00710451531417746,0,0.00173665929902116,0.00284180612567098,0.000631512472371329,0.00157878118092832,0.000157878118092832,0.00442058730659931,0,0.00884117461319861,0,0,0.000157878118092832,0.00142090306283549,0,0.000157878118092832,0.000473634354278497,0,0.00173665929902116,0.00678875907799179,0.0227344490053679,0,0,0,0.000315756236185665,0.00378907483422798,0,0,0.000315756236185665,0.000789390590464162,0.000157878118092832,0.0121566150931481,0.000157878118092832,0.0431007262393432,0,0.0592042942848121,0,0.0377328702241869,0.000157878118092832,0.175718345437322,0.108304389011683,0.00110514682664983,0.000473634354278497,0,0,0,0,0,0,0,0.021629302178718,0.00189453741711399,0.00173665929902116,0,0.000315756236185665,0,0.000157878118092832,0.00363119671613514,0.000315756236185665,0,0.00694663719608462,0,0.000631512472371329,0,0.0161035680454689,0.0149984212188191,0.000157878118092832,0,0,0,0,0.000947268708556994,0,0.0113672245026839,0.000473634354278497,0,0.000157878118092832,0.000157878118092832,0,0,0.0115251026207768,0.000157878118092832,0.000631512472371329,0.00126302494474266,0,0.00742027155036312,0.00252604988948532,0.00110514682664983,0,0.00236817177139249,0,0,0.000157878118092832,0,0.00110514682664983,0.00173665929902116,0,0.00110514682664983,0,0,0,0.00205241553520682,0,0.000157878118092832,0.00157878118092832,0,0.000157878118092832,0,0.000315756236185665,0,0.000157878118092832,0,0.000157878118092832,0,0,0,0.000315756236185665,0,0,0,0,0.000473634354278497,0,0,0.00126302494474266,0.000157878118092832,0.000157878118092832,0,0,0,0.00363119671613514,0,0.00173665929902116,0,0.000473634354278497,0,0,0,0.00236817177139249,0.0053678560151563,0,0.0134196400378907,0,0.000315756236185665,0.000473634354278497,0.00110514682664983,0,0.000157878118092832,0,0,0.00157878118092832,0,0.000789390590464162,0,0.0048942216608778,0,0.00236817177139249,0.00157878118092832,0,0.00236817177139249,0,0,0.0053678560151563,0,0,0.000157878118092832,0.000315756236185665,0.00442058730659931,0.0121566150931481,0.00315756236185665,0.00252604988948532,0.00252604988948532,0.00520997789706347,0.000157878118092832,0.148405431007262,0,0,0.000631512472371329,0.00410483107041364,0.000631512472371329,0.000315756236185665,0.00126302494474266,0.00568361225134196,0.0105778339122198,0.00331544047994948,0.000947268708556994,0.000947268708556994,0.000157878118092832,0.000315756236185665,0.0053678560151563,0,0.00252604988948532,0.00299968424376381,0.00899905273129144,0,0.000315756236185665,0.00268392800757815,0.00331544047994948,0.000789390590464162,0.00221029365329965,0.00173665929902116,0.000947268708556994,0,0.000789390590464162,0,0.0053678560151563,0.000315756236185665,0,0,0.000947268708556994,0.00363119671613514,0.00678875907799179,0.00631512472371329,0.00442058730659931,0.00126302494474266,0.00410483107041364,0.00268392800757815,0.00773602778654878,0.0317335017366593,0.0123144932112409,0.0344174297442374,0.0053678560151563,0.00473634354278497,0.00205241553520682,0.0167350805178402,0.00505209977897063,0.00284180612567098,0.00236817177139249,0.0115251026207768,0.00347331859804231,0.000315756236185665,0.00205241553520682,0.000473634354278497,0.00126302494474266,0,0,0.000157878118092832,0,0.00268392800757815,0,0.00157878118092832,0,0,0,0.0334701610356805,0.000157878118092832,0,0
"P48",0,0,0.00110514682664983,0,0.00221029365329965,0,0.000631512472371329,0,0,0.00252604988948532,0.00236817177139249,0.0579412693400695,0.00315756236185665,0,0.00884117461319861,0.00157878118092832,0,0.0105778339122198,0,0.000315756236185665,0,0,0,0.00157878118092832,0,0.00442058730659931,0.000157878118092832,0.00552573413324913,0,0,0.0058414903694348,0.0102620776760341,0.00410483107041364,0,0,0,0,0,0,0,0,0,0.00836754025892011,0,0,0,0,0,0,0,0,0,0,0,0.00173665929902116,0,0,0,0.172087148721187,0.000315756236185665,0,0.00221029365329965,0.00110514682664983,0,0,0,0.00221029365329965,0,0,0.0348910640985159,0.00347331859804231,0,0.00805178402273445,0.018787496053047,0,0.00884117461319861,0,0,0,0,0,0.0156299336911904,0.00442058730659931,0.0048942216608778,0,0.000157878118092832,0.000157878118092832,0.00568361225134196,0,0,0.000315756236185665,0,0.000947268708556994,0,0.0048942216608778,0.000473634354278497,0.000157878118092832,0,0.000157878118092832,0,0.000157878118092832,0.00205241553520682,0,0,0.00173665929902116,0.00663088095989896,0.0557309756867698,0,0.0192611304073255,0,0,0,0,0,0,0,0,0.0258920113672245,0,0.0195768866435112,0,0.0149984212188191,0.0397852857593937,0,0,0.00110514682664983,0.0678875907799179,0,0.00599936848752763,0,0.0740448373855384,0,0.0173665929902116,0.0258920113672245,0.000157878118092832,0.000157878118092832,0.0110514682664983,0,0.0112093463845911,0,0.0119987369750553,0,0,0.0359962109251658,0.0598358067571835,0.00726239343227029,0.079096937164509,0.00726239343227029,0.0323650142090306,0.000947268708556994,0.000473634354278497,0.000315756236185665,0,0,0.000473634354278497,0,0.00899905273129144,0,0,0,0,0.000947268708556994,0,0,0.0435743605936217,0.0281023050205242,0,0,0.00678875907799179,0,0,0,0,0.000473634354278497,0,0,0,0.000157878118092832,0,0.0097884433217556,0.00142090306283549,0.0153141774550047,0.00963056520366277,0.0419955794126934,0,0.00520997789706347,0,0.00221029365329965,0.0135775181559836,0.00205241553520682,0,0.000473634354278497,0,0,0,0,0.00236817177139249,0.0113672245026839,0,0.000947268708556994,0,0.00142090306283549,0,0,0.00157878118092832,0.00363119671613514,0.000157878118092832,0,0,0.000315756236185665,0.00173665929902116,0,0.000157878118092832,0.00236817177139249,0,0.000315756236185665,0.000315756236185665,0,0.000631512472371329,0.00236817177139249,0.0053678560151563,0,0.00836754025892011,0,0.00457846542469214,0.00221029365329965,0,0.00363119671613514,0.00221029365329965,0.00315756236185665,0.00789390590464162,0,0,0.0107357120303126,0,0,0,0.00836754025892011,0,0,0,0.00552573413324913,0,0.000157878118092832,0.000157878118092832,0.000789390590464162,0.00173665929902116,0.00568361225134196,0.0634670034733186,0.00205241553520682,0.0385222608146511,0,0,0,0,0,0,0.00205241553520682,0.00647300284180613,0.000157878118092832,0.000157878118092832
"P51",0.000631512472371329,0,0.00157878118092832,0,0.00189453741711399,0.0165772023997474,0.00331544047994948,0.000947268708556994,0.0317335017366593,0,0.0097884433217556,0.019734764761604,0.00284180612567098,0,0.000789390590464162,0.00284180612567098,0,0.00142090306283549,0.000157878118092832,0.000157878118092832,0,0,0.0464161667192927,0,0.0318913798547521,0.00299968424376381,0.00678875907799179,0,0,0.00284180612567098,0.000947268708556994,0.0108935901484054,0.0140511525102621,0,0,0,0.00757814966845595,0.0590464161667193,0.0404167982317651,0,0,0.0491000947268709,0.0189453741711399,0,0.0198926428796969,0.0290495737290811,0,0.0176823492263972,0,0.0415219450584149,0,0,0,0,0.00110514682664983,0.0153141774550047,0.000157878118092832,0,0,0.00173665929902116,0.00315756236185665,0.000315756236185665,0.0101041995579413,0.0456267761288285,0.00710451531417746,0.0353646984527944,0.0230502052415535,0,0,0,0.0306283549100095,0,0,0.103883801705084,0,0.0604673192295548,0.0295232080833596,0.0153141774550047,0,0.00915693084938428,0.00284180612567098,0,0,0,0,0.000157878118092832,0.00189453741711399,0.00142090306283549,0,0.00157878118092832,0.00315756236185665,0,0.00773602778654878,0,0,0.00126302494474266,0.000315756236185665,0.000789390590464162,0.00126302494474266,0.00473634354278497,0,0.00252604988948532,0.00189453741711399,0.000315756236185665,0,0.023523839595832,0.00410483107041364,0,0,0.000157878118092832,0,0.00189453741711399,0.000631512472371329,0.00773602778654878,0,0.000631512472371329,0,0.00394695295232081,0,0.126460372592359,0.00173665929902116,0.00221029365329965,0.00884117461319861,0.00189453741711399,0,0,0,0,0.00805178402273445,0,0.00299968424376381,0.000157878118092832,0.00221029365329965,0.000315756236185665,0,0.000631512472371329,0,0,0,0,0,0,0,0.00221029365329965,0,0.00742027155036312,0,0.000631512472371329,0.00126302494474266,0.000473634354278497,0.000157878118092832,0.000315756236185665,0,0,0.00836754025892011,0.0202083991158825,0,0,0.000315756236185665,0.00347331859804231,0,0,0.0165772023997474,0.00236817177139249,0,0.00268392800757815,0.00236817177139249,0.00773602778654878,0,0.00236817177139249,0.000947268708556994,0.00126302494474266,0.00678875907799179,0,0.00236817177139249,0.00773602778654878,0,0.0126302494474266,0,0,0.00426270918850647,0.000157878118092832,0.00315756236185665,0.0475213135459425,0.0058414903694348,0.00473634354278497,0.000157878118092832,0.000315756236185665,0.000631512472371329,0.00189453741711399,0,0.00899905273129144,0,0.033943795389959,0,0,0.00110514682664983,0.00615724660562046,0,0.00126302494474266,0.0143669087464477,0.0048942216608778,0,0,0.00284180612567098,0.00442058730659931,0.0192611304073255,0.0173665929902116,0.0528891695610988,0.0396274076413009,0.00963056520366277,0.000631512472371329,0.000631512472371329,0.0108935901484054,0.000473634354278497,0.000157878118092832,0.000157878118092832,0.00142090306283549,0.0108935901484054,0.0423113356488791,0.0116829807388696,0.0363119671613514,0.0175244711083044,0.00110514682664983,0.0192611304073255,0.0048942216608778,0,0.047994947900221,0.023523839595832,0.000789390590464162,0,0.00773602778654878,0.000631512472371329,0.00221029365329965,0.00347331859804231,0.0132617619197979,0.00315756236185665,0.000473634354278497,0.00615724660562046,0,0.000631512472371329,0.00773602778654878,0,0,0.000315756236185665,0.000315756236185665,0.000157878118092832,0,0,0.000473634354278497,0,0.000789390590464162,0,0.000315756236185665,0,0.000631512472371329,0.000473634354278497,0.0200505209977897,0.00142090306283549,0,0
"P53",0.0105778339122198,0,0.00442058730659931,0.00410483107041364,0.0127881275655194,0.00110514682664983,0.00315756236185665,0.00442058730659931,0.00205241553520682,0.00457846542469214,0.00252604988948532,0.000157878118092832,0.00394695295232081,0.0265235238395958,0.00252604988948532,0.00757814966845595,0.00236817177139249,0.000157878118092832,0.000473634354278497,0.0437322387117146,0.0058414903694348,0.00157878118092832,0.00426270918850647,0.000157878118092832,0.000315756236185665,0.00473634354278497,0.00378907483422798,0.000473634354278497,0.000789390590464162,0.0048942216608778,0.00173665929902116,0.00426270918850647,0.00457846542469214,0.0279444269024313,0.000947268708556994,0.213924850015788,0.0464161667192927,0,0.0391537732870224,0,0.0486264603725924,0.0377328702241869,0.0239974739501105,0.166561414587938,0.000157878118092832,0.0217871802968109,0.000157878118092832,0,0,0.0377328702241869,0,0,0,0,0.000157878118092832,0.000315756236185665,0.000157878118092832,0,0.00726239343227029,0.000315756236185665,0.000631512472371329,0.000473634354278497,0,0,0.00868329649510578,0,0,0.000473634354278497,0.0115251026207768,0,0.0191032522892327,0,0,0.0535206820334702,0.0284180612567098,0.0115251026207768,0.0153141774550047,0,0.00236817177139249,0.00568361225134196,0.00173665929902116,0.000157878118092832,0.0170508367540259,0.00142090306283549,0.00615724660562046,0.00142090306283549,0.00173665929902116,0.00110514682664983,0.0048942216608778,0.00252604988948532,0.00110514682664983,0.00173665929902116,0.0124723713293338,0.0232080833596464,0.000157878118092832,0.00110514682664983,0.00394695295232081,0.000315756236185665,0.00394695295232081,0.00457846542469214,0.00805178402273445,0.00615724660562046,0,0.000157878118092832,0,0.00268392800757815,0.00221029365329965,0,0.00742027155036312,0.0322071360909378,0.000473634354278497,0,0,0.00205241553520682,0.000947268708556994,0.00157878118092832,0.000157878118092832,0,0.000315756236185665,0.0170508367540259,0.026365645721503,0.177770760972529,0.0478370697821282,0.00236817177139249,0.000157878118092832,0.000315756236185665,0.0718345437322387,0,0.00410483107041364,0.00473634354278497,0.0438901168298074,0.0380486264603726,0,0.000473634354278497,0.00110514682664983,0.0191032522892327,0.0124723713293338,0,0.000157878118092832,0.000157878118092832,0,0.000157878118092832,0.00473634354278497,0.000789390590464162,0.00426270918850647,0.00110514682664983,0.158193874329018,0.00142090306283549,0.0142090306283549,0,0.0186296179349542,0.0277865487843385,0.00410483107041364,0.00315756236185665,0.0131038838017051,0.00505209977897063,0.00299968424376381,0.0053678560151563,0.00678875907799179,0.00126302494474266,0.00221029365329965,0.000631512472371329,0.0153141774550047,0.00331544047994948,0.00173665929902116,0.0165772023997474,0.00268392800757815,0.00157878118092832,0,0.000947268708556994,0.00789390590464162,0.00142090306283549,0.000315756236185665,0.000947268708556994,0.000473634354278497,0.000947268708556994,0.00142090306283549,0.000473634354278497,0,0.00142090306283549,0.00126302494474266,0.00299968424376381,0,0.00110514682664983,0.000315756236185665,0,0.0104199557941269,0.00189453741711399,0.00205241553520682,0.00157878118092832,0.0192611304073255,0.0104199557941269,0,0.0143669087464477,0,0.000315756236185665,0.00205241553520682,0.0312598673823808,0.00931480896747711,0.00284180612567098,0,0.0129460056836123,0,0,0.00963056520366277,0.0252604988948532,0.0487843384906852,0,0,0,0.0127881275655194,0.000789390590464162,0.0143669087464477,0.0618882222923903,0.0208399115882539,0.00442058730659931,0.0107357120303126,0.00268392800757815,0.0191032522892327,0.052731291443006,0.0702557625513104,0.0407325544679507,0.00678875907799179,0.00852541837701295,0.00931480896747711,0.00284180612567098,0.00994632143984844,0.0053678560151563,0.0184717398168614,0.00931480896747711,0.0104199557941269,0.0184717398168614,0.00315756236185665,0.0107357120303126,0.00221029365329965,0.00110514682664983,0.00221029365329965,0.00694663719608462,0.00442058730659931,0.000789390590464162,0.000631512472371329,0.00868329649510578,0.00457846542469214,0,0.000157878118092832,0.000157878118092832,0.000315756236185665,0,0.0127881275655194,0.00189453741711399,0.00284180612567098,0.023523839595832,0.000157878118092832,0.0053678560151563,0.000631512472371329,0.000789390590464162,0.0173665929902116,0.000789390590464162,0,0.00126302494474266,0.000157878118092832
"P60",0.00284180612567098,0.0214714240606252,0.000631512472371329,0.00410483107041364,0.00363119671613514,0.138143353331228,0,0.00268392800757815,0.145721502999684,0,0,0,0,0,0.000157878118092832,0,0.0880959898958004,0.00126302494474266,0.214872118724345,0.169561098831702,0.0554152194505841,0.25749921060941,0,0.0179981054625829,0.00126302494474266,0,0.00142090306283549,0.11761919797916,0.19845279444269,0.000157878118092832,0.00110514682664983,0.000473634354278497,0.00189453741711399,0,0.0156299336911904,0,0,0,0.000631512472371329,0,0,0,0,0,0,0,0,0,0,0,0,0,0,0,0,0.00363119671613514,0,0,0,0,0.000473634354278497,0,0.00126302494474266,0,0.000315756236185665,0.000157878118092832,0.000315756236185665,0,0,0,0,0.0110514682664983,0,0,0,0,0,0.00599936848752763,0.0118408588569624,0,0.000157878118092832,0.00252604988948532,0.000157878118092832,0.000789390590464162,0,0.0760972529207452,0,0,0.00347331859804231,0,0,0,0,0,0,0.000157878118092832,0.000157878118092832,0,0,0.00315756236185665,0.00205241553520682,0.000315756236185665,0,0,0,0,0.000473634354278497,0,0.000315756236185665,0,0.00173665929902116,0.00142090306283549,0,0,0.00394695295232081,0,0.000631512472371329,0.000631512472371329,0.000947268708556994,0,0,0,0,0.024471108304389,0,0.000315756236185665,0,0,0.000157878118092832,0,0,0,0.00710451531417746,0.0186296179349542,0.000789390590464162,0.00426270918850647,0,0,0,0,0,0,0,0.0252604988948532,0.000947268708556994,0,0,0,0,0,0,0,0,0,0.000631512472371329,0,0,0,0,0,0.000157878118092832,0,0,0.00157878118092832,0,0,0.00205241553520682,0,0,0,0.000157878118092832,0,0,0.000473634354278497,0,0,0.00963056520366277,0,0,0,0,0.00157878118092832,0,0,0.000473634354278497,0,0,0.000157878118092832,0.000473634354278497,0,0,0,0,0,0.000157878118092832,0.000631512472371329,0,0.000631512472371329,0.000315756236185665,0.000789390590464162,0.00189453741711399,0.00221029365329965,0.00378907483422798,0,0.000473634354278497,0.000473634354278497,0.000157878118092832,0.00221029365329965,0.000789390590464162,0,0.000157878118092832,0.000157878118092832,0.00378907483422798,0.00899905273129144,0.0167350805178402,0.0331544047994948,0.0227344490053679,0.000947268708556994,0.000315756236185665,0.000789390590464162,0,0,0.000631512472371329,0.00284180612567098,0.000157878118092832,0.00236817177139249,0.0129460056836123,0.000473634354278497,0.00126302494474266,0.000789390590464162,0.0107357120303126,0.00189453741711399,0.000157878118092832,0.000947268708556994,0.00394695295232081,0.00236817177139249,0.000473634354278497,0,0.0053678560151563,0.198137038206505,0.0623618566466688,0.000947268708556994,0.00347331859804231,0,0.000473634354278497,0,0.00457846542469214,0.000631512472371329,0.0996210925165772,0,0.227344490053679,0.0107357120303126,0.202557625513104,0.212346068834859,0.000631512472371329,0,0.000157878118092832,0,0.000789390590464162,0,0
"P69",0.000157878118092832,0,0.0108935901484054,0,0.00299968424376381,0.00205241553520682,0,0.00142090306283549,0.00852541837701295,0.00663088095989896,0.00963056520366277,0.0238395958320177,0.0168929586359331,0,0.0126302494474266,0.000789390590464162,0.00284180612567098,0.0317335017366593,0.000947268708556994,0.00473634354278497,0.00678875907799179,0.000315756236185665,0,0.0159456899273761,0,0.00410483107041364,0.000631512472371329,0.0243132301862962,0.00505209977897063,0,0.0124723713293338,0.00552573413324913,0.00110514682664983,0.0123144932112409,0,0,0.0173665929902116,0,0.00315756236185665,0,0,0,0,0,0.00568361225134196,0,0,0.00426270918850647,0,0,0.00426270918850647,0,0,0,0.000473634354278497,0.00410483107041364,0,0.00710451531417746,0.00221029365329965,0,0,0.000789390590464162,0,0,0.00331544047994948,0,0,0,0,0,0.0126302494474266,0.000473634354278497,0,0.0192611304073255,0,0.00789390590464162,0,0,0,0.000631512472371329,0.000789390590464162,0.000157878118092832,0,0.00126302494474266,0,0.00568361225134196,0,0.00252604988948532,0.0243132301862962,0.000157878118092832,0,0,0.000315756236185665,0,0,0,0,0,0.000631512472371329,0,0.00378907483422798,0,0,0.000315756236185665,0.000315756236185665,0.000473634354278497,0.00157878118092832,0,0.00836754025892011,0.000315756236185665,0.000315756236185665,0.00363119671613514,0,0.000157878118092832,0,0,0,0.000789390590464162,0,0.00710451531417746,0.0124723713293338,0.00252604988948532,0.000947268708556994,0.00126302494474266,0,0,0.0195768866435112,0,0.000473634354278497,0.00205241553520682,0.00599936848752763,0.0131038838017051,0.00299968424376381,0.00110514682664983,0.0342595516261446,0.000315756236185665,0.0102620776760341,0,0,0,0.0134196400378907,0,0.00299968424376381,0.00552573413324913,0.00394695295232081,0.00852541837701295,0.00884117461319861,0.0175244711083044,0.00836754025892011,0.0131038838017051,0.000315756236185665,0.000947268708556994,0,0.000631512472371329,0.0116829807388696,0.00410483107041364,0.00347331859804231,0,0,0.0208399115882539,0,0.05462582886012,0,0.00442058730659931,0.000947268708556994,0.00520997789706347,0.0170508367540259,0.00552573413324913,0.00394695295232081,0.0048942216608778,0.00126302494474266,0.00142090306283549,0,0.000789390590464162,0.00126302494474266,0.00378907483422798,0,0,0.00836754025892011,0.000631512472371329,0.0179981054625829,0,0,0.000947268708556994,0,0.000157878118092832,0,0.000789390590464162,0.000473634354278497,0.00268392800757815,0,0.00126302494474266,0.000315756236185665,0,0,0.0126302494474266,0.0048942216608778,0.00647300284180613,0.000473634354278497,0.00268392800757815,0,0.00694663719608462,0,0,0.000631512472371329,0.000473634354278497,0,0,0,0,0.00142090306283549,0,0.00268392800757815,0.0159456899273761,0.000157878118092832,0.000789390590464162,0.00189453741711399,0.000315756236185665,0.00157878118092832,0.000473634354278497,0.00284180612567098,0.00299968424376381,0.0048942216608778,0,0.00473634354278497,0,0.000473634354278497,0,0.000947268708556994,0.00142090306283549,0.00394695295232081,0.000473634354278497,0.000789390590464162,0.00457846542469214,0.00347331859804231,0.00836754025892011,0.0129460056836123,0.000157878118092832,0,0.0123144932112409,0.00189453741711399,0.00426270918850647,0.000157878118092832,0,0,0,0.000473634354278497,0.000315756236185665,0.0112093463845911,0.00947268708556994,0.00236817177139249,0.00126302494474266,0.000157878118092832,0,0,0,0,0.00552573413324913,0.00473634354278497,0.00236817177139249,0.000789390590464162
"P100",0.000947268708556994,0,0,0,0.0427849700031576,0,0.000315756236185665,0.000157878118092832,0.000473634354278497,0,0.00520997789706347,0,0,0.00378907483422798,0.000473634354278497,0.00173665929902116,0,0.00110514682664983,0,0.000947268708556994,0.00394695295232081,0,0,0,0,0,0.0142090306283549,0,0,0.00915693084938428,0.000315756236185665,0.00315756236185665,0.00142090306283549,0,0,0,0,0,0,0,0,0,0,0,0,0,0.10309441111462,0,0.0140511525102621,0,0,0,0,0.00789390590464162,0,0.00252604988948532,0.0412061888222292,0.00268392800757815,0,0,0,0,0,0,0,0,0,0,0,0,0.0173665929902116,0,0,0.0153141774550047,0,0,0,0,0.00236817177139249,0,0,0.00868329649510578,0,0,0.0200505209977897,0.00126302494474266,0.0700978844332176,0,0,0.00789390590464162,0,0.00457846542469214,0.0118408588569624,0.0116829807388696,0,0.0104199557941269,0.021629302178718,0,0.0312598673823808,0,0.00299968424376381,0.0179981054625829,0,0,0,0.00142090306283549,0,0.00552573413324913,0,0,0,0.00221029365329965,0,0,0,0,0,0,0,0,0,0,0,0.000157878118092832,0,0,0,0,0,0.00505209977897063,0,0,0,0,0.000947268708556994,0.0107357120303126,0.0154720555730976,0.023523839595832,0,0,0,0,0.00615724660562046,0,0,0.000473634354278497,0,0.00473634354278497,0.000157878118092832,0,0.000315756236185665,0,0.00189453741711399,0.00236817177139249,0.00110514682664983,0,0.000789390590464162,0,0,0,0,0.000157878118092832,0,0.00394695295232081,0,0,0,0,0,0,0,0.00236817177139249,0.00157878118092832,0,0.000789390590464162,0.000947268708556994,0.0236817177139249,0,0,0,0.00931480896747711,0.00347331859804231,0.000789390590464162,0.00315756236185665,0.0102620776760341,0,0,0,0,0,0,0.00678875907799179,0.000157878118092832,0,0,0,0.000947268708556994,0.00110514682664983,0,0.00315756236185665,0,0,0.0249447426586675,0,0.00189453741711399,0.00221029365329965,0,0,0,0,0.0134196400378907,0.00126302494474266,0.00773602778654878,0.00363119671613514,0.00173665929902116,0,0.000157878118092832,0.000157878118092832,0.0108935901484054,0.000631512472371329,0,0.000157878118092832,0.00394695295232081,0.00378907483422798,0.00173665929902116,0.0053678560151563,0.00505209977897063,0.0251026207767603,0.0118408588569624,0.0524155352068203,0.059362172402905,0.112567098200189,0.190558888538049,0.0802020839911588,0,0.0580991474581623,0.113514366908746,0.0650457846542469,0.0446795074202715,0.000473634354278497,0,0.00915693084938428,0.0271550363119672,0.000315756236185665,0.000473634354278497,0,0,0,0,0,0,0,0,0,0,0,0,0.047047679191664,0,0.00110514682664983,0.000157878118092832
"P114",0.00126302494474266,0.0107357120303126,0.0110514682664983,0,0.151562993369119,0.0173665929902116,0.0820966214082728,0.00221029365329965,0.000631512472371329,0.0742027155036312,0.0601515629933691,0.0841490369434796,0.07246605620461,0.0108935901484054,0.0472055573097569,0.047047679191664,0.00394695295232081,0.0516261446163562,0.000789390590464162,0.566466687717082,0.0113672245026839,0.349857909693716,0,0.0153141774550047,0,0.313545942532365,0.417745500473634,0.00678875907799179,0.0143669087464477,0.0412061888222292,0.0827281338806441,0.266814019576887,0.000947268708556994,0.000157878118092832,0.150773602778655,0.000473634354278497,0.0165772023997474,0.0939374802652352,0.00726239343227029,0.0170508367540259,0.000157878118092832,0.0705715187874961,0,0.000157878118092832,0,0.000315756236185665,0.0353646984527944,0.0798863277549732,0.0645721502999684,0.0588885380486265,0.0345753078623303,0,0.0200505209977897,0.0625197347647616,0.000473634354278497,0.048942216608778,0.000473634354278497,0.0178402273444901,0.0167350805178402,0.000789390590464162,0.319861067256078,0.000157878118092832,0,0.000157878118092832,0.0355225765708873,0.0694663719608462,0.0426270918850647,0.227818124407957,0.000157878118092832,0.000315756236185665,0.0108935901484054,0,0,0.0243132301862962,0.000157878118092832,0.0142090306283549,0.000157878118092832,0.028260183138617,0.000157878118092832,0.460846226712978,0.505052099778971,0.000473634354278497,0.00189453741711399,0.000157878118092832,0,0.694347963372277,0.0506788759077992,0.000315756236185665,0.000315756236185665,0.00347331859804231,0.264445847805494,0.11761919797916,0.583675402589201,0,0.000315756236185665,0.000947268708556994,0.000631512472371329,0.843542784970003,0.000789390590464162,0.00110514682664983,0.0541521945058415,0.0705715187874961,0.000789390590464162,0.731765077360278,0.00110514682664983,0.000157878118092832,0.000789390590464162,0.000631512472371329,0.0396274076413009,0.00694663719608462,0.733185980423113,0.124723713293338,0,0,0.0102620776760341,0.0048942216608778,0.585885696242501,0.0969371645089991,0.5462582886012,0.021629302178718,0.00410483107041364,0.0161035680454689,0.00742027155036312,0.00252604988948532,0.000315756236185665,0.419482159772656,0.0333122829175876,0,0.264603725923587,0.0262077676034102,0.00742027155036312,0.000315756236185665,0.0920429428481213,0.48326491948216,0.0135775181559836,0.0617303441742974,0.0459425323650142,0.0110514682664983,0.184085885696243,0.15329965266814,0.0337859172718661,0.124407957057152,0.0284180612567098,0.0239974739501105,0.0262077676034102,0.0852541837701295,0.105146826649826,0.0506788759077992,0.0184717398168614,0.00410483107041364,0.0208399115882539,0.031101989264288,0.000473634354278497,0.0456267761288285,0.0399431638774866,0.000157878118092832,0.071518787496053,0.000315756236185665,0.00110514682664983,0.000157878118092832,0.00805178402273445,0.0666245658351752,0.000315756236185665,0.025418377012946,0.0850963056520366,0.0435743605936217,0.0350489422166088,0.0404167982317651,0.0850963056520366,0.025418377012946,0.0325228923271235,0.0227344490053679,0.00268392800757815,0.358541206188822,0.00315756236185665,0.0137353962740764,0.000157878118092832,0.0464161667192927,0.00505209977897063,0.0877802336596148,0.078149668455952,0.229712661825071,0.114935269971582,0.0494158509630565,0.00299968424376381,0,0.000315756236185665,0.00110514682664983,0,0.00473634354278497,0,0.024471108304389,0.000315756236185665,0.00126302494474266,0.00142090306283549,0.0227344490053679,0.207136090937796,0.234449005367856,0.0172087148721187,0.00505209977897063,0,0.0599936848752763,0,0.0058414903694348,0.00915693084938428,0.0145247868645406,0,0.116671929270603,0.0579412693400695,0.0247868645405747,0.021629302178718,0.000789390590464162,0.249289548468582,0.131038838017051,0.00157878118092832,0.00173665929902116,0.134354278497,0.244868961161983,0.00473634354278497,0.0148405431007262,0.0170508367540259,0.0149984212188191,0.134827912851279,0.00710451531417746,0.0955162614461636,0.121250394695295,0.00694663719608462,0.0209977897063467,0.0543100726239343,0.0153141774550047,0.0135775181559836,0.00173665929902116,0.00126302494474266,0.0156299336911904,0.0186296179349542,0.00331544047994948,0.00647300284180613,0.0236817177139249,0.00268392800757815,0.000631512472371329,0.00189453741711399,0.0446795074202715,0.0123144932112409,0.0620461004104831,0.00142090306283549,0,0.00110514682664983,0.00221029365329965,0.0457846542469214,0.0164193242816546,0.145405746763499,0.0396274076413009,0.300284180612567,0,0.0983580675718345,0.514051152510262,0.102620776760341,0.496684559520051,0.000789390590464162,0.28260183138617,0.0388380170508368
"P135",0.00173665929902116,0.000473634354278497,0.00836754025892011,0,0.0119987369750553,0.0514682664982633,0,0.000947268708556994,0.0318913798547521,0,0.00742027155036312,0,0.00710451531417746,0,0.0372592358699084,0.00110514682664983,0.0222608146510894,0.0284180612567098,0.00710451531417746,0.00126302494474266,0.0612567098200189,0.00142090306283549,0,0.00426270918850647,0,0.00868329649510578,0.0318913798547521,0,0.00994632143984844,0,0.0129460056836123,0.00173665929902116,0.00205241553520682,0.0573097568676981,0,0,0,0,0.00236817177139249,0.0251026207767603,0.0524155352068203,0,0.0170508367540259,0,0,0,0,0.000157878118092832,0,0.0266814019576887,0,0,0,0.0165772023997474,0,0.0361540890432586,0,0.00457846542469214,0.0192611304073255,0,0.0557309756867698,0.000157878118092832,0,0.000157878118092832,0.0153141774550047,0.0841490369434796,0.0682033470161036,0,0,0,0.0053678560151563,0,0,0,0,0,0,0.281812440795706,0.00742027155036312,0.00726239343227029,0,0.000947268708556994,0.00173665929902116,0.00268392800757815,0,0.00599936848752763,0,0,0.0184717398168614,0,0.00268392800757815,0,0.000473634354278497,0,0,0.000315756236185665,0.000315756236185665,0.000473634354278497,0,0,0.00410483107041364,0,0,0.000947268708556994,0.000473634354278497,0,0,0.000157878118092832,0.0110514682664983,0.00678875907799179,0.00899905273129144,0.00836754025892011,0.00552573413324913,0.00994632143984844,0.049889485317335,0.00394695295232081,0.00663088095989896,0.0293653299652668,0.00678875907799179,0.00110514682664983,0.00284180612567098,0,0,0.00284180612567098,0.000157878118092832,0.00110514682664983,0.000947268708556994,0,0.025418377012946,0,0.00331544047994948,0,0.0140511525102621,0.00599936848752763,0.0456267761288285,0.00284180612567098,0.0140511525102621,0,0.00836754025892011,0,0.0181559835806757,0.00963056520366277,0,0.00157878118092832,0.00757814966845595,0.0129460056836123,0,0.0104199557941269,0.00126302494474266,0.00221029365329965,0.00142090306283549,0.0110514682664983,0.00378907483422798,0.00757814966845595,0.0277865487843385,0.00189453741711399,0.00710451531417746,0.00126302494474266,0.00284180612567098,0.02731291443006,0.00347331859804231,0.0113672245026839,0.00805178402273445,0.0435743605936217,0.00442058730659931,0.0140511525102621,0.0475213135459425,0.0754657404483739,0.000157878118092832,0.0228923271234607,0.0205241553520682,0.00868329649510578,0.0438901168298074,0.17556046731923,0.0233659614777392,0.0841490369434796,0,0.0640985159456899,0.0143669087464477,0.00268392800757815,0.00694663719608462,0.00647300284180613,0.0258920113672245,0.0134196400378907,0,0,0,0.000315756236185665,0.00142090306283549,0,0,0.00394695295232081,0.000157878118092832,0,0.00205241553520682,0.00268392800757815,0.00347331859804231,0.00363119671613514,0.000315756236185665,0,0,0.00268392800757815,0,0,0.000631512472371329,0,0.0142090306283549,0.0462582886011999,0.0869908430691506,0.0487843384906852,0.00868329649510578,0,0,0.0101041995579413,0.00410483107041364,0.00126302494474266,0.00189453741711399,0.000315756236185665,0.00394695295232081,0.0156299336911904,0.0227344490053679,0.00142090306283549,0.0131038838017051,0.000157878118092832,0.00126302494474266,0.0108935901484054,0.000947268708556994,0.00189453741711399,0.00221029365329965,0.00236817177139249,0.0189453741711399,0.00884117461319861,0.00299968424376381,0.00252604988948532,0.00726239343227029,0.00473634354278497,0.0145247868645406,0.00442058730659931,0.000789390590464162,0.0484685822544995,0.00757814966845595,0.0127881275655194,0.00110514682664983,0.000473634354278497,0.000157878118092832,0,0.000473634354278497,0.000157878118092832,0.0123144932112409,0.00205241553520682,0.00773602778654878,0.000789390590464162,0.00410483107041364,0.00236817177139249,0.00299968424376381,0.00126302494474266,0.00110514682664983,0.00631512472371329,0.00284180612567098,0.000315756236185665,0.000473634354278497
"P271",0,0,0,0.00205241553520682,0,0.000157878118092832,0,0.000789390590464162,0.00742027155036312,0,0,0,0.000157878118092832,0,0.000473634354278497,0.000315756236185665,0.00789390590464162,0.00110514682664983,0.00378907483422798,0,0.00315756236185665,0.00205241553520682,0,0,0,0.000157878118092832,0.000631512472371329,0.00552573413324913,0,0,0.00110514682664983,0.000315756236185665,0.000157878118092832,0.0279444269024313,0,0,0,0,0.000789390590464162,0.000157878118092832,0.000473634354278497,0.0279444269024313,0,0,0,0,0,0.0625197347647616,0.02731291443006,0,0,0,0,0,0,0.00173665929902116,0,0,0.000315756236185665,0.000631512472371329,0.000157878118092832,0.00110514682664983,0,0,0.000473634354278497,0.00694663719608462,0.00299968424376381,0,0,0,0.00299968424376381,0,0,0.0115251026207768,0,0.00410483107041364,0,0.000473634354278497,0,0.00963056520366277,0.000789390590464162,0,0,0.000157878118092832,0,0.000315756236185665,0,0.000789390590464162,0.000315756236185665,0.000631512472371329,0.000315756236185665,0,0,0,0,0.000473634354278497,0.00221029365329965,0,0,0,0,0.00142090306283549,0.00126302494474266,0.000315756236185665,0.000315756236185665,0.000631512472371329,0.00363119671613514,0,0,0.00126302494474266,0.000631512472371329,0.000473634354278497,0.00110514682664983,0,0.0203662772339754,0.000947268708556994,0.000473634354278497,0.000157878118092832,0.00173665929902116,0,0,0,0,0.000473634354278497,0,0,0.0053678560151563,0,0,0,0.00157878118092832,0.00173665929902116,0.00189453741711399,0,0.00820966214082728,0,0.000157878118092832,0.00331544047994948,0,0,0.000157878118092832,0,0,0.00110514682664983,0,0,0,0,0.000947268708556994,0,0.000157878118092832,0.000631512472371329,0,0.000315756236185665,0.00299968424376381,0,0.000157878118092832,0,0.000157878118092832,0.0173665929902116,0.00205241553520682,0.00299968424376381,0.000157878118092832,0.00268392800757815,0,0.00173665929902116,0.00205241553520682,0.000473634354278497,0,0.00173665929902116,0.00299968424376381,0.00110514682664983,0,0.000157878118092832,0.00205241553520682,0.00442058730659931,0,0.000315756236185665,0.0108935901484054,0,0.00299968424376381,0.00173665929902116,0.000157878118092832,0.000157878118092832,0.000789390590464162,0,0,0.000157878118092832,0,0.000947268708556994,0,0.000947268708556994,0,0,0,0.000157878118092832,0.000157878118092832,0.0058414903694348,0.000473634354278497,0.000157878118092832,0,0.000631512472371329,0,0,0,0.000157878118092832,0.0175244711083044,0,0.00189453741711399,0.00347331859804231,0.00268392800757815,0,0,0.00142090306283549,0.000157878118092832,0.000315756236185665,0.000631512472371329,0,0.000157878118092832,0.00252604988948532,0.000789390590464162,0.00394695295232081,0.00173665929902116,0,0.00347331859804231,0.00647300284180613,0,0,0.00126302494474266,0,0.000157878118092832,0.000157878118092832,0,0.000157878118092832,0,0,0.000157878118092832,0.00236817177139249,0,0.00410483107041364,0.00110514682664983,0.000157878118092832,0,0.000157878118092832,0.000315756236185665,0.000789390590464162,0,0.00189453741711399,0,0.000315756236185665,0.000157878118092832,0.000473634354278497,0.000157878118092832,0.000947268708556994,0.000473634354278497,0,0.000947268708556994,0,0,0.000473634354278497,0.000157878118092832
"P315",0,0,0,0,0,0.000473634354278497,0,0.000157878118092832,0.000157878118092832,0,0,0,0.000157878118092832,0,0.000157878118092832,0.000157878118092832,0,0,0.000315756236185665,0,0,0,0,0,0,0,0,0.000157878118092832,0,0,0,0,0.000157878118092832,0,0,0,0.000157878118092832,0,0,0,0,0,0,0,0.000315756236185665,0.000157878118092832,0,0.000157878118092832,0,0.000157878118092832,0.000157878118092832,0,0,0,0,0,0,0,0,0,0,0,0,0,0,0,0,0,0,0,0.00363119671613514,0,0.000315756236185665,0.000315756236185665,0,0.000157878118092832,0,0.000631512472371329,0,0,0,0,0,0,0,0.000157878118092832,0,0.000157878118092832,0,0,0.000157878118092832,0.000157878118092832,0,0,0,0,0.000157878118092832,0,0,0,0,0.000157878118092832,0,0,0,0.000315756236185665,0,0,0,0.000631512472371329,0.00252604988948532,0,0,0,0,0.000157878118092832,0,0,0,0.000157878118092832,0,0.000789390590464162,0,0,0,0,0.00568361225134196,0,0,0,0,0,0,0,0,0,0.000315756236185665,0.000157878118092832,0,0,0.000157878118092832,0,0.000157878118092832,0,0,0,0.000473634354278497,0,0,0,0,0.000157878118092832,0.000157878118092832,0,0,0.000947268708556994,0.000157878118092832,0,0.000473634354278497,0,0,0,0,0,0,0.000473634354278497,0.000315756236185665,0.000473634354278497,0,0.000315756236185665,0.000315756236185665,0,0.000157878118092832,0,0.000631512472371329,0,0.000315756236185665,0.000947268708556994,0,0,0.000157878118092832,0,0.000157878118092832,0,0.000157878118092832,0.000157878118092832,0,0.000473634354278497,0,0,0,0,0,0,0,0,0,0.000157878118092832,0.00142090306283549,0,0,0,0,0,0.000157878118092832,0,0.000157878118092832,0.000157878118092832,0.000473634354278497,0.000157878118092832,0,0,0.000315756236185665,0.000473634354278497,0,0,0,0,0,0.000157878118092832,0,0,0,0,0,0,0.000157878118092832,0,0,0.000157878118092832,0.000631512472371329,0,0,0,0.000315756236185665,0.000315756236185665,0.000157878118092832,0,0.00110514682664983,0,0.000157878118092832,0.000157878118092832,0,0,0,0,0.000157878118092832,0,0,0.000157878118092832,0,0.000315756236185665,0,0,0,0,0,0.00663088095989896,0,0,0.00505209977897063
"P678",0,0,0,0,0,0.000473634354278497,0,0,0.000947268708556994,0,0,0,0,0,0,0,0,0,0.000157878118092832,0,0.000473634354278497,0,0,0,0,0,0,0.000473634354278497,0,0,0,0,0.000157878118092832,0.00820966214082728,0,0,0,0.000789390590464162,0.000157878118092832,0,0,0,0.000473634354278497,0,0,0,0.000157878118092832,0,0,0,0.00205241553520682,0,0,0,0,0,0.00457846542469214,0,0,0,0,0,0,0,0,0,0,0,0,0,0,0,0,0,0,0,0,0,0,0,0,0,0.000157878118092832,0,0,0,0.000473634354278497,0,0,0,0,0.00947268708556994,0.000315756236185665,0,0,0,0,0,0,0,0,0.00126302494474266,0,0,0,0,0,0,0,0,0,0,0.000157878118092832,0,0,0,0,0,0,0,0,0,0,0,0,0,0,0,0,0,0,0,0,0,0,0,0,0,0,0,0,0,0,0,0,0,0,0,0,0,0,0.000157878118092832,0,0,0,0.00142090306283549,0,0,0,0.000473634354278497,0,0,0,0,0,0,0,0.000157878118092832,0,0,0,0,0,0,0,0,0,0.00520997789706347,0,0,0,0,0,0,0,0,0,0,0,0,0.00284180612567098,0.000157878118092832,0,0,0,0,0,0.000315756236185665,0,0,0,0,0,0,0,0,0.00126302494474266,0,0,0,0.000473634354278497,0,0,0,0,0,0,0,0,0,0,0,0.00110514682664983,0,0,0,0,0,0,0,0.000315756236185665,0,0,0,0,0,0,0,0,0,0.000157878118092832,0,0,0,0,0,0,0,0,0,0,0,0,0,0,0,0,0,0,0,0
"P1004",0,0,0.00157878118092832,0,0,0.00189453741711399,0,0,0,0,0.000315756236185665,0,0,0,0,0.000157878118092832,0,0.000157878118092832,0,0,0,0,0,0,0,0.000157878118092832,0.000315756236185665,0,0,0,0,0,0,0.0126302494474266,0,0,0,0,0,0,0,0,0.0058414903694348,0,0,0,0,0,0,0,0.0115251026207768,0,0,0,0,0,0,0,0,0,0,0,0,0,0,0,0,0,0,0,0,0,0,0,0,0,0,0,0,0,0.000157878118092832,0.179665298389643,0,0,0,0,0,0,0,0,0.00110514682664983,0.0364698452794443,0.00189453741711399,0,0,0.00126302494474266,0,0,0,0,0,0,0,0,0,0,0,0.0154720555730976,0,0,0,0,0,0,0.00268392800757815,0,0.000157878118092832,0,0,0,0,0,0,0,0,0,0,0,0,0,0,0,0,0.000631512472371329,0,0,0,0,0,0,0,0,0,0,0,0,0,0,0.000473634354278497,0,0.000315756236185665,0,0,0,0,0,0,0,0,0,0,0,0,0.000631512472371329,0,0,0,0,0,0,0,0,0,0,0,0,0,0,0,0,0,0,0,0,0,0,0,0,0.000473634354278497,0,0,0,0,0.00678875907799179,0.00189453741711399,0,0,0.000631512472371329,0.000631512472371329,0.000315756236185665,0.0367856015156299,0,0,0,0,0.00142090306283549,0.00205241553520682,0,0,0,0.000157878118092832,0,0.000157878118092832,0.0053678560151563,0,0,0,0,0.0135775181559836,0,0,0.00205241553520682,0,0,0.00173665929902116,0,0.000473634354278497,0,0,0.00221029365329965,0,0,0,0,0.00473634354278497,0,0,0,0.00252604988948532,0,0,0,0,0,0.000947268708556994,0,0,0,0,0,0,0,0.000315756236185665,0,0,0,0,0,0.152983896431955,0,0.000315756236185665
"P1012",0,0.000157878118092832,0,0.00110514682664983,0,0,0,0.000473634354278497,0.00315756236185665,0,0,0,0.00173665929902116,0,0,0,0,0.000157878118092832,0.00189453741711399,0,0.000157878118092832,0.000315756236185665,0.000631512472371329,0.000315756236185665,0,0,0.000157878118092832,0,0,0,0,0,0,0.0438901168298074,0.00615724660562046,0,0,0,0.00347331859804231,0,0,0,0,0,0,0,0.0549415850963057,0,0,0,0,0.0789390590464162,0,0,0,0.00126302494474266,0,0,0.00473634354278497,0,0,0,0,0,0,0,0.00221029365329965,0,0,0,0,0,0,0.0189453741711399,0,0,0,0,0,0,0,0.00189453741711399,0,0,0,0.000631512472371329,0,0,0,0,0,0,0,0,0,0,0,0,0.000157878118092832,0,0.00363119671613514,0.00110514682664983,0,0,0,0,0,0,0,0,0.000157878118092832,0.00157878118092832,0.000473634354278497,0,0.00442058730659931,0.00457846542469214,0,0.00126302494474266,0.000789390590464162,0,0,0,0,0,0,0.000473634354278497,0.000157878118092832,0,0,0,0,0.000157878118092832,0,0.000315756236185665,0.000315756236185665,0,0,0,0,0,0,0,0,0.00347331859804231,0.00331544047994948,0,0,0,0,0,0,0,0.00110514682664983,0.000947268708556994,0.000157878118092832,0,0,0.00189453741711399,0.000473634354278497,0.0192611304073255,0.000315756236185665,0,0.00505209977897063,0.00331544047994948,0.00189453741711399,0,0,0,0,0.000789390590464162,0.000157878118092832,0.00173665929902116,0,0,0,0.00268392800757815,0.000157878118092832,0,0,0,0,0,0,0.00221029365329965,0,0,0,0,0.000315756236185665,0,0,0.00142090306283549,0,0,0,0,0.000157878118092832,0,0.000157878118092832,0,0,0,0,0,0,0.000947268708556994,0.00299968424376381,0,0,0.00221029365329965,0.00142090306283549,0,0,0.000315756236185665,0.000157878118092832,0.000315756236185665,0,0,0.000947268708556994,0.00284180612567098,0.000157878118092832,0.00189453741711399,0.00157878118092832,0,0.000157878118092832,0.00299968424376381,0.000315756236185665,0.00221029365329965,0.00189453741711399,0,0.00142090306283549,0,0,0,0.00457846542469214,0,0,0.0183138616987686,0.000157878118092832,0,0.000473634354278497,0.000157878118092832,0,0.000473634354278497,0,0,0,0,0,0,0,0,0.000315756236185665,0.00157878118092832,0.000947268708556994,0.0246289864224818,0,0,0.00347331859804231,0.000157878118092832,0
"P1113",0.196558257025576,0.165456267761288,0,0.204294284812125,0.000157878118092832,0,0,0.000473634354278497,0.000631512472371329,0.00394695295232081,0.00457846542469214,0.0415219450584149,0.00126302494474266,0,0.00110514682664983,0.000157878118092832,0.0509946321439848,0,0.00442058730659931,0.0142090306283549,0.00505209977897063,0.000473634354278497,0,0,0,0.000157878118092832,0,0.00631512472371329,0.000947268708556994,0,0.000157878118092832,0,0,0,0,0,0,0,0,0,0.000157878118092832,0,0,0.0418377012946006,0,0,0,0,0,0,0.000157878118092832,0.000157878118092832,0,0,0,0.00236817177139249,0.000157878118092832,0.00805178402273445,0.0794126934006947,0,0,0,0,0,0,0,0,0,0.0176823492263972,0,0,0,0,0,0.146510893590148,0,0,0,0,0,0,0.00347331859804231,0.351120934638459,0.0595200505209978,0,0,0,0,0,0,0,0,0.000157878118092832,0,0,0,0,0,0,0,0,0,0.000157878118092832,0,0,0,0,0,0,0.00315756236185665,0,0.109725292074518,0,0.222923902747079,0.0183138616987686,0.319229554783707,0,0.201610356804547,0,0,0.00473634354278497,0.00915693084938428,0.00252604988948532,0,0,0.171297758130723,0,0,0.422481844016419,0,0.00315756236185665,0,0,0.0910956741395643,0.00347331859804231,0,0,0,0.00852541837701295,0,0,0,0,0.00884117461319861,0.124092200820966,0,0,0,0.214872118724345,0.213135459425324,0.460056836122513,0.230817808651721,0,0.110672560783075,0.00236817177139249,0.23744868961162,0.00126302494474266,0.0205241553520682,0.231922955478371,0.102462898642248,0.189295863593306,0,0,0.0191032522892327,0.218661193558573,0.0410483107041364,0.00931480896747711,0.0170508367540259,0,0.0989895800442059,0.00410483107041364,0.0252604988948532,0.000631512472371329,0,0.00157878118092832,0.00678875907799179,0,0.000157878118092832,0.000473634354278497,0,0,0.00363119671613514,0.00473634354278497,0,0,0,0,0,0.269971581938743,0.000157878118092832,0.0213135459425324,0,0.0132617619197979,0,0.246763498579097,0,0,0,0.00126302494474266,0.000315756236185665,0,0,0,0,0,0,0,0,0.000157878118092832,0,0,0,0,0,0.320334701610357,0.395800442058731,0.000947268708556994,0,0.000157878118092832,0.00394695295232081,0,0,0,0,0,0.0131038838017051,0,0,0,0,0.00331544047994948,0.00520997789706347,0.000947268708556994,0.000631512472371329,0.000789390590464162,0,0,0.0307862330281023,0.000157878118092832,0.0764130091569308,0.202557625513104,0,0,0.197663403852226,0.00757814966845595,0,0,0,0.0890432586043574,0,0.177928639090622,0,0.294916324597411,0.020682033470161,0.281180928323334,0.0131038838017051,0.0149984212188191,0,0.0863593305967793,0,0
"P1276",0,0.737922323965898,0,0,0,0,0.000473634354278497,0.000631512472371329,0,0,0.00126302494474266,0,0,0,0.000473634354278497,0,0,0.000947268708556994,0,0,0,0.000157878118092832,0,0,0,0.000157878118092832,0,0,0,0,0,0.000157878118092832,0,0,0,0,0,0,0,0,0,0,0,0,0,0,0,0,0,0,0.0140511525102621,0,0,0.0165772023997474,0,0.0296810862014525,0,0,0,0,0,0,0,0,0.00157878118092832,0.0239974739501105,0.0402589201136722,0,0,0,0,0,0,0,0,0,0,0.0457846542469214,0,0,0,0.000473634354278497,0,0,0,0.000315756236185665,0,0,0,0,0.000157878118092832,0,0,0,0,0,0,0,0,0,0.000157878118092832,0,0,0,0,0,0,0,0,0,0,0.000631512472371329,0,0,0,0,0.000631512472371329,0.020682033470161,0.00173665929902116,0.0108935901484054,0,0,0.000473634354278497,0,0,0.00568361225134196,0.00363119671613514,0,0.0563624881591411,0,0.00126302494474266,0,0.0200505209977897,0.00615724660562046,0,0.00631512472371329,0,0,0,0,0,0,0,0.00820966214082728,0.0124723713293338,0.000631512472371329,0.000157878118092832,0.000473634354278497,0.000789390590464162,0,0,0,0,0,0,0,0,0,0,0,0,0,0,0.00299968424376381,0,0.00994632143984844,0.00773602778654878,0,0,0,0,0,0,0.296810862014525,0,0,0,0,0,0.00599936848752763,0,0.00520997789706347,0.0048942216608778,0.00221029365329965,0,0.00205241553520682,0,0,0,0,0,0,0,0,0.000473634354278497,0.000157878118092832,0,0,0,0,0,0,0,0,0.0097884433217556,0.00110514682664983,0,0.00694663719608462,0.0228923271234607,0.0416798231765077,0,0,0,0,0,0,0.000789390590464162,0,0.00473634354278497,0,0.00126302494474266,0.000473634354278497,0,0,0,0,0.00173665929902116,0.00299968424376381,0,0.00473634354278497,0,0,0.000947268708556994,0.00520997789706347,0.0468898010735712,0,0,0.00142090306283549,0,0,0,0.000947268708556994,0.000947268708556994,0,0,0,0,0,0,0,0.0110514682664983,0,0.00394695295232081,0,0.000315756236185665,0.0179981054625829,0,0.00442058730659931,0,0.00252604988948532,0.00394695295232081
"P1419",0,0,0,0,0,0,0,0,0,0,0,0,0,0,0,0,0,0,0,0,0,0,0,0,0,0,0.000157878118092832,0,0,0,0,0,0,0,0,0,0,0,0,0,0,0,0,0,0,0,0,0,0,0,0,0,0,0,0,0,0,0,0,0,0,0,0,0,0,0,0,0,0,0,0,0,0,0,0,0,0,0,0,0,0,0,0,0,0,0,0,0,0,0,0,0,0,0,0,0,0,0,0,0,0,0,0,0,0,0,0.00126302494474266,0,0,0,0.00189453741711399,0,0,0,0,0,0,0,0,0,0,0,0,0,0,0,0,0,0,0,0.000157878118092832,0,0,0,0,0,0,0,0,0,0,0,0,0.000947268708556994,0,0,0,0,0,0,0,0,0,0,0,0,0,0,0,0,0,0,0,0,0,0,0,0,0,0,0,0,0,0,0,0,0,0,0,0,0,0,0,0,0,0,0,0,0,0,0,0,0,0,0,0,0,0,0,0,0,0,0,0,0,0,0,0,0,0,0,0,0,0,0,0,0,0,0,0,0,0,0,0,0,0,0,0,0,0,0,0,0,0,0,0,0,0,0,0,0,0,0,0,0,0,0,0,0,0.000631512472371329,0.000473634354278497,0,0,0,0,0,0,0,0,0.000157878118092832,0
"P1762",0,0,0.00189453741711399,0,0,0.000157878118092832,0,0,0.00157878118092832,0,0.00126302494474266,0,0,0,0.00126302494474266,0.000631512472371329,0.000789390590464162,0.00252604988948532,0,0,0,0.000157878118092832,0,0.000157878118092832,0,0.00173665929902116,0.00347331859804231,0,0,0,0,0.0053678560151563,0,0,0,0,0,0,0,0,0,0.000157878118092832,0,0,0,0.0143669087464477,0.000157878118092832,0,0.00426270918850647,0,0,0,0,0,0,0,0,0,0.0189453741711399,0,0,0.000315756236185665,0,0,0.0478370697821282,0,0,0,0,0,0.00205241553520682,0.0219450584149037,0,0.000631512472371329,0,0,0,0,0,0.00347331859804231,0.00347331859804231,0.000315756236185665,0,0,0,0.100252604988949,0,0.000315756236185665,0.000947268708556994,0,0.000947268708556994,0,0,0,0,0,0,0,0.000473634354278497,0,0,0,0,0.000157878118092832,0,0,0.00189453741711399,0,0.0325228923271235,0,0.0596779286390906,0,0,0,0.00410483107041364,0,0.0413640669403221,0.00268392800757815,0.193084938427534,0.00915693084938428,0.000789390590464162,0.0108935901484054,0.0142090306283549,0.000789390590464162,0,0.0257341332491317,0.0116829807388696,0,0.00678875907799179,0.000315756236185665,0.0241553520682033,0,0.000157878118092832,0.000473634354278497,0.000315756236185665,0.00268392800757815,0.000315756236185665,0,0,0,0,0,0.000157878118092832,0.00173665929902116,0,0.000631512472371329,0.0131038838017051,0.000157878118092832,0.00647300284180613,0,0,0,0,0.000157878118092832,0.00599936848752763,0,0.0287338174928955,0,0,0.000473634354278497,0,0.000473634354278497,0.000157878118092832,0.00110514682664983,0,0.00221029365329965,0.00236817177139249,0.00173665929902116,0.00284180612567098,0.000789390590464162,0,0,0,0,0.00189453741711399,0.0331544047994948,0.0358383328070729,0,0.000157878118092832,0.000315756236185665,0.000157878118092832,0.00126302494474266,0,0,0,0,0.0053678560151563,0.000473634354278497,0,0.00331544047994948,0,0,0.000473634354278497,0,0,0.0405746763498579,0.0699400063151247,0.000315756236185665,0.0609409535838333,0,0,0.00236817177139249,0,0,0,0.00189453741711399,0,0,0.000473634354278497,0,0.000157878118092832,0,0,0.00347331859804231,0.000473634354278497,0,0.00236817177139249,0,0,0.000157878118092832,0,0.000789390590464162,0,0.00110514682664983,0,0.00994632143984844,0.00805178402273445,0,0,0.000631512472371329,0,0.000315756236185665,0,0.00363119671613514,0.00284180612567098,0.00110514682664983,0,0.000157878118092832,0.00110514682664983,0.000315756236185665,0.000789390590464162,0.00331544047994948,0.00173665929902116,0.075307862330281,0,0,0,0.00236817177139249,0.00299968424376381,0.000947268708556994,0.000473634354278497,0.0222608146510894,0.000473634354278497,0.000157878118092832,0.000157878118092832,0.000157878118092832,0,0.00726239343227029,0,0.0659930533628039,0.00647300284180613
"P1784",0,0,0,0,0,0,0,0,0,0,0,0,0,0,0,0,0,0,0,0,0,0,0,0,0,0,0.000631512472371329,0,0,0,0,0,0,0,0.0116829807388696,0,0,0,0,0,0,0,0,0,0,0,0,0,0,0,0,0,0,0,0,0,0,0,0,0,0.0113672245026839,0,0,0,0,0,0,0,0,0,0,0,0,0,0,0,0,0,0,0,0,0,0,0,0,0,0,0,0,0,0,0,0,0,0,0,0,0,0,0,0,0,0,0,0,0,0,0,0,0,0,0.000789390590464162,0.00173665929902116,0.000947268708556994,0,0,0,0,0,0,0,0,0,0,0,0,0,0,0,0,0,0,0,0,0,0,0,0,0,0,0,0,0,0,0,0,0,0,0,0,0,0,0,0,0,0,0,0,0,0,0,0,0,0,0,0,0,0,0,0,0,0,0,0,0,0,0,0,0,0,0,0,0,0,0,0,0,0,0,0,0,0.00884117461319861,0,0,0,0,0,0,0,0,0,0,0,0,0,0,0,0,0,0,0.0126302494474266,0,0,0,0,0,0,0,0,0,0,0,0,0,0,0,0,0,0,0,0,0,0,0,0,0,0,0,0,0,0,0,0,0,0,0,0,0,0,0,0,0,0,0,0.000157878118092832,0.0161035680454689,0,0,0,0,0
"P1795",0.000157878118092832,0,0,0,0,0,0.000157878118092832,0,0,0,0.00742027155036312,0.0181559835806757,0.00363119671613514,0.000157878118092832,0,0.000157878118092832,0,0.00189453741711399,0,0.000315756236185665,0,0.000315756236185665,0,0,0,0,0,0.000157878118092832,0.000157878118092832,0.00505209977897063,0.00426270918850647,0.00505209977897063,0,0,0.000315756236185665,0,0.000631512472371329,0.000157878118092832,0.000157878118092832,0,0.000157878118092832,0.000157878118092832,0,0,0,0,0,0,0,0,0,0,0,0.000315756236185665,0.000473634354278497,0,0,0,0,0.00142090306283549,0.000157878118092832,0.000473634354278497,0,0.000157878118092832,0.00221029365329965,0,0,0,0.000157878118092832,0.000315756236185665,0.000157878118092832,0,0,0.000157878118092832,0,0.000157878118092832,0,0,0,0,0.000157878118092832,0,0,0,0.000315756236185665,0.000157878118092832,0,0.00157878118092832,0,0.00268392800757815,0,0,0,0.000157878118092832,0.000947268708556994,0.000157878118092832,0.000631512472371329,0.000157878118092832,0.00268392800757815,0.000789390590464162,0,0.000157878118092832,0.000789390590464162,0.000157878118092832,0,0.000789390590464162,0.000315756236185665,0.00110514682664983,0,0,0.000157878118092832,0,0,0.000315756236185665,0,0,0.000157878118092832,0,0.000157878118092832,0.000157878118092832,0,0.000473634354278497,0.000473634354278497,0,0.000157878118092832,0,0.000157878118092832,0,0.000157878118092832,0.000157878118092832,0.000315756236185665,0,0,0.000315756236185665,0,0,0.000157878118092832,0.000315756236185665,0,0,0.000157878118092832,0.000157878118092832,0,0,0,0.000157878118092832,0.000157878118092832,0.00221029365329965,0.000631512472371329,0,0.000157878118092832,0,0,0,0,0,0,0,0,0,0,0.000315756236185665,0,0,0,0.000157878118092832,0.00394695295232081,0,0,0,0,0,0,0.000157878118092832,0,0,0,0,0.00126302494474266,0.000157878118092832,0.00426270918850647,0,0,0,0.000473634354278497,0,0.000947268708556994,0.000157878118092832,0,0.000315756236185665,0,0.000315756236185665,0.000157878118092832,0.000473634354278497,0,0,0.000157878118092832,0,0.00994632143984844,0.000157878118092832,0.000631512472371329,0,0.000315756236185665,0.000315756236185665,0,0.00142090306283549,0,0,0,0,0.000789390590464162,0.000631512472371329,0.000947268708556994,0,0,0,0,0,0.0209977897063467,0,0.000157878118092832,0,0,0,0,0.000157878118092832,0.000315756236185665,0,0.000157878118092832,0,0.000631512472371329,0,0,0.000315756236185665,0,0.000315756236185665,0,0,0.000473634354278497,0,0,0.0121566150931481,0.000631512472371329,0.000631512472371329,0.000157878118092832,0.000473634354278497,0.000315756236185665,0.000315756236185665,0,0.000315756236185665,0,0.000631512472371329,0,0,0,0,0.000315756236185665,0,0,0.000157878118092832,0.000315756236185665
"P1799",0,0,0.00647300284180613,0,0,0,0,0,0,0.00126302494474266,0.00852541837701295,0.0382065045784654,0.00457846542469214,0,0.00126302494474266,0,0,0.00994632143984844,0,0,0,0,0,0,0,0,0,0,0,0,0.00899905273129144,0.00189453741711399,0,0,0.00442058730659931,0,0.00442058730659931,0.0105778339122198,0.00757814966845595,0,0,0,0,0,0,0,0,0,0,0,0,0,0,0,0.000789390590464162,0.00221029365329965,0,0.00363119671613514,0.00442058730659931,0,0,0,0,0,0.00126302494474266,0,0,0,0,0,0,0,0,0,0,0,0,0.00426270918850647,0,0,0.000157878118092832,0.00110514682664983,0,0,0,0,0,0.000947268708556994,0,0,0,0,0,0,0,0,0,0,0.000631512472371329,0.000789390590464162,0.00142090306283549,0,0,0,0.000157878118092832,0,0.000631512472371329,0,0.000473634354278497,0,0,0,0,0,0,0,0,0.000315756236185665,0,0.00299968424376381,0.00189453741711399,0.00236817177139249,0.00142090306283549,0,0,0,0.0058414903694348,0,0,0.00189453741711399,0.00110514682664983,0,0.026365645721503,0.000473634354278497,0,0,0.019734764761604,0.000315756236185665,0,0,0,0.0102620776760341,0.0143669087464477,0.00726239343227029,0.0582570255762551,0.00347331859804231,0.0213135459425324,0.00473634354278497,0.00205241553520682,0.00110514682664983,0,0,0,0,0.00363119671613514,0,0,0,0,0,0,0,0,0,0.00599936848752763,0.0048942216608778,0,0,0.00742027155036312,0,0,0,0,0,0,0,0,0,0,0.000315756236185665,0.00473634354278497,0.00221029365329965,0.00615724660562046,0.00868329649510578,0.00252604988948532,0,0,0.000157878118092832,0,0,0,0,0,0.00205241553520682,0,0,0,0.0142090306283549,0,0.00110514682664983,0,0.000473634354278497,0,0,0.000315756236185665,0.000631512472371329,0.000631512472371329,0,0,0.000315756236185665,0,0,0.000315756236185665,0.00963056520366277,0,0,0.000157878118092832,0.000947268708556994,0.000473634354278497,0.00757814966845595,0.0048942216608778,0.0113672245026839,0.118092832333439,0,0.0344174297442374,0.0217871802968109,0.000631512472371329,0.0181559835806757,0.0048942216608778,0.00757814966845595,0.00378907483422798,0,0.000315756236185665,0.000631512472371329,0.000631512472371329,0,0,0.0153141774550047,0,0,0,0.0102620776760341,0.000157878118092832,0,0,0,0,0,0,0.00110514682664983,0.000947268708556994,0,0,0,0,0,0,0,0.000315756236185665,0.000473634354278497,0
"P2177",0,0,0,0,0.000157878118092832,0,0.000315756236185665,0,0,0.000157878118092832,0,0,0.000157878118092832,0,0.000157878118092832,0.000157878118092832,0,0.000157878118092832,0,0.000157878118092832,0,0.000473634354278497,0,0,0,0.000157878118092832,0.000473634354278497,0,0,0.000315756236185665,0.000315756236185665,0.000157878118092832,0,0,0,0,0,0,0,0,0,0,0,0,0,0,0,0,0,0,0,0,0,0,0,0,0,0,0,0,0,0,0,0,0.000473634354278497,0,0,0.000473634354278497,0,0,0,0,0,0,0,0,0,0,0,0.00426270918850647,0.000157878118092832,0,0,0,0,0.000473634354278497,0,0,0,0,0.000631512472371329,0.000157878118092832,0.000315756236185665,0,0,0,0,0.000315756236185665,0,0,0,0,0,0.000631512472371329,0,0,0,0,0,0,0.00205241553520682,0.000157878118092832,0,0,0,0,0,0,0.000157878118092832,0,0,0,0,0,0,0,0,0,0,0,0,0,0,0.000157878118092832,0,0,0,0,0,0.000315756236185665,0.000157878118092832,0.000157878118092832,0.000157878118092832,0,0,0.000157878118092832,0,0,0.000157878118092832,0,0.000315756236185665,0,0,0,0,0,0,0,0,0,0,0,0,0,0.000157878118092832,0.000157878118092832,0,0.000157878118092832,0,0,0,0,0,0.000157878118092832,0,0.000157878118092832,0,0,0,0,0,0.00268392800757815,0.000631512472371329,0,0,0,0,0,0,0,0,0,0,0,0,0.000157878118092832,0.000631512472371329,0.000157878118092832,0,0,0,0,0,0,0,0,0,0.000631512472371329,0.000157878118092832,0,0,0,0.000157878118092832,0,0,0,0,0.000315756236185665,0,0,0,0,0,0,0,0,0,0,0,0,0,0,0,0,0,0,0,0.000315756236185665,0,0,0,0,0,0,0,0,0,0,0,0,0,0,0,0,0,0.00205241553520682,0,0.00299968424376381,0,0.00110514682664983,0.000473634354278497
"P2431",0.00742027155036312,0,0.00268392800757815,0.00236817177139249,0,0.00173665929902116,0.000631512472371329,0.00205241553520682,0.00363119671613514,0,0.000947268708556994,0,0,0,0,0,0,0,0.00678875907799179,0,0.00110514682664983,0,0,0,0,0,0.000315756236185665,0,0,0,0,0,0,0,0,0,0,0,0,0,0,0,0,0,0,0,0,0,0,0,0,0,0,0,0,0,0,0,0.000473634354278497,0,0,0,0,0,0,0,0,0,0,0,0,0,0,0,0,0,0,0,0.00868329649510578,0,0,0.00173665929902116,0.0135775181559836,0.0314177455004736,0,0,0.00347331859804231,0,0,0,0,0,0.00284180612567098,0,0,0,0,0,0,0,0.00110514682664983,0.00252604988948532,0,0,0,0,0,0,0,0,0,0,0.00268392800757815,0.00505209977897063,0.00110514682664983,0.000947268708556994,0,0,0,0,0.0118408588569624,0,0,0.00157878118092832,0,0,0,0,0,0,0,0,0,0,0,0,0,0,0,0,0,0,0,0,0,0,0,0,0,0,0.000157878118092832,0.000947268708556994,0.000947268708556994,0.000947268708556994,0,0.00663088095989896,0,0.000789390590464162,0.00205241553520682,0.00852541837701295,0.00315756236185665,0,0,0.00236817177139249,0,0,0.00252604988948532,0.00173665929902116,0,0.00252604988948532,0.000473634354278497,0.00157878118092832,0.0353646984527944,0,0.00157878118092832,0.00363119671613514,0.00742027155036312,0,0,0,0.00315756236185665,0,0,0.00457846542469214,0,0,0,0,0.0519419008525418,0,0.0388380170508368,0.00915693084938428,0,0,0,0,0,0,0,0,0,0,0,0,0,0,0.0580991474581623,0,0,0,0.0132617619197979,0,0,0.00221029365329965,0.00426270918850647,0.000789390590464162,0.00157878118092832,0.00126302494474266,0.000789390590464162,0,0,0,0,0,0,0,0,0,0,0,0,0,0,0.000315756236185665,0,0,0,0,0,0.000631512472371329,0.00189453741711399,0,0,0,0,0,0,0,0,0,0,0,0,0,0.00378907483422798,0.000315756236185665,0,0.000631512472371329,0.328544363751184,0,0
"P3401",0,0,0.00110514682664983,0,0,0,0.00110514682664983,0.000157878118092832,0,0,0.00221029365329965,0.0208399115882539,0,0,0.00142090306283549,0.00126302494474266,0,0.000631512472371329,0,0,0,0,0,0,0,0.000631512472371329,0.00252604988948532,0,0,0,0.00315756236185665,0.00663088095989896,0,0,0,0,0,0,0.00331544047994948,0,0,0,0,0,0,0,0,0.0123144932112409,0.00552573413324913,0,0.0097884433217556,0,0,0,0.00157878118092832,0.00252604988948532,0,0.080991474581623,0.000947268708556994,0,0.0113672245026839,0.000315756236185665,0,0,0.000631512472371329,0.0465740448373855,0.0285759393748027,0,0,0,0.00173665929902116,0.00363119671613514,0,0,0,0.00205241553520682,0,0.0172087148721187,0,0.0759393748026524,0.0191032522892327,0,0.000947268708556994,0,0,0.0115251026207768,0,0.00236817177139249,0,0.00142090306283549,0.056520366277234,0.0135775181559836,0,0,0,0.000947268708556994,0.000315756236185665,0.0154720555730976,0.00157878118092832,0,0,0,0.000473634354278497,0.00915693084938428,0,0.000473634354278497,0.000157878118092832,0,0,0,0.00315756236185665,0.00110514682664983,0.000157878118092832,0,0,0,0.000157878118092832,0.000315756236185665,0.000631512472371329,0.00173665929902116,0,0.00410483107041364,0.00347331859804231,0.000157878118092832,0,0.00173665929902116,0.00394695295232081,0,0.000473634354278497,0.00110514682664983,0.00647300284180613,0,0.00236817177139249,0.000473634354278497,0,0.000315756236185665,0.000947268708556994,0,0,0,0,0,0.00142090306283549,0.00615724660562046,0,0.00378907483422798,0.00615724660562046,0.000789390590464162,0.00615724660562046,0,0,0,0,0,0.00142090306283549,0,0,0,0,0,0,0,0,0,0,0.00157878118092832,0,0,0,0,0,0,0,0.00110514682664983,0,0,0,0,0,0.000315756236185665,0,0,0,0,0.000631512472371329,0.00189453741711399,0,0.00157878118092832,0,0.000315756236185665,0,0,0.000631512472371329,0.00126302494474266,0,0.00205241553520682,0.0115251026207768,0,0.000631512472371329,0,0,0,0,0,0,0,0.00473634354278497,0.0377328702241869,0.0304704767919166,0.0124723713293338,0,0.000157878118092832,0.000789390590464162,0.000157878118092832,0,0,0.00205241553520682,0.000315756236185665,0.000473634354278497,0.00378907483422798,0,0.00615724660562046,0,0,0,0,0.000789390590464162,0.000631512472371329,0,0,0,0.00126302494474266,0,0.000947268708556994,0.00221029365329965,0.00205241553520682,0.00142090306283549,0,0.000157878118092832,0,0,0.00457846542469214,0,0.00126302494474266,0.000157878118092832,0,0,0,0.000157878118092832,0.000631512472371329,0.000315756236185665,0.00236817177139249,0,0,0,0.000789390590464162,0,0.0159456899273761,0,0.024471108304389,0.00836754025892011
"P3402",0.000157878118092832,0,0.00394695295232081,0.00221029365329965,0.00110514682664983,0.00457846542469214,0,0.00157878118092832,0.00726239343227029,0,0.000315756236185665,0,0.000473634354278497,0,0.0102620776760341,0,0.00189453741711399,0.00599936848752763,0.00805178402273445,0.000157878118092832,0.00931480896747711,0.000315756236185665,0,0,0,0.00173665929902116,0.00189453741711399,0,0.00205241553520682,0,0.00757814966845595,0,0,0,0,0,0,0,0.00599936848752763,0,0,0,0,0,0,0,0,0,0,0,0,0,0,0,0,0,0,0,0.000789390590464162,0,0.0222608146510894,0,0,0,0.0222608146510894,0,0,0,0,0,0,0,0.000157878118092832,0,0,0,0,0,0,0,0,0,0,0,0,0.000315756236185665,0,0,0,0,0,0,0,0,0,0,0,0,0,0,0.000157878118092832,0,0,0,0,0,0,0,0,0.00142090306283549,0,0.000947268708556994,0.00110514682664983,0.0127881275655194,0.00252604988948532,0.00631512472371329,0,0.00252604988948532,0,0,0.000157878118092832,0,0,0.000157878118092832,0,0,0,0,0,0,0,0.00189453741711399,0,0.000473634354278497,0.000157878118092832,0.000315756236185665,0,0,0,0,0,0,0,0,0,0,0,0,0,0,0.000473634354278497,0.000631512472371329,0.00157878118092832,0.00157878118092832,0.000157878118092832,0,0.000315756236185665,0.0181559835806757,0.0345753078623303,0.000789390590464162,0.0232080833596464,0,0.0198926428796969,0.0104199557941269,0,0,0.00647300284180613,0.00268392800757815,0,0.00520997789706347,0.00268392800757815,0.00126302494474266,0.00236817177139249,0,0.0129460056836123,0.0102620776760341,0,0.0145247868645406,0.00142090306283549,0.000789390590464162,0,0.000947268708556994,0,0,0,0,0,0,0,0,0,0.000789390590464162,0,0,0,0.00426270918850647,0.00126302494474266,0.00299968424376381,0,0,0,0,0,0,0,0,0.00157878118092832,0,0,0,0.00110514682664983,0,0,0.000473634354278497,0.000789390590464162,0.00457846542469214,0.00394695295232081,0,0,0,0.000789390590464162,0,0,0,0,0,0,0.00173665929902116,0,0,0.000157878118092832,0,0.000157878118092832,0,0,0,0,0,0,0.00142090306283549,0.000631512472371329,0.000157878118092832,0,0,0,0,0,0,0,0,0,0,0,0.000947268708556994,0.00110514682664983,0.000473634354278497,0.00252604988948532,0.00789390590464162,0.00110514682664983,0.00157878118092832,0
"P5866",0,0,0,0,0,0.00189453741711399,0,0,0,0,0,0,0,0,0,0,0,0,0,0,0,0,0,0,0,0,0,0,0,0,0,0.000157878118092832,0,0,0,0,0,0,0,0,0,0,0,0,0,0.0113672245026839,0,0,0,0,0,0,0,0,0,0,0,0,0,0,0,0.000157878118092832,0,0,0,0,0,0,0,0,0.00347331859804231,0,0,0.000157878118092832,0,0,0,0,0,0,0,0,0.000473634354278497,0,0,0,0,0,0,0,0,0,0,0,0,0.000157878118092832,0.000315756236185665,0,0,0,0,0,0,0,0,0,0,0,0,0,0,0,0,0,0.00126302494474266,0,0,0,0,0,0,0,0,0,0,0,0,0,0,0,0,0,0,0,0,0,0,0,0,0,0,0,0,0,0,0,0,0.000631512472371329,0,0,0,0,0,0,0,0,0,0,0.000315756236185665,0,0,0,0,0,0,0,0,0.00157878118092832,0,0,0,0,0,0,0.000157878118092832,0,0,0,0,0,0,0,0,0,0,0,0.00126302494474266,0.000157878118092832,0.000315756236185665,0,0,0,0,0,0,0,0,0,0.000315756236185665,0,0,0.000789390590464162,0,0,0,0,0,0,0,0.000947268708556994,0,0,0,0,0,0,0,0,0,0,0.00189453741711399,0,0,0,0,0,0,0,0,0,0,0,0,0.000631512472371329,0,0,0,0,0,0,0,0,0,0,0,0.000473634354278497,0.000315756236185665,0.00110514682664983,0,0,0,0,0,0,0,0,0,0,0,0,0
"P7354",0.000789390590464162,0,0,0,0,0,0,0,0.00157878118092832,0,0,0,0,0,0,0,0.00157878118092832,0,0.000315756236185665,0.000157878118092832,0.000947268708556994,0,0,0.0048942216608778,0,0,0,0,0,0,0,0,0,0,0,0,0,0,0,0,0,0,0,0,0,0,0,0,0,0,0.0194190085254184,0,0,0.0269971581938743,0,0,0,0,0,0,0,0,0,0,0.00599936848752763,0,0,0,0,0,0,0,0,0,0,0.00173665929902116,0,0,0,0,0,0,0,0,0,0,0,0,0,0,0,0,0,0,0,0,0,0,0,0,0,0,0,0,0,0,0,0,0,0,0,0,0,0,0,0,0,0,0,0,0,0.000315756236185665,0,0,0,0,0,0,0,0,0,0,0,0,0.00599936848752763,0,0,0,0,0,0,0,0,0,0,0,0,0,0,0,0.000157878118092832,0,0,0,0,0,0,0.00221029365329965,0,0.110198926428797,0,0.000473634354278497,0,0.00363119671613514,0,0,0.00189453741711399,0,0,0.00110514682664983,0,0.00142090306283549,0,0,0,0.00189453741711399,0,0.0230502052415535,0,0,0.00331544047994948,0,0,0,0,0.00221029365329965,0,0,0,0,0,0,0,0,0,0.00236817177139249,0.00331544047994948,0,0.00173665929902116,0,0,0,0,0,0,0,0,0,0,0,0,0,0,0,0,0.000315756236185665,0.00868329649510578,0,0,0,0.000157878118092832,0,0,0,0,0,0,0,0,0,0,0,0,0,0,0.00252604988948532,0,0,0.00252604988948532,0.00110514682664983,0.00236817177139249,0,0,0,0,0,0,0,0,0,0,0.000789390590464162,0,0,0,0,0,0,0,0,0
"P8337",0,0,0,0,0,0,0,0,0,0,0,0,0,0,0,0,0,0,0,0,0,0,0,0,0,0,0,0,0,0,0,0,0,0,0,0,0,0,0,0,0,0,0,0,0,0,0,0,0,0,0,0,0,0,0,0,0,0,0,0,0,0.000947268708556994,0,0,0,0,0,0,0,0,0,0,0,0,0,0,0,0,0,0,0,0,0,0,0,0,0,0.00157878118092832,0,0,0,0,0,0,0.000789390590464162,0,0,0,0,0,0,0,0,0,0.000473634354278497,0.000947268708556994,0.00189453741711399,0,0,0,0,0,0,0,0,0,0,0,0,0,0,0,0,0,0,0,0,0,0,0,0,0,0,0,0,0,0,0,0,0,0,0,0.000631512472371329,0,0,0,0,0,0,0,0,0,0,0,0,0,0,0,0,0,0,0,0,0,0,0,0,0,0,0,0,0,0,0,0,0,0,0,0,0,0,0,0,0,0,0,0.000157878118092832,0.000473634354278497,0,0.00126302494474266,0,0,0,0,0,0,0,0.000631512472371329,0.000473634354278497,0.00252604988948532,0,0,0,0,0,0,0,0,0,0,0,0,0.000157878118092832,0.000157878118092832,0,0,0,0,0,0,0,0,0,0,0,0,0,0,0,0,0,0,0,0,0,0,0,0,0,0,0,0,0,0,0,0.000631512472371329,0.000789390590464162,0.000947268708556994,0,0.000315756236185665,0.000157878118092832,0.000315756236185665,0,0,0,0,0,0,0,0,0
"P8350",0,0,0,0,0,0,0,0,0,0,0,0,0,0,0,0,0,0,0,0,0,0.00110514682664983,0,0,0,0.000157878118092832,0,0,0,0,0,0.000157878118092832,0,0,0,0,0,0,0,0,0,0,0,0,0,0,0,0,0,0,0,0,0,0,0.000315756236185665,0,0,0,0,0,0,0.000473634354278497,0,0,0,0,0,0,0,0,0,0,0.00694663719608462,0,0,0,0,0,0,0,0,0,0,0,0.00505209977897063,0,0,0.000947268708556994,0,0,0,0,0,0,0,0.000315756236185665,0.000157878118092832,0,0,0,0.000157878118092832,0,0,0,0,0.000157878118092832,0.000631512472371329,0,0,0,0.000157878118092832,0,0,0,0,0,0,0,0,0,0,0,0,0,0,0,0,0,0,0.000947268708556994,0,0,0,0,0.000947268708556994,0,0,0,0,0,0,0,0,0,0,0,0,0,0.000473634354278497,0,0,0,0,0,0,0,0,0,0,0,0,0.00805178402273445,0,0,0,0.000473634354278497,0,0,0,0,0,0,0,0,0,0,0,0,0,0,0,0,0,0,0,0,0,0,0,0.000157878118092832,0,0,0,0,0,0,0,0,0.000157878118092832,0,0,0.000473634354278497,0,0,0,0,0,0,0,0,0,0,0,0,0,0,0,0,0.000789390590464162,0,0,0,0,0,0,0,0,0,0,0,0.000157878118092832,0.00236817177139249,0,0.000947268708556994,0,0,0.00315756236185665,0,0.000473634354278497,0,0,0,0,0,0,0,0,0.000157878118092832,0,0.000473634354278497,0,0,0,0,0,0,0,0,0,0.000631512472371329,0
"P8619",0.000473634354278497,0,0,0.00110514682664983,0,0,0,0,0,0,0,0,0,0,0,0,0,0,0,0,0,0,0,0,0,0,0,0,0,0,0,0,0,0,0,0,0,0,0,0,0,0,0,0,0,0,0,0,0,0,0,0,0,0,0,0.0214714240606252,0,0,0,0,0,0,0,0,0,0,0,0,0,0,0,0,0,0,0,0,0,0,0,0,0,0,0.00173665929902116,0,0,0,0,0,0,0,0,0,0,0,0,0,0,0,0,0,0,0,0,0,0,0,0,0,0,0,0,0,0,0,0,0.00126302494474266,0,0,0,0,0.00189453741711399,0,0,0,0,0,0,0,0,0,0,0,0.020682033470161,0,0,0,0,0,0,0,0,0,0,0,0,0,0,0,0,0,0.000157878118092832,0,0,0,0,0,0,0,0,0,0,0,0,0,0,0.000947268708556994,0,0,0,0,0,0,0,0,0,0,0,0,0,0,0,0,0,0,0,0,0,0,0,0,0,0,0,0,0,0,0,0,0,0,0,0,0,0,0,0,0,0,0,0,0,0,0,0,0,0.000789390590464162,0,0,0,0,0,0,0,0,0,0,0,0,0,0,0,0.00631512472371329,0,0,0.00157878118092832,0,0,0,0,0,0,0,0,0,0,0,0,0,0,0,0,0,0.000157878118092832,0,0,0,0,0,0,0,0
"P9233",0,0,0,0,0.000789390590464162,0,0,0,0,0,0,0,0,0,0,0,0,0,0,0,0.000157878118092832,0,0,0,0,0,0,0,0,0.00299968424376381,0.000947268708556994,0.000157878118092832,0,0,0,0,0,0,0,0,0,0,0,0,0,0,0,0,0,0,0,0,0,0,0,0,0,0.00126302494474266,0,0,0,0,0,0,0,0,0.00315756236185665,0,0,0,0.00110514682664983,0,0,0,0,0,0,0,0,0,0,0.000631512472371329,0,0,0,0,0,0,0,0,0,0,0,0,0,0.000315756236185665,0,0,0,0,0.000315756236185665,0,0,0,0,0,0,0,0,0,0,0,0,0,0,0.000473634354278497,0,0,0,0,0,0,0,0,0,0,0,0,0,0,0,0,0,0,0,0,0,0,0,0,0,0,0,0,0,0,0,0,0,0,0,0,0,0,0,0,0.000157878118092832,0,0.000157878118092832,0.000315756236185665,0,0,0,0.000315756236185665,0,0,0,0,0,0,0.000157878118092832,0,0,0,0,0,0,0,0,0,0.00157878118092832,0,0,0,0,0,0,0,0,0,0,0.00126302494474266,0,0,0,0,0,0,0,0.000315756236185665,0,0,0,0.028260183138617,0.000315756236185665,0,0.00221029365329965,0.00299968424376381,0.000315756236185665,0.00126302494474266,0.00142090306283549,0,0,0,0,0,0,0,0.000315756236185665,0,0,0,0,0,0,0,0.000631512472371329,0,0,0,0,0.000631512472371329,0,0.000157878118092832,0.00189453741711399,0,0.00615724660562046,0.000157878118092832,0,0.000315756236185665,0,0,0.000947268708556994,0,0,0,0,0,0,0,0,0,0,0.000157878118092832,0,0,0,0,0,0,0
"P9827",0,0,0,0,0,0,0,0,0,0,0,0,0,0,0,0,0,0,0,0,0,0,0,0,0,0,0,0,0,0,0,0.000157878118092832,0,0,0,0,0,0,0,0,0,0,0,0,0,0,0,0,0,0,0,0,0,0,0,0,0,0,0.00252604988948532,0,0,0,0,0,0,0,0,0,0,0,0,0,0,0,0,0,0,0.0113672245026839,0,0,0.000473634354278497,0,0,0,0,0,0,0,0,0,0.000157878118092832,0,0,0,0,0,0,0,0,0,0,0,0,0,0,0,0,0,0,0,0,0.000315756236185665,0,0,0,0,0,0,0,0,0,0,0.00157878118092832,0,0,0,0.00299968424376381,0,0,0,0,0,0,0,0,0,0.00299968424376381,0,0,0,0,0,0.00189453741711399,0.00205241553520682,0,0,0.00394695295232081,0.000315756236185665,0,0,0,0,0,0,0.000473634354278497,0,0,0,0,0,0,0,0,0,0,0.000473634354278497,0,0,0,0,0,0,0,0,0,0,0,0,0,0.000157878118092832,0,0,0,0,0.000157878118092832,0,0,0,0,0.000947268708556994,0,0,0,0,0,0,0,0.000473634354278497,0,0,0,0.000631512472371329,0,0,0,0,0,0.0101041995579413,0,0.000157878118092832,0,0,0,0,0,0,0,0.00363119671613514,0,0,0,0,0,0,0,0,0,0,0,0,0,0,0,0.000157878118092832,0,0,0,0,0,0,0,0,0,0,0,0,0.000157878118092832,0.000789390590464162,0,0.00252604988948532,0,0.00442058730659931,0.000315756236185665,0,0,0,0,0,0,0,0.000631512472371329
"P10654",0,0,0,0,0,0,0,0,0,0,0,0,0,0,0,0,0,0,0,0,0,0,0,0,0.00568361225134196,0,0,0,0,0,0,0.000157878118092832,0,0,0,0,0,0,0,0,0,0,0,0,0,0,0,0,0,0,0,0,0,0,0,0,0,0,0,0,0,0,0,0,0,0,0,0,0,0,0,0,0,0,0,0,0,0,0,0,0,0,0,0,0,0,0,0,0,0,0,0,0,0,0,0,0,0,0,0,0,0,0,0,0,0.000473634354278497,0.000947268708556994,0,0,0,0,0,0,0,0,0,0,0,0,0,0,0.000157878118092832,0,0,0,0,0,0,0,0,0,0,0,0,0,0,0,0,0,0,0,0,0,0.00110514682664983,0,0,0,0,0.000157878118092832,0,0,0,0,0,0,0,0,0,0,0,0,0,0,0,0,0.00710451531417746,0,0,0,0,0,0,0,0,0,0,0,0,0,0,0,0,0,0,0,0,0,0,0,0,0,0,0,0,0,0,0,0,0,0,0,0,0,0,0,0,0,0,0,0,0,0,0,0,0,0,0,0,0,0,0,0,0,0,0,0,0,0,0,0,0,0,0,0,0,0,0,0,0,0,0,0.000473634354278497,0,0,0,0,0.000315756236185665,0,0,0,0,0,0,0,0,0,0,0,0,0,0.00110514682664983
"P12020",0,0,0,0,0,0,0,0,0,0,0,0,0,0,0,0,0,0,0,0,0,0,0,0,0,0,0.00442058730659931,0,0,0,0,0,0,0,0,0,0,0,0,0,0,0,0,0,0,0,0,0,0,0,0,0,0,0,0,0,0,0,0,0,0,0,0,0,0,0.00205241553520682,0.00221029365329965,0,0,0,0,0,0,0,0,0,0,0,0,0,0,0,0,0,0,0,0,0,0,0,0,0,0,0,0,0,0,0,0,0,0.000789390590464162,0,0,0,0,0,0,0,0,0,0,0.00110514682664983,0,0,0,0,0.000157878118092832,0.00110514682664983,0,0,0,0,0,0,0,0,0,0,0.000473634354278497,0,0,0,0,0,0,0,0,0,0,0,0,0,0,0,0,0,0,0,0,0,0,0,0,0,0,0,0,0,0,0,0,0,0,0,0,0,0,0,0,0,0,0,0,0.000315756236185665,0,0,0,0,0,0,0,0,0,0,0,0,0,0,0,0,0,0,0,0,0,0,0,0,0,0,0,0,0,0,0,0,0,0.000789390590464162,0.00205241553520682,0,0,0,0,0,0,0,0,0,0,0,0,0,0,0,0,0,0,0,0,0,0,0,0,0,0,0,0,0,0,0,0,0,0,0,0,0,0,0,0,0,0,0,0,0,0,0,0,0.00142090306283549,0,0,0
"P12502",0,0,0,0,0.000473634354278497,0,0.000157878118092832,0,0,0,0,0,0,0,0,0,0,0.000315756236185665,0,0,0,0,0,0,0,0,0,0,0,0,0,0.000473634354278497,0,0,0,0,0,0,0,0,0,0,0,0,0,0,0,0,0,0,0,0,0,0,0,0,0,0,0,0,0,0,0,0,0,0,0,0,0,0,0,0,0,0,0,0,0,0,0,0,0,0,0,0,0,0,0,0,0,0.000473634354278497,0.000315756236185665,0,0,0,0,0,0.000157878118092832,0,0,0,0.00110514682664983,0,0,0,0,0,0,0,0,0,0,0,0,0,0,0,0,0,0,0,0,0,0,0,0,0,0,0,0,0,0,0,0,0,0,0,0,0,0,0,0,0,0,0,0,0.00142090306283549,0,0,0,0,0,0,0,0,0,0,0,0,0,0,0,0,0,0,0,0,0,0,0,0,0,0,0,0,0,0,0,0,0,0.000789390590464162,0,0,0,0,0,0.00505209977897063,0,0,0,0,0,0,0,0,0,0,0,0,0,0,0,0,0,0,0.00520997789706347,0.00236817177139249,0,0,0,0,0.000315756236185665,0,0,0,0,0,0,0.000157878118092832,0.000157878118092832,0.00126302494474266,0,0,0,0,0,0,0.00221029365329965,0,0,0,0,0,0,0,0,0,0,0,0,0,0,0,0,0,0,0,0,0,0,0,0,0,0,0,0,0,0,0,0,0.000157878118092832,0
"P13674",0,0,0,0,0,0,0,0,0,0,0,0,0,0,0,0,0,0,0,0,0,0,0,0,0,0,0,0,0,0,0,0,0,0,0,0,0,0,0,0,0,0,0,0,0,0,0,0,0,0,0,0,0,0,0,0,0,0,0,0,0,0,0,0,0,0,0,0,0,0,0.000157878118092832,0,0,0,0,0,0,0,0,0,0,0,0,0,0,0,0,0,0,0,0,0,0,0,0,0,0,0,0,0,0,0,0,0,0,0,0,0,0,0,0,0,0,0,0,0,0,0,0,0,0,0,0,0,0,0,0,0,0,0,0,0,0,0,0,0,0,0,0,0,0,0,0,0,0,0,0,0,0,0,0,0,0,0,0,0,0,0,0,0,0,0,0,0,0,0,0,0,0,0,0,0,0,0,0,0,0,0,0,0,0,0,0,0,0,0,0,0,0,0,0,0,0,0,0,0,0,0,0,0,0,0,0,0,0,0,0,0,0,0,0,0,0,0,0,0,0,0,0,0,0,0,0,0,0,0,0,0,0,0,0,0,0,0,0,0,0,0,0,0,0,0,0,0,0,0,0,0,0,0,0,0,0,0,0,0,0,0,0,0,0
"P14111",0,0,0,0,0,0,0,0,0,0,0,0,0,0,0,0,0,0,0.000473634354278497,0,0,0.00363119671613514,0.0058414903694348,0,0,0,0,0,0,0,0,0,0,0,0,0,0,0,0,0,0,0,0,0,0,0,0,0,0,0,0,0,0,0,0,0,0,0,0,0,0,0,0,0,0,0,0,0,0,0,0,0,0.00742027155036312,0,0,0,0,0,0,0,0,0,0,0,0,0,0,0,0,0,0,0,0,0,0,0,0,0,0,0,0,0,0,0,0,0,0,0,0,0,0,0,0,0,0,0,0,0,0,0,0,0,0.000473634354278497,0,0,0,0,0,0,0,0,0,0,0,0,0,0,0,0,0,0,0,0,0,0,0.000157878118092832,0,0,0,0,0,0,0,0,0.000157878118092832,0,0,0,0,0,0,0,0,0,0,0.0146826649826334,0,0,0,0,0,0,0,0,0,0,0,0,0,0,0,0,0,0,0,0,0,0,0,0,0,0,0,0,0.000157878118092832,0,0,0,0,0,0,0,0,0,0,0,0,0,0,0,0,0,0,0,0,0,0,0,0,0,0,0,0,0,0,0,0,0,0,0,0.00284180612567098,0,0,0,0,0,0,0,0,0,0,0,0,0,0,0,0,0,0,0,0,0,0.000315756236185665,0,0,0,0,0,0,0,0
"P16103",0,0,0,0,0,0,0.00110514682664983,0,0,0,0,0,0,0,0,0,0,0,0,0,0,0,0,0,0,0,0,0,0,0,0,0,0,0,0,0,0,0,0,0,0,0,0,0,0,0,0,0,0,0,0,0,0,0,0,0,0,0,0,0,0,0,0,0,0,0,0,0,0,0,0,0,0,0,0,0,0,0,0,0,0,0.0909377960214714,0,0,0,0,0,0,0,0,0,0,0,0,0,0,0,0,0,0.000157878118092832,0,0,0,0,0,0,0,0.000789390590464162,0,0,0,0,0,0,0,0,0,0,0,0,0,0,0,0,0,0,0,0,0,0,0,0,0,0,0,0,0,0,0,0,0,0,0,0,0,0,0,0,0,0,0,0,0,0,0,0,0,0,0,0,0,0,0,0.000631512472371329,0,0,0,0,0,0,0,0,0,0,0,0,0,0,0,0,0,0,0.00426270918850647,0,0,0,0,0,0,0,0,0,0,0,0,0,0,0,0,0,0,0,0,0,0,0,0,0,0,0,0,0,0,0,0,0,0,0,0,0,0,0,0,0,0,0,0.00252604988948532,0,0,0,0,0,0,0,0,0,0,0,0.000789390590464162,0,0,0,0,0,0,0,0,0,0,0,0,0,0,0,0,0.00694663719608462,0,0.000631512472371329,0.00410483107041364,0,0
"P17147",0,0,0,0,0,0,0,0,0,0,0,0,0,0,0,0,0,0,0,0,0,0,0,0,0,0,0,0,0,0,0,0,0,0,0,0,0,0,0,0,0,0,0,0,0,0,0,0,0,0,0,0,0,0,0,0,0,0,0,0,0,0,0,0,0,0,0,0,0,0,0,0,0,0,0,0,0,0,0,0,0,0,0,0,0,0,0,0,0,0,0,0,0,0,0,0,0,0,0,0,0,0,0,0,0,0,0,0,0,0,0,0,0,0,0,0,0.00189453741711399,0,0.00378907483422798,0,0,0,0,0,0,0,0,0,0,0,0,0,0,0,0,0,0,0,0,0,0,0,0,0,0,0,0,0,0,0,0,0,0,0,0,0,0,0,0,0,0,0,0,0,0,0,0,0,0,0,0,0,0,0,0,0,0,0,0,0,0,0,0,0,0,0,0,0,0,0,0,0,0,0,0,0,0,0,0,0,0,0,0,0,0,0,0,0,0,0,0,0,0,0,0,0,0,0,0,0,0,0,0,0,0,0,0,0,0,0,0,0,0,0,0,0,0,0,0,0,0,0,0,0,0,0,0,0,0,0,0,0,0,0,0,0.000157878118092832,0,0,0,0,0
"P19545",0,0,0.000631512472371329,0,0,0,0,0,0,0,0,0,0,0,0,0.000947268708556994,0,0,0,0.00110514682664983,0,0,0,0,0,0.00110514682664983,0,0,0,0,0,0.000315756236185665,0,0,0,0,0,0,0,0,0,0,0,0,0,0,0,0,0,0,0,0,0,0,0,0,0,0,0,0,0,0,0,0,0,0,0,0,0,0,0,0,0,0,0,0,0,0,0,0,0,0,0,0,0,0,0,0,0,0,0,0,0,0,0,0.000157878118092832,0.000157878118092832,0,0,0,0.000947268708556994,0,0,0,0,0,0,0,0,0,0,0,0,0,0,0,0,0,0,0,0,0,0,0,0,0,0,0,0,0,0,0,0,0,0,0,0,0,0,0,0,0,0,0,0,0,0,0,0,0,0,0,0,0,0.000473634354278497,0,0,0,0,0,0,0,0,0,0,0,0,0,0,0,0,0,0,0,0,0,0,0,0,0,0,0,0,0,0,0,0,0,0,0,0,0,0.00110514682664983,0,0,0,0,0,0,0.00236817177139249,0,0,0,0,0.000157878118092832,0.00457846542469214,0,0,0,0,0,0,0,0,0,0,0,0,0.00899905273129144,0,0,0,0,0,0,0,0.00315756236185665,0,0,0,0,0,0,0.00678875907799179,0.000631512472371329,0,0.00347331859804231,0,0,0,0,0,0.00142090306283549,0,0,0,0,0,0,0,0,0,0,0,0,0,0,0,0,0.000315756236185665,0.000157878118092832
"P22156",0,0,0,0,0,0.00236817177139249,0,0.000157878118092832,0.00299968424376381,0,0,0,0,0,0,0,0,0,0,0,0,0,0,0,0,0,0,0,0,0,0,0,0,0,0,0,0,0,0,0,0,0,0,0,0,0,0,0,0,0,0,0,0,0,0,0,0,0,0,0,0,0,0,0,0,0,0,0,0,0,0,0,0,0,0,0,0,0,0,0,0,0,0,0,0,0,0,0,0,0,0,0,0,0,0,0,0,0,0,0,0,0,0.000157878118092832,0,0,0,0,0,0,0,0,0,0,0,0,0,0,0,0,0,0,0,0,0,0,0,0,0,0,0,0,0,0,0,0,0,0,0,0,0,0,0,0,0.000315756236185665,0,0,0,0,0,0,0,0,0,0,0,0,0,0,0,0,0,0,0,0.000157878118092832,0,0,0,0,0,0,0,0,0,0,0,0,0,0,0,0,0,0,0,0,0,0,0,0,0,0,0,0,0,0,0,0,0,0,0,0,0,0,0,0,0,0,0,0,0,0,0,0,0,0,0,0,0,0,0,0,0,0,0,0,0,0,0,0,0,0,0,0,0,0,0,0,0,0,0,0.000315756236185665,0.000157878118092832,0,0,0,0,0,0,0,0,0,0,0,0,0,0,0,0,0,0,0,0
"P29355",0,0,0,0,0,0,0,0,0,0,0,0,0,0,0,0,0,0,0,0,0,0,0,0,0,0,0,0,0,0,0,0,0,0,0,0,0,0,0,0,0,0,0,0,0,0,0,0,0,0,0,0,0,0,0,0,0,0,0,0,0,0,0,0,0,0,0,0,0,0,0,0,0,0,0,0,0,0,0,0,0,0,0,0,0,0,0,0,0,0,0,0,0,0,0,0,0,0,0,0,0,0,0,0,0,0,0,0,0,0,0,0,0,0,0,0,0,0,0,0,0,0,0,0,0,0,0,0,0,0,0,0,0,0,0,0,0,0,0,0,0,0,0,0,0,0,0,0,0,0,0,0,0,0,0,0,0,0,0,0,0,0,0,0,0,0,0,0,0,0,0,0,0,0,0,0,0,0,0,0,0,0,0,0,0,0,0,0,0,0,0,0,0,0,0,0,0,0,0,0,0,0,0,0,0,0,0,0,0,0,0,0,0,0,0,0,0,0,0,0,0,0,0,0,0,0,0,0,0,0,0,0,0,0,0,0,0,0,0,0,0,0,0.000157878118092832,0,0,0,0,0,0,0,0,0,0,0,0,0,0,0,0,0,0
"P1",0.00157878118092832,0.0467319229554784,0.125039469529523,0.0846226712977581,0.0595200505209978,0.0768866435112093,0.156772971266183,0.237290811493527,0.124407957057152,0.0563624881591411,0.0500473634354279,0.147773918534891,0.169561098831702,0.0754657404483739,0.0985159456899274,0.0397852857593937,0.208714872118724,0.0113672245026839,0.398326491948216,0.0135775181559836,0.0985159456899274,0.241237764445848,0.411114619513735,0.451215661509315,0.800915693084938,0.0239974739501105,0.0895168929586359,0.185348910640985,0.131038838017051,0.0538364382696558,0.0153141774550047,0.0435743605936217,0.466371960846227,0.000473634354278497,0.226555099463214,0.000315756236185665,0.0375749921060941,0,0.0113672245026839,0.586990843069151,0.000157878118092832,0.0262077676034102,0.0287338174928955,0.000157878118092832,0.28039153773287,0.167192927060309,0,0.000315756236185665,0,0.000631512472371329,0.000157878118092832,0.0560467319229555,0.000315756236185665,0.000315756236185665,0.000315756236185665,0.423902747079255,0.353646984527944,0.18898010735712,0.240922008209662,0.000789390590464162,0.243290179981055,0.000473634354278497,0.841964003789075,0.0888853804862646,0.500947268708557,0.00363119671613514,0.00884117461319861,0.407325544679507,0.584306915061573,0.190243132301863,0.241711398800126,0.216450899905273,0.406062519734765,0.0228923271234607,0.191506157246606,0.158509630565204,0.526681401957689,0.000157878118092832,0.604831070413641,0,0.000631512472371329,0.247868645405747,0.0258920113672245,0.301389327439217,0.0173665929902116,0.00994632143984844,0.445216293021787,0.00110514682664983,0.11761919797916,0.0884117461319861,0.00805178402273445,0.0170508367540259,0.143195453110199,0.0506788759077992,0.00663088095989896,0.151562993369119,0.00726239343227029,0.000631512472371329,0.0539943163877487,0.0265235238395958,0.523365961477739,0.446321439848437,0.0497316071992422,0.0198926428796969,0,0.0121566150931481,0.00284180612567098,0.0251026207767603,0.491000947268709,0.0266814019576887,0.00268392800757815,0.414272181875592,0.639880012630249,0.378275970950426,0.0925165772023998,0.108935901484054,0.000157878118092832,0.4096937164509,0.000315756236185665,0.0363119671613514,0.0401010419955794,0.0967792863909062,0.172876539311651,0.282286075149984,0.584622671297758,0.164193242816546,0.159141143037575,0.76365645721503,0.0483107041364067,0.0558888538048626,0.270287338174929,0.032049257972845,0.314808967477108,0.0438901168298074,0.133564887906536,0.493684875276287,0.0097884433217556,0.0337859172718661,0,0.221345121566151,0.0948847489737922,0.0476791916640354,0.224818440164193,0.274865803599621,0.553836438269656,0.0429428481212504,0.190243132301863,0.0048942216608778,0.0737290811493527,0.430059993684875,0.0179981054625829,0.0547837069782128,0.167350805178402,0.17950742027155,0.0623618566466688,0.259867382380802,0.0295232080833596,0.056520366277234,0.052731291443006,0.149352699715819,0.199715819387433,0.0922008209662141,0.24692137669719,0.100410483107041,0.436217240290496,0.290022102936533,0.0678875907799179,0.126618250710452,0.667666561414588,0.0214714240606252,0.0194190085254184,0.121092516577202,0.0745184717398169,0.0058414903694348,0.0284180612567098,0.0873065993053363,0.250078939059046,0.0442058730659931,0.0939374802652352,0.00110514682664983,0.214082728133881,0.0418377012946006,0.076255131038838,0.00331544047994948,0.0397852857593937,0.51168298073887,0.000157878118092832,0.00394695295232081,0.23634354278497,0.0172087148721187,0.216135143669087,0.0053678560151563,0.153773287022419,0.00157878118092832,0.520366277233975,0.0336280391537733,0.0219450584149037,0.00315756236185665,0.000789390590464162,0.0544679507420272,0.00757814966845595,0.0230502052415535,0.16277233975371,0.0825702557625513,0.4559520050521,0.0142090306283549,0.0419955794126934,0,0.00236817177139249,0.000315756236185665,0.00931480896747711,0.00426270918850647,0.000157878118092832,0.000947268708556994,0.0148405431007262,0.0165772023997474,0.0727818124407957,0.0132617619197979,0.125670982001895,0.0168929586359331,0.0191032522892327,0.00126302494474266,0.0382065045784654,0.396589832649195,0.16166719292706,0.0541521945058415,0.112882854436375,0.0909377960214714,0.0947268708556994,0.0287338174928955,0.295074202715504,0.134827912851279,0.193716450899905,0.19955794126934,0.131196716135144,0.13545942532365,0.112724976318282,0.258920113672245,0.0884117461319861,0.170982001894537,0.436375118408589,0.0274707925481528,0.0648879065361541,0.000157878118092832,0.0672560783075466,0,0.00126302494474266,0.0438901168298074,0.0950426270918851,0.183454373223871,0.0776760341016735,0.102778654878434,0.102778654878434,0.513419640037891,0.361698768550679,0.0213135459425324,0.0524155352068203,0,0.0697821281970319,0.000157878118092832,0.000157878118092832
"P5",0.000315756236185665,0,0,0,0,0,0,0,0.000157878118092832,0,0.00473634354278497,0,0,0.00394695295232081,0,0.00252604988948532,0,0,0,0.000157878118092832,0,0,0.00268392800757815,0,0,0.000473634354278497,0.000157878118092832,0,0,0,0.000157878118092832,0,0.0778339122197663,0,0,0,0,0,0.00599936848752763,0,0,0.0467319229554784,0,0,0.11761919797916,0.0723081780865172,0,0,0.0173665929902116,0.0241553520682033,0.0149984212188191,0,0,0,0.0149984212188191,0,0,0,0,0.0102620776760341,0,0.00457846542469214,0.00473634354278497,0.000157878118092832,0.000157878118092832,0,0,0,0,0,0.04515314177455,0.0189453741711399,0.0189453741711399,0.0511525102620777,0,0.140669403220714,0,0,0.000157878118092832,0,0.000157878118092832,0,0,0,0.00742027155036312,0,0,0.0168929586359331,0,0.00173665929902116,0.000947268708556994,0.00757814966845595,0,0,0.028260183138617,0.00110514682664983,0.00221029365329965,0,0.00236817177139249,0.00820966214082728,0,0,0.00899905273129144,0,0.0659930533628039,0.00694663719608462,0.00805178402273445,0.0058414903694348,0,0,0,0,0,0,0,0,0,0,0,0.0751499842121882,0,0.0173665929902116,0.0108935901484054,0,0,0,0.00473634354278497,0.000157878118092832,0,0.0053678560151563,0.0118408588569624,0,0.0127881275655194,0,0,0,0,0.00442058730659931,0,0,0,0,0.00899905273129144,0.00457846542469214,0,0,0.0178402273444901,0,0.00805178402273445,0.000157878118092832,0,0,0,0,0.000947268708556994,0,0,0,0,0,0,0,0,0.000631512472371329,0,0.00505209977897063,0,0,0,0.000157878118092832,0,0,0,0,0,0,0,0,0,0,0,0,0,0.00742027155036312,0.000631512472371329,0.0243132301862962,0.0149984212188191,0.00426270918850647,0,0.00442058730659931,0,0.000157878118092832,0,0.00457846542469214,0,0.00315756236185665,0.000473634354278497,0.00252604988948532,0,0,0.0165772023997474,0.00157878118092832,0,0,0.000315756236185665,0.00284180612567098,0,0,0,0,0,0.000631512472371329,0.000947268708556994,0,0,0,0,0.000315756236185665,0.00331544047994948,0,0,0.00378907483422798,0,0,0.00347331859804231,0.00963056520366277,0.000789390590464162,0.00189453741711399,0.00268392800757815,0,0,0.000315756236185665,0.00505209977897063,0.000473634354278497,0,0,0,0,0,0,0,0.000631512472371329,0.000789390590464162,0,0,0.00268392800757815,0.00442058730659931,0.00599936848752763,0.00221029365329965,0,0.000473634354278497,0.00331544047994948,0,0,0,0,0,0,0,0,0
"P7",0.000789390590464162,0.00268392800757815,0.218819071676666,0.0126302494474266,0.130565203662772,0.13324913167035,0.429902115566782,0.0189453741711399,0.0495737290811494,0.258920113672245,0.00157878118092832,0.00615724660562046,0.132143984843701,0.00410483107041364,0.106567729712662,0.0723081780865172,0.209188506473003,0.295074202715504,0.107830754657404,0.030154720555731,0.0925165772023998,0.0341016735080518,0,0.389327439216925,0.00142090306283549,0.0434164824755289,0.0209977897063467,0.351436690874645,0.479002210293653,0.0053678560151563,0.147300284180613,0.00963056520366277,0.000631512472371329,0.000631512472371329,0.0396274076413009,0.000947268708556994,0.00884117461319861,0,0.00410483107041364,0,0.0811493526997158,0.000473634354278497,0.000157878118092832,0,0.000947268708556994,0.000315756236185665,0.0241553520682033,0.0317335017366593,0.00742027155036312,0.00189453741711399,0.000473634354278497,0.000789390590464162,0.000315756236185665,0.00599936848752763,0,0.00552573413324913,0.00173665929902116,0.0209977897063467,0.0465740448373855,0,0.0178402273444901,0,0.00331544047994948,0.000947268708556994,0.00205241553520682,0,0,0.00110514682664983,0.0525734133249132,0.000789390590464162,0.00252604988948532,0.000315756236185665,0.000157878118092832,0.00442058730659931,0.00442058730659931,0.000789390590464162,0.000315756236185665,0.000157878118092832,0.0142090306283549,0.000157878118092832,0,0,0.00426270918850647,0.000473634354278497,0.000157878118092832,0.000631512472371329,0.00473634354278497,0.000315756236185665,0.172560783075466,0.000631512472371329,0,0.00552573413324913,0.0628354910009473,0,0,0.000947268708556994,0.000631512472371329,0.000947268708556994,0.00110514682664983,0.000789390590464162,0.00615724660562046,0.0175244711083044,0.000315756236185665,0.000631512472371329,0,0,0,0.000157878118092832,0.200189453741711,0.0825702557625513,0.000157878118092832,0.0667824439532681,0,0.0217871802968109,0.0663088095989896,0.197189769497948,0.0101041995579413,0.000157878118092832,0.0723081780865172,0.201136722450268,0.0194190085254184,0.0131038838017051,0.0604673192295548,0.00126302494474266,0.00442058730659931,0.000631512472371329,0.000315756236185665,0.00173665929902116,0.000157878118092832,0.0118408588569624,0.00189453741711399,0.0399431638774866,0.0110514682664983,0.00126302494474266,0.574992106094095,0.113356488790654,0.0170508367540259,0.00631512472371329,0.474739501105147,0.184717398168614,0.000157878118092832,0.176034101673508,0.000315756236185665,0.000473634354278497,0.000631512472371329,0.00520997789706347,0.028260183138617,0.0342595516261446,0.0396274076413009,0.252289232712346,0.10814651089359,0.132143984843701,0.00505209977897063,0.276444584780549,0.00789390590464162,0.0262077676034102,0.814177455004736,0.0184717398168614,0.00363119671613514,0.106883485948847,0.21629302178718,0.683296495105778,0.019734764761604,0.0143669087464477,0.0353646984527944,0.0459425323650142,0.0869908430691506,0.0824123776444585,0.0922008209662141,0.442374486896116,0.256709820018945,0.392169245342596,0.488474897379223,0.00663088095989896,0.71960846226713,0.0797284496368803,0.0366277233975371,0.121566150931481,0.810072623934323,0.57025576255131,0.0146826649826334,0.0334701610356805,0.12488159141143,0.0140511525102621,0.00252604988948532,0.000631512472371329,0.000473634354278497,0.000157878118092832,0.000473634354278497,0.00157878118092832,0.00157878118092832,0.000157878118092832,0.000157878118092832,0.000789390590464162,0.000789390590464162,0.00568361225134196,0.00442058730659931,0.0506788759077992,0.000315756236185665,0.00142090306283549,0.00205241553520682,0.0317335017366593,0.00520997789706347,0.000157878118092832,0,0.000315756236185665,0,0.00110514682664983,0,0,0.000631512472371329,0.000157878118092832,0.0544679507420272,0.0718345437322387,0.00126302494474266,0.0102620776760341,0.0959898958004421,0.599463214398484,0.00142090306283549,0.00615724660562046,0.00647300284180613,0,0.00378907483422798,0.00126302494474266,0.0132617619197979,0.0288916956109883,0.00457846542469214,0.00426270918850647,0.00142090306283549,0.00347331859804231,0.00694663719608462,0.00110514682664983,0.000789390590464162,0.000789390590464162,0.0153141774550047,0.00268392800757815,0.000789390590464162,0.0550994632143985,0.00110514682664983,0.238080202083991,0.11146195137354,0.00347331859804231,0.00205241553520682,0,0,0,0,0.0058414903694348,0.283233343858541,0.000315756236185665,0.0161035680454689,0.00726239343227029,0.00426270918850647,0.000947268708556994,0.0284180612567098,0.215029996842438,0.0399431638774866,0.000631512472371329,0.000473634354278497,0,0.000157878118092832
"P8",0,0,0,0,0.000157878118092832,0.000157878118092832,0,0,0,0,0,0.000157878118092832,0.000473634354278497,0.000157878118092832,0,0.000315756236185665,0.000157878118092832,0,0,0.000157878118092832,0.000157878118092832,0,0.000157878118092832,0,0,0.000157878118092832,0,0,0,0,0,0.000157878118092832,0.000947268708556994,0.000473634354278497,0,0,0,0.000473634354278497,0,0,0,0,0,0.000157878118092832,0,0,0,0.000315756236185665,0,0,0.000157878118092832,0,0,0.000157878118092832,0.000315756236185665,0,0,0,0,0.000631512472371329,0,0.000157878118092832,0,0,0,0,0,0.000315756236185665,0.000157878118092832,0,0.000315756236185665,0,0.000157878118092832,0.000157878118092832,0.000315756236185665,0.000789390590464162,0,0,0,0.000157878118092832,0,0,0,0,0.000315756236185665,0,0,0.000631512472371329,0,0,0.000157878118092832,0,0,0.000157878118092832,0,0.000315756236185665,0.00126302494474266,0,0.000473634354278497,0.000157878118092832,0.000315756236185665,0,0.000157878118092832,0,0,0.000157878118092832,0,0.000157878118092832,0,0,0,0,0,0,0,0,0,0,0,0,0,0.000315756236185665,0,0,0,0,0.000157878118092832,0,0,0,0.000157878118092832,0,0,0,0,0,0,0.000157878118092832,0,0.000315756236185665,0,0,0,0.000157878118092832,0,0.000157878118092832,0,0,0.000315756236185665,0,0,0,0,0,0.00142090306283549,0,0,0,0,0,0,0,0,0.000315756236185665,0,0,0.000157878118092832,0,0,0.000157878118092832,0,0,0,0,0,0,0,0,0,0,0.000315756236185665,0.000631512472371329,0,0.000157878118092832,0.000157878118092832,0.000157878118092832,0.000157878118092832,0,0,0.000473634354278497,0,0.000315756236185665,0.000315756236185665,0.000157878118092832,0,0.000157878118092832,0.00457846542469214,0.000315756236185665,0,0,0.000789390590464162,0.000157878118092832,0.000315756236185665,0,0.000315756236185665,0.000473634354278497,0,0.000157878118092832,0,0,0.000315756236185665,0.000157878118092832,0,0,0,0,0.000157878118092832,0,0.000473634354278497,0.000157878118092832,0,0.000157878118092832,0,0.000157878118092832,0.000473634354278497,0,0.000315756236185665,0,0,0,0,0,0,0.000473634354278497,0,0,0,0,0.000473634354278497,0.000157878118092832,0,0.000473634354278497,0.000157878118092832,0,0,0,0,0,0,0.000315756236185665,0,0,0,0,0,0,0,0,0,0,0
"P10",0.00173665929902116,0,0,0,0,0,0,0.000157878118092832,0.000473634354278497,0,0,0,0.000157878118092832,0,0,0,0,0.000315756236185665,0.000315756236185665,0.000315756236185665,0.00205241553520682,0,0.0378907483422798,0.000473634354278497,0,0,0.00126302494474266,0,0,0,0.000315756236185665,0,0.0757814966845595,0.0672560783075466,0.0214714240606252,0.15661509314809,0.0176823492263972,0,0.143353331228292,0.0268392800757815,0.185822544995264,0.172402904957373,0.16166719292706,0.119040101041996,0.140985159456899,0.00268392800757815,0.0476791916640354,0.0841490369434796,0.208399115882539,0.0612567098200189,0.120776760341017,0.04515314177455,0.0255762551310388,0.0520997789706347,0.00110514682664983,0,0,0.00520997789706347,0,0.00157878118092832,0,0.000315756236185665,0.0178402273444901,0,0,0,0,0.149352699715819,0.0260498894853173,0.0303125986738238,0.024471108304389,0.102778654878434,0.0610988317019261,0.0535206820334702,0.00694663719608462,0.0293653299652668,0.0112093463845911,0,0.0192611304073255,0,0.000157878118092832,0.000473634354278497,0,0.000315756236185665,0.00173665929902116,0,0,0.00110514682664983,0,0,0,0,0,0,0,0.000157878118092832,0.000789390590464162,0,0.000631512472371329,0,0.00315756236185665,0.000789390590464162,0,0,0,0,0,0.00142090306283549,0,0,0,0.000473634354278497,0,0.000157878118092832,0.0309441111461951,0,0,0,0,0,0,0,0,0,0,0,0,0,0,0,0.00221029365329965,0,0.0140511525102621,0,0,0.000157878118092832,0,0,0,0,0,0,0,0.00252604988948532,0,0.000157878118092832,0,0,0.000157878118092832,0,0.00299968424376381,0.000947268708556994,0.00173665929902116,0.000315756236185665,0,0,0,0.00110514682664983,0,0.0138932743921692,0.000157878118092832,0,0,0.000789390590464162,0,0.0048942216608778,0.000157878118092832,0,0.0230502052415535,0.000157878118092832,0.000473634354278497,0,0,0,0,0.0058414903694348,0,0.051784022734449,0,0.000789390590464162,0.00315756236185665,0,0.00126302494474266,0.00126302494474266,0,0.000947268708556994,0,0.000157878118092832,0.00110514682664983,0,0.0625197347647616,0.0347331859804231,0,0.00347331859804231,0,0,0,0,0.0318913798547521,0,0.00252604988948532,0.00205241553520682,0,0,0.00520997789706347,0.0115251026207768,0.124723713293338,0,0,0,0.0328386485633091,0.000157878118092832,0,0,0.000789390590464162,0,0.000157878118092832,0,0.00568361225134196,0.206030944111146,0.164666877170824,0.325071045153142,0.173981686138301,0.00110514682664983,0.0429428481212504,0.0974107988632776,0.0161035680454689,0.00599936848752763,0.00757814966845595,0.00363119671613514,0.00252604988948532,0.00599936848752763,0.00394695295232081,0.00378907483422798,0.00236817177139249,0.0355225765708873,0.0140511525102621,0.0101041995579413,0.0293653299652668,0,0,0,0.00647300284180613,0,0.000157878118092832,0.000789390590464162,0.00315756236185665,0,0.000157878118092832,0.000315756236185665,0,0.00299968424376381,0,0.00189453741711399,0,0,0,0,0,0,0
"P11",0.000315756236185665,0.000315756236185665,0.00963056520366277,0,0.00852541837701295,0.000315756236185665,0.000947268708556994,0.000157878118092832,0,0.0708872750236817,0.0246289864224818,0.0394695295232081,0.0610988317019261,0.170666245658352,0.0239974739501105,0.0363119671613514,0,0.0295232080833596,0,0,0,0,0.0255762551310388,0,0.00552573413324913,0.00268392800757815,0.000157878118092832,0.000157878118092832,0.000157878118092832,0.178244395326808,0.033943795389959,0.0596779286390906,0.0159456899273761,0.000473634354278497,0.175086832964951,0.000157878118092832,0.185980423113356,0.11651405115251,0.167035048942217,0.0585727818124408,0.113356488790654,0.174297442374487,0,0.000631512472371329,0.127249763182823,0.0198926428796969,0.0148405431007262,0.052731291443006,0.0137353962740764,0.0453110198926429,0.000315756236185665,0.046100410483107,0.000157878118092832,0.000315756236185665,0.838964319545311,0.00173665929902116,0.0768866435112093,0.225923586990843,0.00299968424376381,0.868961161982949,0,0.935585727818124,0.000157878118092832,0.000157878118092832,0.000157878118092832,0,0.000157878118092832,0.000473634354278497,0.075307862330281,0.176665614145879,0.130565203662772,0.0832017682349226,0.0464161667192927,0.187243448058099,0.0674139564256394,0.101041995579413,0.0202083991158825,0,0.0118408588569624,0.000473634354278497,0.00189453741711399,0.318755920429428,0,0.000315756236185665,0.611777707609725,0.0304704767919166,0,0.852226081465109,0.000157878118092832,0.495421534575308,0.000315756236185665,0.208556994000632,0,0.167508683296495,0.826807704452163,0.23523839595832,0.551310388380171,0.000789390590464162,0.490369434796337,0.526523523839596,0.0058414903694348,0.000157878118092832,0.736659299021156,0,0.903694347963372,0.880012630249447,0.765550994632144,0.898326491948216,0.00505209977897063,0.000947268708556994,0.141300915693085,0.000473634354278497,0,0.000315756236185665,0,0,0.000157878118092832,0,0.000157878118092832,0.354594253236501,0.000473634354278497,0.416008841174613,0.400063151247237,0.000315756236185665,0.00110514682664983,0,0.303283864856331,0.000315756236185665,0.000157878118092832,0.53347016103568,0.205399431638775,0.000157878118092832,0.113356488790654,0.0401010419955794,0,0.0468898010735712,0.0928323334385854,0.603725923586991,0.106251973476476,0.186296179349542,0.419640037890748,0.326965582570256,0.425007893905905,0.0491000947268709,0.0502052415535207,0.0116829807388696,0.0454688980107357,0.0710451531417746,0.404483738553836,0.000157878118092832,0,0,0,0.000157878118092832,0.0359962109251658,0.000473634354278497,0.000315756236185665,0.000315756236185665,0,0.000157878118092832,0,0,0,0.0159456899273761,0.0104199557941269,0.0453110198926429,0.00284180612567098,0.000631512472371329,0.0097884433217556,0.000157878118092832,0.000157878118092832,0.0269971581938743,0,0.000473634354278497,0.000315756236185665,0,0.0863593305967793,0,0.000473634354278497,0.000157878118092832,0.0277865487843385,0.000315756236185665,0.00805178402273445,0.000157878118092832,0.576255131038838,0.0315756236185665,0.880802020839912,0.773760656772971,0.000157878118092832,0.877960214714241,0,0.38459109567414,0.565835175244711,0.541048310704136,0.0194190085254184,0.00284180612567098,0.00252604988948532,0.000157878118092832,0.798863277549732,0.560467319229555,0.347489737922324,0.530312598673824,0.228923271234607,0.468898010735712,0.0514682664982633,0.649510577833912,0.00126302494474266,0,0,0.000157878118092832,0.396747710767288,0.742658667508683,0.53789074834228,0,0.000157878118092832,0,0.000789390590464162,0.0053678560151563,0.208399115882539,0.179191664035365,0.169403220713609,0.0888853804862646,0.0495737290811494,0.268234922639722,0.152510262077676,0.152036627723398,0.307546574044837,0.0366277233975371,0.132143984843701,0.0495737290811494,0.0184717398168614,0.0549415850963057,0.0557309756867698,0.0541521945058415,0.00710451531417746,0.268234922639722,0.125039469529523,0.0934638459109567,0.329333754341648,0,0,0.0331544047994948,0.507736027786549,0.638616987685507,0.341964003789075,0.955320492579728,0.834385854120619,0.885696242500789,0.115251026207768,0.484685822544995,0.0200505209977897,0.43811177770761,0.00110514682664983,0,0,0,0.000157878118092832,0.157720239974739,0.00394695295232081,0.475213135459425,0.589516892958636
"P13",0,0,0,0,0,0.000315756236185665,0,0.000315756236185665,0.000473634354278497,0,0,0,0.000157878118092832,0.000157878118092832,0,0,0,0,0,0,0,0,0.0326807704452163,0,0.00347331859804231,0,0.000157878118092832,0.000947268708556994,0.000157878118092832,0.00173665929902116,0,0.018787496053047,0.0142090306283549,0.172560783075466,0.00899905273129144,0,0.000473634354278497,0.0448373855383644,0.0723081780865172,0.00552573413324913,0.0904641616671929,0.0735712030312599,0.140353646984528,0,0.0048942216608778,0,0.42753394379539,0.0860435743605936,0.0634670034733186,0.0423113356488791,0.100568361225134,0.149826334070098,0,0.000473634354278497,0.000157878118092832,0,0.0595200505209978,0,0,0,0.000157878118092832,0.000157878118092832,0.00189453741711399,0.0129460056836123,0.000157878118092832,0,0.000947268708556994,0,0.023523839595832,0.116987685506789,0.00110514682664983,0.0356804546889801,0.0213135459425324,0.00994632143984844,0.00820966214082728,0.0107357120303126,0.0333122829175876,0,0.000315756236185665,0.000315756236185665,0.000315756236185665,0,0.000157878118092832,0,0,0,0.00252604988948532,0,0,0,0,0.0287338174928955,0.000157878118092832,0.0146826649826334,0,0.000315756236185665,0.000473634354278497,0,0,0,0.000315756236185665,0.00126302494474266,0.000157878118092832,0,0,0.000157878118092832,0.000157878118092832,0.000157878118092832,0,0,0,0,0,0.000157878118092832,0.0132617619197979,0,0,0,0,0.000947268708556994,0.000473634354278497,0.000315756236185665,0.000631512472371329,0.00126302494474266,0,0,0.00426270918850647,0,0,0,0.000631512472371329,0.000157878118092832,0,0,0.000157878118092832,0,0.000947268708556994,0,0.000157878118092832,0,0,0.00426270918850647,0.00110514682664983,0.00142090306283549,0,0,0.000947268708556994,0,0,0.000157878118092832,0.000157878118092832,0.000631512472371329,0.000947268708556994,0,0.000315756236185665,0.0113672245026839,0,0,0.000157878118092832,0,0,0,0,0.000315756236185665,0.00205241553520682,0.000631512472371329,0,0,0,0,0,0,0,0,0,0,0,0,0,0.000157878118092832,0.000157878118092832,0,0,0,0.000315756236185665,0.00363119671613514,0.000947268708556994,0,0,0,0.0131038838017051,0.00931480896747711,0,0,0,0,0,0.000473634354278497,0.000631512472371329,0,0.0118408588569624,0.00142090306283549,0.00189453741711399,0,0.000473634354278497,0,0.0577833912219766,0.00110514682664983,0.000315756236185665,0.000315756236185665,0.00805178402273445,0.00142090306283549,0.00110514682664983,0.000315756236185665,0.00157878118092832,0,0.000157878118092832,0,0.000947268708556994,0.0233659614777392,0.0306283549100095,0.0907799179033786,0.0806757183454373,0.00252604988948532,0.00284180612567098,0.0443637511840859,0.00299968424376381,0.0135775181559836,0.0249447426586675,0.00694663719608462,0.0097884433217556,0.00505209977897063,0.0113672245026839,0,0.00157878118092832,0.0486264603725924,0.0363119671613514,0.0053678560151563,0.0153141774550047,0.000315756236185665,0,0.000315756236185665,0.00473634354278497,0,0.000157878118092832,0.000157878118092832,0.000315756236185665,0.000157878118092832,0,0.000315756236185665,0,0.0195768866435112,0,0,0,0,0,0,0.000157878118092832,0.000157878118092832,0
"P16",0,0,0,0.00221029365329965,0,0.000789390590464162,0,0,0.00568361225134196,0,0,0,0,0.000631512472371329,0,0,0.000631512472371329,0,0.000315756236185665,0.000473634354278497,0.0048942216608778,0,0.0145247868645406,0,0.00394695295232081,0,0,0,0,0,0,0.000157878118092832,0.00694663719608462,0.0243132301862962,0,0,0,0.0131038838017051,0.0115251026207768,0.00142090306283549,0.00426270918850647,0.0149984212188191,0.0582570255762551,0,0.00394695295232081,0,0.0806757183454373,0.0247868645405747,0.0186296179349542,0.00742027155036312,0.0563624881591411,0,0,0.000789390590464162,0,0,0.0483107041364067,0,0.000157878118092832,0,0,0,0.00110514682664983,0.0194190085254184,0.00457846542469214,0,0,0,0.0118408588569624,0.0727818124407957,0.00142090306283549,0.0214714240606252,0.0116829807388696,0.0149984212188191,0.0124723713293338,0.0127881275655194,0.0885696242500789,0,0.000157878118092832,0.000631512472371329,0,0,0,0,0,0,0.000315756236185665,0,0,0,0,0.0102620776760341,0,0,0,0,0,0,0,0,0,0.000473634354278497,0,0,0,0,0,0,0,0,0,0,0,0,0,0,0,0,0,0.000473634354278497,0,0,0,0.000157878118092832,0,0,0.00157878118092832,0,0,0,0,0,0,0,0.000315756236185665,0,0,0,0,0,0,0.00173665929902116,0.00173665929902116,0.000157878118092832,0,0,0,0,0,0,0,0,0.00205241553520682,0,0,0,0,0.000315756236185665,0,0,0,0,0,0.000473634354278497,0,0.000157878118092832,0,0,0,0,0,0.000315756236185665,0,0,0.000157878118092832,0.000157878118092832,0,0,0,0,0,0,0.000157878118092832,0,0,0.000473634354278497,0,0,0,0,0,0.000631512472371329,0,0.000157878118092832,0,0,0,0.000157878118092832,0.000473634354278497,0,0,0,0,0,0,0,0.0108935901484054,0,0,0,0.000631512472371329,0,0.000631512472371329,0,0,0,0.000631512472371329,0,0.000789390590464162,0.0104199557941269,0.00805178402273445,0.0208399115882539,0.00221029365329965,0,0.00221029365329965,0.0129460056836123,0.000473634354278497,0.00694663719608462,0.0157878118092832,0.00457846542469214,0.0322071360909378,0.00173665929902116,0.00663088095989896,0.000157878118092832,0.000473634354278497,0.00742027155036312,0.0097884433217556,0.0102620776760341,0.00299968424376381,0.00157878118092832,0.000315756236185665,0,0.000473634354278497,0,0,0.000315756236185665,0,0.000157878118092832,0.00110514682664983,0,0.000157878118092832,0.00268392800757815,0,0,0,0,0,0,0,0,0
"P17",0,0,0.00205241553520682,0.000315756236185665,0.000947268708556994,0,0,0,0.000631512472371329,0,0.000631512472371329,0.0097884433217556,0,0.00157878118092832,0.00142090306283549,0.000473634354278497,0.000315756236185665,0.00205241553520682,0.000315756236185665,0,0.000315756236185665,0,0.00157878118092832,0,0.00173665929902116,0,0,0,0,0.000789390590464162,0.00252604988948532,0.00126302494474266,0.00142090306283549,0.0219450584149037,0.0372592358699084,0.0140511525102621,0.0399431638774866,0.0247868645405747,0.0465740448373855,0,0.0558888538048626,0.000157878118092832,0.0547837069782128,0.0363119671613514,0,0.00110514682664983,0,0.00773602778654878,0.00994632143984844,0.00331544047994948,0.00678875907799179,0.00378907483422798,0,0.00899905273129144,0.000473634354278497,0.0129460056836123,0.134354278497,0.0243132301862962,0,0,0,0,0.00142090306283549,0,0.000631512472371329,0.00884117461319861,0.07246605620461,0,0,0,0.00157878118092832,0,0,0,0.00284180612567098,0.00126302494474266,0.0146826649826334,0.0183138616987686,0.0334701610356805,0,0,0.00457846542469214,0,0,0.000947268708556994,0.000157878118092832,0.0293653299652668,0,0,0.000473634354278497,0.000631512472371329,0.00552573413324913,0.0116829807388696,0.00931480896747711,0,0.00505209977897063,0,0,0.00142090306283549,0.00205241553520682,0.0184717398168614,0.0699400063151247,0,0.000315756236185665,0,0,0,0,0.000157878118092832,0,0,0.000631512472371329,0.000157878118092832,0,0,0,0,0,0,0,0,0,0,0,0,0.000157878118092832,0,0,0,0.000315756236185665,0,0,0.000473634354278497,0,0,0,0,0,0.00742027155036312,0,0,0,0,0,0.00157878118092832,0.000947268708556994,0,0.000315756236185665,0,0.000157878118092832,0,0,0,0.000315756236185665,0.0134196400378907,0,0.000157878118092832,0,0,0.000789390590464162,0,0.000315756236185665,0,0.00142090306283549,0.000157878118092832,0,0,0.00189453741711399,0,0.00126302494474266,0,0,0.000315756236185665,0,0.000631512472371329,0.00299968424376381,0,0.00236817177139249,0,0.000157878118092832,0,0.00236817177139249,0.00647300284180613,0.00284180612567098,0.00378907483422798,0.00157878118092832,0,0,0,0.000157878118092832,0,0.0652036627723398,0.000631512472371329,0,0.000947268708556994,0,0,0.000947268708556994,0,0.0124723713293338,0.0767287653931165,0,0.0868329649510578,0.0159456899273761,0.0573097568676981,0.00742027155036312,0.0958320176823492,0.143353331228292,0.0705715187874961,0.0573097568676981,0.075307862330281,0,0,0.000157878118092832,0,0.000473634354278497,0,0.000789390590464162,0.0445216293021787,0.0293653299652668,0.0221029365329965,0.00410483107041364,0.0443637511840859,0.00205241553520682,0.0162614461635617,0.0195768866435112,0.0560467319229555,0.0814651089359015,0.0732554467950742,0.118566466687717,0.0183138616987686,0.0157878118092832,0.0492579728449637,0.0102620776760341,0.0604673192295548,0,0.00836754025892011,0.0102620776760341,0.00931480896747711,0,0,0.000947268708556994,0.0119987369750553,0.000157878118092832,0.0164193242816546,0,0,0,0,0,0.000157878118092832,0,0,0,0,0.000631512472371329,0,0.000315756236185665,0.0522576570887275,0.000157878118092832,0.000631512472371329
"P21",0.00157878118092832,0,0.023523839595832,0.00157878118092832,0.00868329649510578,0.0511525102620777,0.000315756236185665,0.000157878118092832,0.0502052415535207,0.019734764761604,0.0209977897063467,0.00678875907799179,0.0230502052415535,0.0097884433217556,0.00963056520366277,0.00426270918850647,0.00773602778654878,0.00820966214082728,0.00820966214082728,0.0048942216608778,0.0323650142090306,0,0.0325228923271235,0.0058414903694348,0.000947268708556994,0.0048942216608778,0.00568361225134196,0.00426270918850647,0,0.022576570887275,0.0116829807388696,0.019734764761604,0.0172087148721187,0,0,0.000157878118092832,0.00347331859804231,0.0110514682664983,0.00884117461319861,0.0112093463845911,0,0,0.0105778339122198,0,0.0869908430691506,0.00836754025892011,0,0.0221029365329965,0.0333122829175876,0.0358383328070729,0.0097884433217556,0,0,0.00110514682664983,0.00268392800757815,0.0048942216608778,0,0,0.00915693084938428,0.00189453741711399,0.021629302178718,0.00126302494474266,0.00963056520366277,0.000157878118092832,0.00505209977897063,0.00552573413324913,0.0172087148721187,0,0,0,0.0145247868645406,0,0.0344174297442374,0.0048942216608778,0,0.028260183138617,0,0.0449952636564572,0,0.00378907483422798,0.00315756236185665,0,0.000789390590464162,0.00757814966845595,0,0,0.00221029365329965,0.00410483107041364,0,0.00852541837701295,0.0134196400378907,0.026365645721503,0.000157878118092832,0,0.0058414903694348,0.00520997789706347,0.00378907483422798,0.000157878118092832,0.00315756236185665,0.00331544047994948,0.000947268708556994,0.00173665929902116,0.00142090306283549,0.000315756236185665,0.000789390590464162,0.00110514682664983,0.00394695295232081,0,0.00142090306283549,0.00221029365329965,0,0.00110514682664983,0.000315756236185665,0.00931480896747711,0.0097884433217556,0.0131038838017051,0,0,0,0.00110514682664983,0.00694663719608462,0.00315756236185665,0.000947268708556994,0.000631512472371329,0,0,0.00726239343227029,0,0,0.0126302494474266,0,0.00189453741711399,0,0,0,0,0.0299968424376381,0.0108935901484054,0,0.00852541837701295,0.00868329649510578,0.0179981054625829,0.0145247868645406,0.0126302494474266,0,0.00915693084938428,0.0238395958320177,0.00315756236185665,0.00331544047994948,0.000631512472371329,0.00347331859804231,0.0276286706662457,0.00221029365329965,0.00426270918850647,0.0331544047994948,0.158035996210925,0.000789390590464162,0,0.00663088095989896,0.0132617619197979,0.00142090306283549,0.000947268708556994,0,0.024471108304389,0.00252604988948532,0.0126302494474266,0.0164193242816546,0.0993053362803915,0,0.049889485317335,0.0179981054625829,0.00378907483422798,0.0307862330281023,0,0.0487843384906852,0.0672560783075466,0.0295232080833596,0.0648879065361541,0,0,0.0415219450584149,0.00205241553520682,0.0102620776760341,0.0101041995579413,0.00631512472371329,0.0058414903694348,0.0107357120303126,0.00268392800757815,0.00268392800757815,0.00126302494474266,0,0.00236817177139249,0.000473634354278497,0.000157878118092832,0.00110514682664983,0.00615724660562046,0.00142090306283549,0.0252604988948532,0.000315756236185665,0.0107357120303126,0.00110514682664983,0.00694663719608462,0,0.00142090306283549,0.000631512472371329,0.00631512472371329,0.0162614461635617,0.0170508367540259,0.028260183138617,0.0146826649826334,0.00457846542469214,0.00173665929902116,0.0156299336911904,0.0277865487843385,0.00142090306283549,0.00142090306283549,0.00552573413324913,0.00110514682664983,0.00347331859804231,0.0167350805178402,0.00599936848752763,0.00947268708556994,0.00315756236185665,0.0058414903694348,0.00284180612567098,0.0119987369750553,0.00773602778654878,0.00663088095989896,0.0123144932112409,0.00994632143984844,0.026365645721503,0.00852541837701295,0.0154720555730976,0.00757814966845595,0.00694663719608462,0.0175244711083044,0.0367856015156299,0.0145247868645406,0.0164193242816546,0.00868329649510578,0.00852541837701295,0.0276286706662457,0.00615724660562046,0,0.00110514682664983,0.000631512472371329,0.00221029365329965,0.00363119671613514,0,0.00694663719608462,0.00173665929902116,0.0097884433217556,0,0,0,0,0,0.00899905273129144,0.000947268708556994,0.000157878118092832,0.000157878118092832
"P23",0,0,0,0,0,0.00284180612567098,0,0,0.00347331859804231,0,0,0,0.000315756236185665,0,0,0,0.00820966214082728,0.000157878118092832,0.00205241553520682,0.000157878118092832,0.00157878118092832,0,0.00410483107041364,0.000157878118092832,0.00126302494474266,0,0,0,0.000631512472371329,0,0,0,0.000157878118092832,0,0,0,0,0,0,0,0,0,0,0,0,0,0,0,0,0,0,0.0124723713293338,0,0,0.000157878118092832,0.00299968424376381,0,0.000157878118092832,0,0,0,0,0.000789390590464162,0,0.000157878118092832,0,0,0,0.0172087148721187,0.0374171139880013,0,0.00126302494474266,0.000315756236185665,0.00126302494474266,0,0.000947268708556994,0,0.00110514682664983,0,0,0,0,0,0,0.00284180612567098,0,0.000315756236185665,0,0,0,0,0,0,0,0,0,0,0,0,0,0.000631512472371329,0.000157878118092832,0,0,0,0,0,0,0,0,0,0,0,0,0.000315756236185665,0,0,0,0,0,0,0,0,0,0,0,0,0,0,0,0,0.000157878118092832,0,0.000157878118092832,0,0,0,0,0,0,0,0,0,0,0.000157878118092832,0,0,0,0,0,0,0.000157878118092832,0.000157878118092832,0,0,0.000631512472371329,0,0.000157878118092832,0.000157878118092832,0.000157878118092832,0,0,0,0.000473634354278497,0.000157878118092832,0.000157878118092832,0,0.000315756236185665,0,0.000157878118092832,0.000315756236185665,0.000157878118092832,0,0,0.000631512472371329,0.000947268708556994,0,0.00726239343227029,0.000315756236185665,0,0.000315756236185665,0,0,0,0,0.00126302494474266,0,0,0,0,0.00552573413324913,0.000157878118092832,0,0,0.000315756236185665,0,0,0,0,0.00442058730659931,0.0126302494474266,0,0,0,0,0,0.000947268708556994,0,0,0.000157878118092832,0,0,0,0,0.000157878118092832,0,0,0,0.00236817177139249,0.000473634354278497,0.00205241553520682,0.000473634354278497,0.000473634354278497,0,0.000157878118092832,0,0,0,0.000157878118092832,0,0.00252604988948532,0.0265235238395958,0.0142090306283549,0,0.0588885380486265,0.00157878118092832,0.00331544047994948,0.000157878118092832,0.000157878118092832,0.00110514682664983,0.000473634354278497,0.000157878118092832,0,0,0,0,0,0,0,0,0,0.00110514682664983,0.000157878118092832,0.000789390590464162,0.000789390590464162,0,0,0.000315756236185665,0.00110514682664983,0,0
"P24",0.028260183138617,0,0.000631512472371329,0.0142090306283549,0,0,0.00426270918850647,0.0112093463845911,0.000157878118092832,0.00663088095989896,0.00252604988948532,0.0104199557941269,0.00110514682664983,0,0.000473634354278497,0.00363119671613514,0,0.000473634354278497,0.000947268708556994,0,0,0.000789390590464162,0.0048942216608778,0,0.00726239343227029,0.000157878118092832,0.00142090306283549,0,0,0,0,0.00599936848752763,0.00820966214082728,0,0,0,0.000157878118092832,0,0.00252604988948532,0.0233659614777392,0,0,0,0,0.00836754025892011,0.0434164824755289,0,0.0192611304073255,0,0.123302810230502,0,0.0678875907799179,0,0,0,0.00363119671613514,0,0,0,0,0,0,0.0048942216608778,0,0.00157878118092832,0.0058414903694348,0.0221029365329965,0,0,0.0268392800757815,0.0246289864224818,0.0530470476791917,0.0260498894853173,0.0538364382696558,0.0123144932112409,0.0192611304073255,0.00189453741711399,0,0,0.0356804546889801,0.0712030312598674,0.000315756236185665,0.0129460056836123,0.00852541837701295,0,0,0,0,0,0.00363119671613514,0.0438901168298074,0.175244711083044,0.000473634354278497,0.00473634354278497,0,0.00678875907799179,0.000947268708556994,0.00189453741711399,0.00284180612567098,0,0.00694663719608462,0.0167350805178402,0.00142090306283549,0.00378907483422798,0,0,0,0,0.000631512472371329,0.00710451531417746,0.000157878118092832,0.117934954215346,0.00678875907799179,0.00189453741711399,0.00520997789706347,0.000789390590464162,0.000315756236185665,0,0.000789390590464162,0,0.00221029365329965,0.000947268708556994,0.00205241553520682,0.00110514682664983,0,0,0,0,0.000315756236185665,0.00189453741711399,0,0.0112093463845911,0.104199557941269,0.000315756236185665,0,0,0.00884117461319861,0,0.000157878118092832,0,0,0,0,0.00126302494474266,0.00694663719608462,0.00205241553520682,0,0.000631512472371329,0.00205241553520682,0,0.00221029365329965,0.0326807704452163,0,0,0.00426270918850647,0.121881907167667,0,0,0.00110514682664983,0,0.00126302494474266,0,0,0.00442058730659931,0.00568361225134196,0.00410483107041364,0,0,0,0,0,0,0,0.0119987369750553,0,0,0,0,0.000157878118092832,0.000473634354278497,0,0.00552573413324913,0.00568361225134196,0.0228923271234607,0.00315756236185665,0,0,0,0.00678875907799179,0.000157878118092832,0.0636248815914114,0.00173665929902116,0,0,0,0.00236817177139249,0.0123144932112409,0.00442058730659931,0,0.00284180612567098,0.00315756236185665,0.00442058730659931,0,0.00868329649510578,0.00268392800757815,0.00647300284180613,0.0168929586359331,0.00615724660562046,0.0195768866435112,0.0159456899273761,0.00378907483422798,0,0.0127881275655194,0.0374171139880013,0.0757814966845595,0.0372592358699084,0.229712661825071,0.0105778339122198,0.00426270918850647,0.00299968424376381,0.00331544047994948,0.00189453741711399,0.0183138616987686,0.00631512472371329,0.023523839595832,0.049889485317335,0.00568361225134196,0.0347331859804231,0.0443637511840859,0.00520997789706347,0.00268392800757815,0.0183138616987686,0.00757814966845595,0.0113672245026839,0.0142090306283549,0.00710451531417746,0.00221029365329965,0.00631512472371329,0.0476791916640354,0,0,0.00221029365329965,0.00110514682664983,0,0.000157878118092832,0.000157878118092832,0.000315756236185665,0,0,0.000947268708556994,0.00410483107041364,0.0205241553520682,0,0.0183138616987686,0.123460688348595,0.02731291443006,0.533943795389959,0,0.0102620776760341,0,0
"P32",0,0,0.00394695295232081,0,0.000157878118092832,0.000789390590464162,0.000789390590464162,0,0.000789390590464162,0.00126302494474266,0.000789390590464162,0,0,0,0.000631512472371329,0,0,0.000789390590464162,0.00236817177139249,0,0.000157878118092832,0,0,0,0,0.000631512472371329,0.00142090306283549,0,0,0,0.000157878118092832,0.00126302494474266,0.000157878118092832,0,0,0,0,0,0,0,0.000473634354278497,0,0,0,0,0,0,0,0,0,0,0,0,0,0.000789390590464162,0.00110514682664983,0.059362172402905,0,0.00347331859804231,0.000315756236185665,0,0.000315756236185665,0,0,0,0.00142090306283549,0.00110514682664983,0,0,0,0,0,0,0,0,0,0,0.00694663719608462,0,0.0107357120303126,0.00126302494474266,0,0,0.000631512472371329,0,0.000473634354278497,0,0,0,0,0.000631512472371329,0,0,0,0.00505209977897063,0,0.000157878118092832,0.000631512472371329,0,0.00331544047994948,0,0.00110514682664983,0.000473634354278497,0.000473634354278497,0.000157878118092832,0,0.000947268708556994,0,0,0,0.000631512472371329,0.00268392800757815,0.00157878118092832,0.00299968424376381,0.00126302494474266,0.000315756236185665,0.000157878118092832,0,0,0.000947268708556994,0.00268392800757815,0.00157878118092832,0.00252604988948532,0,0,0,0.00820966214082728,0,0,0.000789390590464162,0.00252604988948532,0.00457846542469214,0.00852541837701295,0,0.000315756236185665,0,0,0,0,0,0,0,0,0.0053678560151563,0.0161035680454689,0.00142090306283549,0.00742027155036312,0.00205241553520682,0.00299968424376381,0,0.000157878118092832,0.000157878118092832,0,0.000315756236185665,0.00173665929902116,0,0.00173665929902116,0,0,0.00331544047994948,0.000157878118092832,0,0,0.00126302494474266,0.000631512472371329,0.0097884433217556,0.00142090306283549,0.00236817177139249,0,0.000631512472371329,0.000473634354278497,0,0,0.00189453741711399,0,0.000473634354278497,0,0,0,0.000157878118092832,0,0,0,0.000315756236185665,0.00252604988948532,0,0,0,0.000157878118092832,0.000315756236185665,0,0.000315756236185665,0,0,0.000947268708556994,0.00142090306283549,0.00173665929902116,0.00631512472371329,0.000157878118092832,0,0,0.000631512472371329,0,0,0,0.000315756236185665,0,0.00173665929902116,0.0102620776760341,0.00126302494474266,0,0.000157878118092832,0,0.00126302494474266,0,0.000947268708556994,0.000315756236185665,0,0.000473634354278497,0,0.000473634354278497,0,0,0.000473634354278497,0.00236817177139249,0.00205241553520682,0.000157878118092832,0.00157878118092832,0,0,0,0,0,0.00157878118092832,0,0,0,0.000789390590464162,0,0.000315756236185665,0.000473634354278497,0.000631512472371329,0.00157878118092832,0,0.00142090306283549,0,0.000315756236185665,0.00157878118092832,0.000631512472371329,0.000789390590464162,0.00284180612567098,0.000473634354278497,0,0.000473634354278497,0.00157878118092832,0.0048942216608778,0,0,0.00142090306283549,0.000473634354278497,0.000315756236185665
"P33",0,0,0.000789390590464162,0,0,0,0,0,0,0,0.000473634354278497,0.00426270918850647,0.000315756236185665,0.000473634354278497,0.000315756236185665,0,0,0.000315756236185665,0,0,0,0,0.000157878118092832,0,0.00157878118092832,0,0,0,0,0.000789390590464162,0.00142090306283549,0.00126302494474266,0.00110514682664983,0.0113672245026839,0.0230502052415535,0.181244079570572,0.024471108304389,0.0119987369750553,0.0298389643195453,0,0.0341016735080518,0,0.0407325544679507,0.0167350805178402,0,0.000315756236185665,0,0.00457846542469214,0.00457846542469214,0.00205241553520682,0.00520997789706347,0.00252604988948532,0,0.00473634354278497,0.000789390590464162,0.0048942216608778,0.100568361225134,0.0107357120303126,0,0,0,0,0.000473634354278497,0,0.000315756236185665,0.00599936848752763,0.0434164824755289,0,0,0,0.000789390590464162,0,0,0,0.000789390590464162,0.000473634354278497,0.00805178402273445,0.0137353962740764,0.0236817177139249,0,0,0.00236817177139249,0,0,0.000473634354278497,0.000157878118092832,0.020682033470161,0,0,0,0.000473634354278497,0.00363119671613514,0.00710451531417746,0.00805178402273445,0,0.00126302494474266,0.000157878118092832,0,0.000157878118092832,0.00189453741711399,0.00963056520366277,0.0405746763498579,0,0,0,0,0,0,0,0,0,0.000157878118092832,0,0,0,0,0,0,0,0,0,0,0,0,0,0,0,0,0.000157878118092832,0,0,0,0.000631512472371329,0,0,0,0,0,0.00268392800757815,0,0,0,0,0,0.000473634354278497,0.000473634354278497,0,0,0,0,0,0,0,0.000157878118092832,0.00410483107041364,0,0,0,0,0.00110514682664983,0.000315756236185665,0,0,0.000631512472371329,0.000315756236185665,0.000157878118092832,0,0.00205241553520682,0,0.000473634354278497,0,0,0,0,0,0.00126302494474266,0,0.000789390590464162,0,0,0,0.000157878118092832,0.00142090306283549,0.00173665929902116,0.00142090306283549,0.00173665929902116,0,0,0,0,0,0.0369434796337228,0,0,0.000315756236185665,0,0,0.000789390590464162,0,0.00347331859804231,0.0380486264603726,0.000157878118092832,0.0456267761288285,0.0119987369750553,0.0198926428796969,0.00394695295232081,0.05462582886012,0.0977265550994632,0.0457846542469214,0.0418377012946006,0.0426270918850647,0,0,0.000315756236185665,0,0.000315756236185665,0,0.000789390590464162,0.0208399115882539,0.0154720555730976,0.0121566150931481,0.00268392800757815,0.0251026207767603,0.00126302494474266,0.00773602778654878,0.0143669087464477,0.0238395958320177,0.0437322387117146,0.0366277233975371,0.0666245658351752,0.0102620776760341,0.00663088095989896,0.030154720555731,0.00568361225134196,0.030154720555731,0.000157878118092832,0.00299968424376381,0.00363119671613514,0.00394695295232081,0,0.000157878118092832,0.000947268708556994,0.00378907483422798,0,0.00710451531417746,0,0,0,0,0,0.000157878118092832,0,0,0,0,0.000315756236185665,0,0.000157878118092832,0.0281023050205242,0,0
"P38",0,0,0,0,0,0.000157878118092832,0,0,0,0,0,0,0,0,0,0,0,0,0,0,0,0,0,0,0,0,0,0,0,0,0.000315756236185665,0,0.00142090306283549,0,0,0,0.0184717398168614,0,0,0.0290495737290811,0,0,0,0,0.00173665929902116,0,0,0,0.00663088095989896,0.0249447426586675,0,0,0,0,0.00157878118092832,0.000631512472371329,0,0,0,0.000789390590464162,0,0,0.00205241553520682,0,0,0,0,0,0,0,0,0.00426270918850647,0,0,0,0,0,0,0,0,0,0,0,0,0,0,0,0,0,0,0.00268392800757815,0.0448373855383644,0,0,0,0,0,0,0,0,0,0,0,0,0.000315756236185665,0.00221029365329965,0.0497316071992422,0,0,0,0,0,0,0,0,0,0,0,0,0.000947268708556994,0,0.0132617619197979,0.00473634354278497,0.000157878118092832,0,0,0,0,0.000631512472371329,0,0.00347331859804231,0,0,0,0,0,0,0,0,0,0,0,0,0.0841490369434796,0.00157878118092832,0,0.0165772023997474,0,0.00852541837701295,0,0,0,0,0,0,0,0,0,0,0,0,0,0,0,0,0.0053678560151563,0,0,0,0,0,0,0,0,0,0,0,0,0,0,0,0,0,0.000473634354278497,0,0.0386801389327439,0,0.0110514682664983,0,0,0,0,0,0,0,0,0.000315756236185665,0,0,0,0,0,0,0,0,0,0,0.000631512472371329,0,0,0,0.00126302494474266,0.00363119671613514,0,0,0,0.000473634354278497,0,0.000789390590464162,0.00110514682664983,0,0.00142090306283549,0,0.000947268708556994,0.00142090306283549,0,0,0.00142090306283549,0.000157878118092832,0.000315756236185665,0,0,0,0.00205241553520682,0.00189453741711399,0,0,0,0,0,0,0,0,0,0,0,0.000631512472371329,0,0,0,0.000789390590464162,0,0,0,0,0,0,0,0,0,0
"P42",0.000157878118092832,0,0,0,0,0,0,0,0,0.00836754025892011,0,0,0,0,0,0.000631512472371329,0,0,0,0,0,0,0.00252604988948532,0,0.00710451531417746,0,0.000473634354278497,0,0,0.00110514682664983,0,0,0.00299968424376381,0,0,0,0,0,0,0,0,0,0,0,0.00710451531417746,0,0,0,0,0,0,0,0,0,0,0,0,0,0,0.00205241553520682,0,0.000315756236185665,0.00426270918850647,0,0.000789390590464162,0,0,0,0,0.0380486264603726,0.00805178402273445,0,0,0,0,0.00189453741711399,0,0,0,0.0195768866435112,0.00236817177139249,0,0,0,0,0.00142090306283549,0,0.000315756236185665,0,0,0.00442058730659931,0,0,0,0,0,0,0,0,0,0,0,0.000315756236185665,0,0.000473634354278497,0.000631512472371329,0,0,0.104357436059362,0,0.000157878118092832,0,0,0,0,0,0,0.00742027155036312,0,0.00663088095989896,0,0.00694663719608462,0.00805178402273445,0.000315756236185665,0,0.00331544047994948,0.0281023050205242,0.000157878118092832,0.00142090306283549,0,0.00678875907799179,0,0,0,0,0,0,0,0,0,0,0,0,0.00789390590464162,0,0,0.0179981054625829,0,0.0129460056836123,0,0,0,0,0,0.00647300284180613,0,0,0,0,0.000157878118092832,0,0,0,0,0.00142090306283549,0.0221029365329965,0,0,0,0,0,0,0,0,0,0,0,0,0,0.033943795389959,0,0.000789390590464162,0,0,0,0,0,0.000473634354278497,0,0,0,0,0.000315756236185665,0,0,0.000947268708556994,0.00142090306283549,0,0.000157878118092832,0,0,0.00442058730659931,0,0,0,0,0,0,0,0,0,0,0.000315756236185665,0.00457846542469214,0,0,0.00363119671613514,0,0,0,0,0,0,0,0,0,0,0,0,0,0,0,0.00268392800757815,0,0,0,0,0,0,0,0,0,0,0,0,0,0,0.00410483107041364,0.0303125986738238,0.080044205873066,0.119040101041996,0.0102620776760341,0,0,0,0,0,0.000789390590464162,0,0.000473634354278497,0
"P47",0.000473634354278497,0,0.00110514682664983,0.00252604988948532,0.000473634354278497,0.00868329649510578,0.000157878118092832,0,0.00899905273129144,0.00394695295232081,0.00331544047994948,0.00820966214082728,0.00110514682664983,0.00410483107041364,0.00363119671613514,0.000947268708556994,0.00394695295232081,0.00189453741711399,0.000947268708556994,0.00173665929902116,0.00299968424376381,0,0.00805178402273445,0,0.0118408588569624,0.000947268708556994,0,0,0,0.00678875907799179,0.00694663719608462,0.00363119671613514,0.00221029365329965,0,0,0,0,0,0,0,0,0,0,0,0.000789390590464162,0.000157878118092832,0,0,0,0,0,0,0,0,0.000473634354278497,0,0,0,0,0.000157878118092832,0,0.000315756236185665,0.000789390590464162,0,0.00284180612567098,0,0.000315756236185665,0,0,0,0.00205241553520682,0.000789390590464162,0,0.00410483107041364,0,0.0118408588569624,0,0.00363119671613514,0.00252604988948532,0,0.000315756236185665,0,0.000157878118092832,0.00442058730659931,0,0,0,0.00126302494474266,0,0,0.000315756236185665,0,0.000473634354278497,0,0,0.000947268708556994,0.000315756236185665,0,0.00157878118092832,0,0,0.00299968424376381,0,0,0.000157878118092832,0,0.00126302494474266,0,0,0.000947268708556994,0,0,0,0.000631512472371329,0,0.000473634354278497,0,0,0,0.000315756236185665,0.00142090306283549,0,0.000473634354278497,0,0,0,0,0,0,0.000631512472371329,0,0,0,0.000473634354278497,0,0,0.00173665929902116,0.00189453741711399,0,0,0.0053678560151563,0,0.00552573413324913,0.000315756236185665,0.000315756236185665,0.00252604988948532,0,0.00126302494474266,0.000157878118092832,0,0,0,0.000157878118092832,0.00110514682664983,0.00394695295232081,0.00268392800757815,0,0,0,0.0123144932112409,0,0,0,0.0127881275655194,0.000473634354278497,0.000473634354278497,0.00157878118092832,0.00647300284180613,0,0.00884117461319861,0.00378907483422798,0.00110514682664983,0,0,0.00299968424376381,0.00631512472371329,0.0219450584149037,0,0,0,0.00363119671613514,0.000789390590464162,0,0,0,0.00457846542469214,0,0.000947268708556994,0.000473634354278497,0.000631512472371329,0,0.000947268708556994,0.000157878118092832,0,0,0.000157878118092832,0,0.0119987369750553,0.000315756236185665,0.000947268708556994,0.00426270918850647,0.000315756236185665,0,0.0604673192295548,0,0.000631512472371329,0.000157878118092832,0.000789390590464162,0.00126302494474266,0.00915693084938428,0.000473634354278497,0,0.000315756236185665,0.00694663719608462,0.000157878118092832,0.000315756236185665,0.000631512472371329,0.000157878118092832,0.000473634354278497,0.000157878118092832,0,0.000947268708556994,0.0143669087464477,0,0,0,0.000473634354278497,0.000789390590464162,0.000473634354278497,0.000315756236185665,0.000789390590464162,0.00221029365329965,0.00268392800757815,0.00173665929902116,0.00252604988948532,0.00331544047994948,0.00157878118092832,0.00142090306283549,0,0.000789390590464162,0.00126302494474266,0.00568361225134196,0.000157878118092832,0,0,0.000631512472371329,0.000631512472371329,0,0,0.000157878118092832,0.000157878118092832,0.00110514682664983,0.000631512472371329,0,0,0,0,0,0,0,0
"P50",0,0,0,0,0,0,0,0,0,0,0,0,0,0,0,0,0,0,0,0,0,0,0.00268392800757815,0,0,0,0,0,0,0,0,0,0.00205241553520682,0,0,0,0,0,0,0,0,0,0,0,0,0,0,0.0265235238395958,0.0118408588569624,0.0126302494474266,0.0102620776760341,0,0,0.0151562993369119,0,0,0,0,0,0,0,0,0.00221029365329965,0,0,0.00142090306283549,0,0,0,0,0.00157878118092832,0.00615724660562046,0,0,0,0,0,0,0,0.055573097568677,0.00473634354278497,0,0,0,0,0,0,0,0,0,0.0348910640985159,0,0,0,0,0,0,0,0,0,0,0,0,0,0,0,0,0,0,0,0,0,0,0,0,0,0,0,0,0,0,0,0,0,0,0,0,0,0,0,0,0,0,0,0,0,0,0,0,0,0,0,0,0,0,0,0,0,0,0,0,0,0,0,0,0,0,0,0,0,0,0,0,0,0,0,0,0,0,0,0,0,0,0.00110514682664983,0,0,0,0,0,0,0,0,0,0,0,0,0,0,0,0,0,0,0,0,0,0,0.000473634354278497,0.00268392800757815,0,0,0,0.00126302494474266,0,0,0,0,0,0,0.000315756236185665,0.00221029365329965,0,0.000315756236185665,0,0.00236817177139249,0,0,0.000947268708556994,0,0,0,0,0,0,0,0,0,0,0,0,0,0,0,0,0,0,0,0,0,0,0,0,0,0,0,0,0,0,0,0,0.000789390590464162,0,0.000315756236185665,0,0,0,0,0,0,0,0,0
"P59",0,0,0,0,0,0,0,0,0,0,0,0.00394695295232081,0.000473634354278497,0.000315756236185665,0,0,0,0.000315756236185665,0,0,0,0,0.00615724660562046,0,0,0,0,0,0,0,0,0.000315756236185665,0.000631512472371329,0,0,0,0,0,0,0,0,0,0,0,0.00157878118092832,0,0,0,0,0,0,0,0,0,0,0,0,0,0,0,0,0,0.000315756236185665,0,0,0,0,0,0.0341016735080518,0,0,0,0,0.00284180612567098,0.0134196400378907,0.00157878118092832,0,0,0,0,0,0,0,0,0,0,0,0,0,0.000315756236185665,0,0,0,0.188032838648563,0,0.000157878118092832,0.000157878118092832,0,0,0.000947268708556994,0,0,0,0,0,0,0,0,0,0,0,0,0,0,0,0,0,0,0,0.000157878118092832,0,0,0,0,0,0,0,0,0,0,0,0,0,0,0,0,0,0,0,0,0.00773602778654878,0,0,0.000157878118092832,0,0,0,0,0.000947268708556994,0,0,0,0,0,0.000631512472371329,0,0,0,0,0,0,0,0,0,0.000947268708556994,0,0,0,0,0,0,0,0,0,0,0,0,0,0,0,0.000157878118092832,0,0,0,0,0.000315756236185665,0,0,0,0,0,0,0,0,0,0,0,0,0.000631512472371329,0,0.00868329649510578,0.000473634354278497,0,0,0.00221029365329965,0,0,0,0,0,0,0.000157878118092832,0.000157878118092832,0,0,0,0,0,0.00236817177139249,0,0,0,0,0,0,0,0.000473634354278497,0,0.000315756236185665,0.000473634354278497,0.000315756236185665,0.00726239343227029,0.00394695295232081,0,0.000315756236185665,0.00884117461319861,0.000631512472371329,0.00189453741711399,0.00647300284180613,0,0,0.00173665929902116,0,0,0,0,0.000315756236185665,0,0,0,0,0.000789390590464162,0,0,0,0,0,0,0,0,0
"P62",0.101831386169877,0,0.00789390590464162,0.051784022734449,0.000631512472371329,0.0233659614777392,0,0.249605304704768,0.04515314177455,0.000157878118092832,0.000631512472371329,0.000157878118092832,0.00678875907799179,0,0,0,0.0236817177139249,0.000157878118092832,0.022576570887275,0.00189453741711399,0.0175244711083044,0.00110514682664983,0.00757814966845595,0.0352068203347016,0.0132617619197979,0.000157878118092832,0.000315756236185665,0.0307862330281023,0.0369434796337228,0.00221029365329965,0,0,0.00236817177139249,0,0,0,0.000157878118092832,0,0,0,0,0,0,0.0293653299652668,0,0,0,0,0,0,0,0,0,0,0,0,0,0,0,0,0,0,0.000631512472371329,0,0,0,0,0,0,0,0.00236817177139249,0,0,0,0.0230502052415535,0,0,0,0.0132617619197979,0,0,0,0.00820966214082728,0.078149668455952,0,0,0,0,0,0.000789390590464162,0,0,0,0,0,0.00221029365329965,0.000473634354278497,0,0,0,0.000157878118092832,0,0,0,0,0,0,0.000315756236185665,0.00836754025892011,0.224976318282286,0,0.00142090306283549,0.000315756236185665,0.0108935901484054,0.00520997789706347,0.0446795074202715,0,0,0,0.000157878118092832,0.472055573097569,0,0,0.30659930533628,0,0,0,0,0,0,0.00742027155036312,0.345437322387117,0.000157878118092832,0.000315756236185665,0.00599936848752763,0,0,0,0,0,0.0108935901484054,0,0,0,0,0.000631512472371329,0,0,0,0.00221029365329965,0.00252604988948532,0.00378907483422798,0.11982949163246,0.00931480896747711,0.00236817177139249,0.00599936848752763,0,0.0142090306283549,0.00931480896747711,0.0495737290811494,0.00284180612567098,0.000315756236185665,0.0178402273444901,0.0426270918850647,0,0.0108935901484054,0.00852541837701295,0.0195768866435112,0,0.0053678560151563,0.00410483107041364,0.0102620776760341,0.125513103883802,0,0.00505209977897063,0.0285759393748027,0,0.0138932743921692,0,0,0,0,0,0.000947268708556994,0,0,0,0.000157878118092832,0.229870539943164,0,0.0239974739501105,0.0058414903694348,0,0,0,0.000157878118092832,0.000789390590464162,0,0,0,0,0,0,0,0,0,0.00442058730659931,0,0,0,0.0142090306283549,0,0.000315756236185665,0.00173665929902116,0.182191348279129,0.181086201452479,0.0964635301547206,0.000315756236185665,0,0,0,0,0,0.00284180612567098,0,0,0,0,0,0,0.0211556678244395,0,0.000315756236185665,0,0,0,0.000315756236185665,0,0,0.0115251026207768,0.0178402273444901,0.00236817177139249,0,0,0,0,0.000315756236185665,0,0,0,0,0.000315756236185665,0,0.00520997789706347,0,0,0.0058414903694348,0,0.000315756236185665,0,0
"P64",0.000315756236185665,0,0,0,0.00126302494474266,0,0,0.000157878118092832,0,0.00331544047994948,0,0.00520997789706347,0,0,0.00173665929902116,0,0,0.00378907483422798,0,0.000473634354278497,0,0,0.000631512472371329,0.00189453741711399,0,0.00110514682664983,0.000157878118092832,0,0,0,0.0118408588569624,0.00126302494474266,0.00378907483422798,0.0101041995579413,0.02731291443006,0,0.026365645721503,0,0.0108935901484054,0,0,0.0279444269024313,0,0,0.0146826649826334,0.0140511525102621,0,0.0266814019576887,0.0393116514051152,0.0296810862014525,0,0,0,0,0,0.00347331859804231,0,0,0,0,0,0.000157878118092832,0.00236817177139249,0,0,0.000473634354278497,0.000947268708556994,0,0,0,0.00410483107041364,0.00363119671613514,0,0.0165772023997474,0,0.0157878118092832,0,0,0,0.0213135459425324,0.00221029365329965,0,0,0.000157878118092832,0,0.00126302494474266,0,0.000315756236185665,0,0,0.00236817177139249,0.0132617619197979,0.000473634354278497,0,0,0,0,0,0,0.00347331859804231,0.00157878118092832,0,0,0.000157878118092832,0,0,0.00142090306283549,0,0,0,0.000157878118092832,0,0.000473634354278497,0,0,0,0,0.00142090306283549,0,0,0,0.000473634354278497,0,0,0,0,0,0,0,0,0.0246289864224818,0,0.00742027155036312,0.00142090306283549,0,0,0,0,0,0,0,0,0,0.00363119671613514,0.000631512472371329,0.00173665929902116,0,0.00663088095989896,0.00315756236185665,0,0,0,0,0,0.00110514682664983,0,0,0,0,0,0,0,0,0.000315756236185665,0,0.00142090306283549,0.00126302494474266,0,0,0.000473634354278497,0,0,0,0,0,0.000315756236185665,0,0,0,0.000157878118092832,0,0,0,0.00268392800757815,0,0.00457846542469214,0,0.000789390590464162,0,0,0,0,0.00142090306283549,0,0.00157878118092832,0.000631512472371329,0.000789390590464162,0.00394695295232081,0,0.000315756236185665,0.00378907483422798,0.00110514682664983,0,0,0.00347331859804231,0.00142090306283549,0.00236817177139249,0.00331544047994948,0.00126302494474266,0.00442058730659931,0.000631512472371329,0.000157878118092832,0.000315756236185665,0.00110514682664983,0,0.000789390590464162,0.000157878118092832,0.000157878118092832,0.0053678560151563,0.024471108304389,0.0129460056836123,0.0203662772339754,0.00915693084938428,0.000789390590464162,0.000315756236185665,0.00931480896747711,0.00410483107041364,0.00205241553520682,0.000631512472371329,0.00142090306283549,0.00142090306283549,0,0.000789390590464162,0.00173665929902116,0,0.0048942216608778,0.000473634354278497,0.000789390590464162,0,0,0,0.00284180612567098,0.00236817177139249,0,0.000315756236185665,0,0.000157878118092832,0,0,0.00189453741711399,0.000157878118092832,0,0.000157878118092832,0,0.000157878118092832,0.000473634354278497,0.000157878118092832,0.00284180612567098,0.000157878118092832,0.000157878118092832,0.000473634354278497
"P65",0,0,0.00110514682664983,0.000315756236185665,0.00110514682664983,0.00505209977897063,0,0,0.00315756236185665,0.00142090306283549,0.00157878118092832,0.00457846542469214,0.00157878118092832,0.00252604988948532,0.00173665929902116,0.000789390590464162,0.00315756236185665,0.00331544047994948,0.000157878118092832,0.000789390590464162,0.00110514682664983,0,0.00236817177139249,0,0.00615724660562046,0.000789390590464162,0,0.000157878118092832,0,0.00189453741711399,0.00299968424376381,0.00252604988948532,0.00142090306283549,0,0,0,0,0,0,0,0,0,0,0,0.00110514682664983,0.00505209977897063,0,0,0,0.000157878118092832,0,0,0,0,0.000473634354278497,0,0,0,0,0,0.000157878118092832,0,0.000789390590464162,0,0.00110514682664983,0,0.000315756236185665,0,0,0,0.00110514682664983,0.000473634354278497,0,0.00205241553520682,0,0.00442058730659931,0,0.00284180612567098,0.000789390590464162,0,0.000157878118092832,0.000157878118092832,0.000315756236185665,0.0101041995579413,0,0,0,0.000315756236185665,0,0,0.000157878118092832,0,0.000789390590464162,0,0.000157878118092832,0.000473634354278497,0,0,0.000947268708556994,0,0.000157878118092832,0.00205241553520682,0,0.000157878118092832,0.000157878118092832,0,0.000473634354278497,0,0,0.000157878118092832,0,0,0,0.000315756236185665,0,0.000315756236185665,0,0,0,0.000631512472371329,0.000315756236185665,0,0,0.000157878118092832,0,0,0,0,0,0.00142090306283549,0,0.000157878118092832,0,0.000157878118092832,0,0,0.00205241553520682,0.000473634354278497,0,0,0.00363119671613514,0.000157878118092832,0.00189453741711399,0.000315756236185665,0.000315756236185665,0.00142090306283549,0,0.000789390590464162,0,0,0.000157878118092832,0.000315756236185665,0,0.00126302494474266,0.00568361225134196,0.00173665929902116,0,0,0,0.00915693084938428,0,0,0,0.00663088095989896,0.000315756236185665,0.000315756236185665,0.00142090306283549,0.00426270918850647,0,0.00552573413324913,0.00236817177139249,0.000789390590464162,0,0,0.00252604988948532,0.00378907483422798,0.00852541837701295,0.000157878118092832,0,0,0.00442058730659931,0,0,0,0,0.00252604988948532,0,0.000157878118092832,0.00189453741711399,0.000157878118092832,0,0.000473634354278497,0,0,0,0.000157878118092832,0,0.00473634354278497,0.000157878118092832,0.00142090306283549,0.00236817177139249,0.000315756236185665,0,0.0298389643195453,0.000315756236185665,0.000157878118092832,0.000473634354278497,0.000157878118092832,0.000473634354278497,0.00505209977897063,0,0,0.000157878118092832,0.00457846542469214,0,0,0.000315756236185665,0.000315756236185665,0.000473634354278497,0.000157878118092832,0,0.000315756236185665,0.00520997789706347,0.000157878118092832,0.000157878118092832,0,0.000157878118092832,0.00315756236185665,0,0.000473634354278497,0.000315756236185665,0.000631512472371329,0.00157878118092832,0.00126302494474266,0.00236817177139249,0.00505209977897063,0.000789390590464162,0.000631512472371329,0.000157878118092832,0.000631512472371329,0.000473634354278497,0.00284180612567098,0,0,0,0,0.000315756236185665,0,0,0,0,0.000631512472371329,0.000157878118092832,0,0,0,0,0.00157878118092832,0.000631512472371329,0,0
"P68",0,0,0,0,0,0,0,0,0.00126302494474266,0.000789390590464162,0.000631512472371329,0,0,0.00205241553520682,0.000315756236185665,0.000157878118092832,0.00284180612567098,0.00363119671613514,0.018787496053047,0,0,0,0.0579412693400695,0,0.00836754025892011,0.000157878118092832,0,0,0.000315756236185665,0.00520997789706347,0.000789390590464162,0.000157878118092832,0.00252604988948532,0,0.00631512472371329,0,0,0,0.00126302494474266,0,0,0,0,0,0,0.00378907483422798,0,0,0,0,0,0,0,0,0,0.0137353962740764,0.000157878118092832,0,0,0,0,0.000157878118092832,0.00442058730659931,0.0258920113672245,0,0,0,0,0,0,0.00568361225134196,0.0102620776760341,0.00426270918850647,0,0,0.000947268708556994,0.0202083991158825,0,0,0,0,0.000473634354278497,0,0,0,0,0,0.00126302494474266,0,0.00110514682664983,0,0,0,0.0729396905588885,0,0.00252604988948532,0.00189453741711399,0,0.000315756236185665,0.00252604988948532,0,0,0.00994632143984844,0,0,0,0.000157878118092832,0.000473634354278497,0.00110514682664983,0,0,0,0,0,0,0,0,0,0,0,0,0.000157878118092832,0,0,0,0,0.000157878118092832,0,0,0,0,0,0,0,0,0,0.00205241553520682,0,0,0,0,0,0.00110514682664983,0.00236817177139249,0,0.00142090306283549,0.00299968424376381,0,0,0,0,0,0,0,0.00647300284180613,0,0.000157878118092832,0,0,0,0,0,0.000473634354278497,0.00205241553520682,0,0.000473634354278497,0,0,0,0,0,0,0,0,0,0.00268392800757815,0,0,0,0,0,0,0.00363119671613514,0,0.00142090306283549,0,0,0.000157878118092832,0,0,0,0,0.000157878118092832,0,0.00142090306283549,0.000947268708556994,0.000157878118092832,0,0.000789390590464162,0.00426270918850647,0.0156299336911904,0.00126302494474266,0,0,0,0.000473634354278497,0,0,0,0,0,0.000157878118092832,0,0,0,0,0,0,0.00884117461319861,0,0.000473634354278497,0,0.0178402273444901,0.000157878118092832,0.0140511525102621,0.00126302494474266,0,0.00394695295232081,0.00142090306283549,0.000315756236185665,0.00268392800757815,0.0509946321439848,0.163245974107989,0.00236817177139249,0.164666877170824,0.0634670034733186,0.101831386169877,0.0179981054625829,0.0607830754657404,0,0.00299968424376381,0.000789390590464162,0.000947268708556994,0,0.000315756236185665,0.000157878118092832,0.00126302494474266,0.00157878118092832,0,0.00157878118092832,0,0.00331544047994948,0,0,0,0,0,0,0.000631512472371329,0,0
"P70",0,0,0,0.00505209977897063,0,0,0,0,0.000157878118092832,0,0.000473634354278497,0.00189453741711399,0.000157878118092832,0,0.000157878118092832,0,0,0.000947268708556994,0,0,0,0,0,0,0.000947268708556994,0,0,0,0,0.000157878118092832,0.000157878118092832,0,0.000157878118092832,0.0048942216608778,0.00710451531417746,0.0727818124407957,0.00599936848752763,0.00331544047994948,0.0058414903694348,0,0.00931480896747711,0,0.0115251026207768,0.00678875907799179,0,0,0,0.00173665929902116,0.00205241553520682,0.000631512472371329,0.00142090306283549,0.000157878118092832,0,0.00110514682664983,0.000157878118092832,0.00110514682664983,0.0285759393748027,0.00205241553520682,0,0,0,0,0,0,0,0.00157878118092832,0.0110514682664983,0,0,0,0.000157878118092832,0,0,0,0.00268392800757815,0.000157878118092832,0.00394695295232081,0.00315756236185665,0.00552573413324913,0,0,0.000315756236185665,0,0,0.000157878118092832,0,0.00363119671613514,0,0,0,0,0,0.00126302494474266,0.00142090306283549,0,0.000473634354278497,0.000157878118092832,0,0.000157878118092832,0,0.00268392800757815,0.00947268708556994,0,0,0,0,0,0,0,0,0,0.000947268708556994,0,0,0,0,0,0,0,0,0,0,0,0,0,0,0,0,0,0,0,0,0,0,0,0,0,0,0.000473634354278497,0,0,0,0,0,0.000157878118092832,0,0,0,0,0,0,0,0,0,0.000631512472371329,0,0,0,0,0.000157878118092832,0,0,0,0.000157878118092832,0.000157878118092832,0,0,0,0,0,0,0,0,0,0,0,0,0.000157878118092832,0,0,0,0.000157878118092832,0.000315756236185665,0,0.000631512472371329,0,0,0,0,0.000157878118092832,0,0.00884117461319861,0,0,0.000157878118092832,0,0,0.000315756236185665,0,0.000315756236185665,0.00726239343227029,0,0.0097884433217556,0.00252604988948532,0.00505209977897063,0.000631512472371329,0.0140511525102621,0.0238395958320177,0.00947268708556994,0.0116829807388696,0.0119987369750553,0,0,0,0,0.00142090306283549,0,0,0.00378907483422798,0.00394695295232081,0.00363119671613514,0.000473634354278497,0.00647300284180613,0.000157878118092832,0.00205241553520682,0.00426270918850647,0.00505209977897063,0.0115251026207768,0.0107357120303126,0.0162614461635617,0.00157878118092832,0.00236817177139249,0.00805178402273445,0.00142090306283549,0.0048942216608778,0,0.000947268708556994,0.000631512472371329,0.000947268708556994,0,0,0.000157878118092832,0.00157878118092832,0,0.000315756236185665,0,0,0,0,0,0,0,0,0,0,0,0,0,0.0449952636564572,0,0
"P71",0,0,0,0,0,0,0,0,0,0,0,0,0,0,0,0.000157878118092832,0,0,0,0,0,0,0,0,0,0,0,0,0,0,0,0,0.000947268708556994,0,0,0,0,0,0,0,0,0,0,0,0,0,0,0,0,0,0,0,0,0,0,0,0,0,0,0.000789390590464162,0,0,0,0,0.00189453741711399,0,0,0,0,0,0,0,0,0,0,0,0,0,0,0,0.000157878118092832,0,0,0,0,0.00331544047994948,0,0,0,0,0.000315756236185665,0,0,0,0,0,0,0,0,0,0,0,0,0,0,0,0,0,0.000473634354278497,0,0,0,0,0,0,0,0,0.0429428481212504,0.000473634354278497,0,0,0,0,0.000315756236185665,0,0.00931480896747711,0,0,0.0129460056836123,0,0,0,0,0,0,0,0,0,0,0,0,0,0,0,0,0,0,0,0,0,0,0,0,0,0,0,0,0,0,0,0,0,0,0,0,0,0,0,0,0,0,0,0,0,0,0,0,0,0,0.0119987369750553,0,0,0,0,0,0,0,0,0,0,0,0,0,0,0,0,0.000789390590464162,0.00221029365329965,0,0,0,0.000947268708556994,0,0,0,0,0,0,0,0,0,0,0,0,0,0,0.00631512472371329,0,0,0,0,0,0,0,0,0,0,0,0,0,0,0,0,0,0,0,0,0,0,0,0,0,0,0.000315756236185665,0,0,0,0,0.0104199557941269,0.000473634354278497,0.000631512472371329,0.000315756236185665,0,0,0,0,0,0.0268392800757815,0,0.00647300284180613,0.00110514682664983
"P72",0.000947268708556994,0,0,0,0,0,0,0,0,0,0,0,0,0,0,0,0,0,0,0,0,0,0.000315756236185665,0,0.00363119671613514,0,0,0,0,0,0,0,0.00268392800757815,0,0,0,0.0101041995579413,0,0,0,0,0,0,0,0,0,0,0,0,0,0,0,0,0,0,0,0,0,0,0,0,0,0.00426270918850647,0,0,0,0,0,0,0,0,0,0,0,0,0,0,0,0,0,0,0,0,0,0,0,0,0,0,0,0,0,0,0,0,0,0,0,0,0,0,0,0,0,0,0,0,0,0,0,0,0,0,0.00268392800757815,0,0,0,0,0,0,0.00110514682664983,0,0,0,0,0,0,0,0,0,0,0.00394695295232081,0,0,0,0,0,0,0,0,0,0,0,0,0,0,0,0,0,0,0.000157878118092832,0,0.000315756236185665,0,0,0,0,0,0.000473634354278497,0,0.000157878118092832,0,0.00315756236185665,0.000157878118092832,0,0,0.000157878118092832,0.00189453741711399,0,0,0,0,0.00315756236185665,0,0.000631512472371329,0,0,0,0,0,0,0,0,0,0,0,0,0,0,0,0,0,0,0,0,0,0,0,0.00236817177139249,0,0,0,0,0,0,0,0.00205241553520682,0,0,0,0.00173665929902116,0,0,0,0.00126302494474266,0.000315756236185665,0,0,0,0.00157878118092832,0.00805178402273445,0,0,0,0,0,0,0,0,0,0,0,0,0,0,0.00157878118092832,0.00742027155036312,0.00126302494474266,0,0.000157878118092832,0,0,0.000631512472371329,0,0,0,0,0,0,0,0,0,0,0,0,0,0,0,0,0,0
"P74",0,0,0.00268392800757815,0,0.00110514682664983,0.000157878118092832,0.000315756236185665,0,0.000157878118092832,0.00252604988948532,0.00647300284180613,0.000947268708556994,0.00331544047994948,0.00473634354278497,0.00426270918850647,0.00820966214082728,0,0.00363119671613514,0,0.000157878118092832,0,0,0.000789390590464162,0,0.000157878118092832,0.00599936848752763,0.000473634354278497,0,0,0.00505209977897063,0.00457846542469214,0.00710451531417746,0.000947268708556994,0,0,0.000157878118092832,0.00189453741711399,0.000157878118092832,0.000789390590464162,0.000157878118092832,0,0,0,0.000157878118092832,0,0.000157878118092832,0,0,0.000157878118092832,0.000157878118092832,0.000315756236185665,0,0.000315756236185665,0.000315756236185665,0.000473634354278497,0,0,0.000789390590464162,0,0,0.000157878118092832,0,0.000157878118092832,0.000473634354278497,0,0.000157878118092832,0.00236817177139249,0,0.000157878118092832,0,0.000631512472371329,0.000157878118092832,0.000157878118092832,0.000315756236185665,0,0.000473634354278497,0.000473634354278497,0,0.000157878118092832,0.000315756236185665,0,0,0,0.000157878118092832,0.000315756236185665,0,0,0.000157878118092832,0,0.00268392800757815,0.000631512472371329,0,0,0,0,0.00410483107041364,0.00615724660562046,0,0.00442058730659931,0.000947268708556994,0.00126302494474266,0.000157878118092832,0.000631512472371329,0,0.000157878118092832,0,0.000157878118092832,0,0,0,0,0,0,0,0,0,0,0,0,0.000157878118092832,0,0,0,0,0,0,0.000157878118092832,0,0,0.00394695295232081,0,0,0,0,0,0,0.00142090306283549,0.000631512472371329,0.000157878118092832,0,0.000473634354278497,0.000789390590464162,0.000947268708556994,0.000157878118092832,0,0.0137353962740764,0.000157878118092832,0.00599936848752763,0,0,0,0.000157878118092832,0,0.000315756236185665,0.00852541837701295,0,0,0,0,0,0,0.000157878118092832,0,0.00126302494474266,0,0.000315756236185665,0.00173665929902116,0.000315756236185665,0,0,0,0.000789390590464162,0,0,0,0.000157878118092832,0,0.00710451531417746,0,0,0.00205241553520682,0.00599936848752763,0.000473634354278497,0.00394695295232081,0.00394695295232081,0.000315756236185665,0.000157878118092832,0,0,0.000157878118092832,0,0.000157878118092832,0,0.000315756236185665,0,0.00252604988948532,0.00189453741711399,0.000789390590464162,0,0.00189453741711399,0.000157878118092832,0.00157878118092832,0.000157878118092832,0.000157878118092832,0.00157878118092832,0.00126302494474266,0.000157878118092832,0.00457846542469214,0.00110514682664983,0.000947268708556994,0,0.000157878118092832,0.000157878118092832,0.00157878118092832,0,0,0,0.000157878118092832,0.00268392800757815,0.000789390590464162,0.000473634354278497,0.000157878118092832,0,0.000789390590464162,0.00157878118092832,0,0.00221029365329965,0.000631512472371329,0.00173665929902116,0.000947268708556994,0.000473634354278497,0.00268392800757815,0.000157878118092832,0.00820966214082728,0.000473634354278497,0.00110514682664983,0.000947268708556994,0.00157878118092832,0.000947268708556994,0,0,0.00899905273129144,0.00126302494474266,0,0.000631512472371329,0,0.000315756236185665,0,0,0,0,0.000315756236185665,0,0,0,0,0,0,0,0,0
"P76",0,0.00568361225134196,0,0,0,0,0,0.000473634354278497,0,0,0,0,0,0,0,0,0,0.000157878118092832,0,0,0,0,0,0,0.000157878118092832,0,0,0,0,0,0,0.0105778339122198,0.0104199557941269,0,0.0121566150931481,0,0.0115251026207768,0.0396274076413009,0,0,0,0.0156299336911904,0,0,0.0138932743921692,0.486106725607831,0,0.0576255131038838,0.0472055573097569,0.0159456899273761,0.0814651089359015,0,0.0153141774550047,0.0198926428796969,0.000315756236185665,0,0.000157878118092832,0,0.00142090306283549,0,0,0,0.00110514682664983,0,0.0358383328070729,0.00473634354278497,0.0378907483422798,0,0,0.0203662772339754,0.0468898010735712,0,0,0.0183138616987686,0,0,0.000157878118092832,0.0116829807388696,0,0.0156299336911904,0.197189769497948,0.000789390590464162,0,0,0,0.0131038838017051,0,0,0.000157878118092832,0,0.287969687401326,0,0.000315756236185665,0,0,0,0,0.00505209977897063,0,0,0,0,0.00599936848752763,0.148405431007262,0,0,0.0217871802968109,0,0.00236817177139249,0,0.00757814966845595,0,0,0.000157878118092832,0,0,0.0827281338806441,0.0652036627723398,0.0666245658351752,0.0151562993369119,0,0.0249447426586675,0.0535206820334702,0,0,0.00852541837701295,0.0933059677928639,0,0.0255762551310388,0,0.14824755288917,0,0,0,0,0.00299968424376381,0,0,0,0.000157878118092832,0,0,0,0,0,0,0.0459425323650142,0,0.0399431638774866,0,0,0,0,0,0,0,0.0058414903694348,0,0,0.000157878118092832,0,0,0,0,0,0.033943795389959,0,0,0,0,0,0,0,0.104831070413641,0,0,0,0,0,0.181559835806757,0,0,0.000157878118092832,0,0,0,0.00457846542469214,0.000315756236185665,0,0,0,0,0,0,0.00363119671613514,0,0.00142090306283549,0,0,0,0,0.0389958951689296,0.0131038838017051,0,0.00410483107041364,0,0,0.0666245658351752,0.0191032522892327,0.00520997789706347,0,0,0,0.00236817177139249,0,0,0.00284180612567098,0,0.000789390590464162,0.0058414903694348,0.0124723713293338,0,0,0,0.0655194190085254,0.0745184717398169,0.0217871802968109,0.196242500789391,0.112093463845911,0.379696874013262,0.00678875907799179,0.0287338174928955,0,0.00678875907799179,0.00742027155036312,0.00331544047994948,0,0.0730975686769814,0.00963056520366277,0,0,0.000315756236185665,0.0967792863909062,0,0,0,0,0,0.000631512472371329,0.0423113356488791,0.00236817177139249,0.105304704767919,0.000157878118092832,0,0,0.000789390590464162,0,0.0143669087464477,0,0.0124723713293338,0.000315756236185665
"P77",0.000315756236185665,0,0.00142090306283549,0,0,0.00836754025892011,0,0.00252604988948532,0.0200505209977897,0,0,0,0,0.00284180612567098,0,0,0.00347331859804231,0,0.0179981054625829,0.0161035680454689,0.00347331859804231,0,0,0.00110514682664983,0,0.000315756236185665,0,0.00694663719608462,0.0159456899273761,0.00647300284180613,0,0,0.0053678560151563,0,0.0186296179349542,0.0958320176823492,0.0227344490053679,0,0.0255762551310388,0,0,0,0,0,0,0,0,0,0,0,0,0,0,0,0,0,0,0,0,0,0,0,0,0,0.00205241553520682,0,0,0,0,0,0,0,0.0135775181559836,0.00836754025892011,0,0,0.0323650142090306,0,0,0,0,0,0.000157878118092832,0.000315756236185665,0,0,0,0,0,0,0,0,0,0,0,0,0.000631512472371329,0,0,0,0,0,0,0,0,0,0,0.000315756236185665,0.000789390590464162,0,0,0,0,0,0.0097884433217556,0,0.000631512472371329,0,0,0.00142090306283549,0,0.000157878118092832,0,0.000315756236185665,0,0,0,0,0,0.00221029365329965,0.00284180612567098,0,0,0,0.00205241553520682,0,0,0,0,0,0,0,0,0.0252604988948532,0,0,0,0,0.00410483107041364,0,0.000315756236185665,0.0118408588569624,0.000315756236185665,0.000947268708556994,0.00173665929902116,0,0.000789390590464162,0.0284180612567098,0.00426270918850647,0.00947268708556994,0.000631512472371329,0.000473634354278497,0.0437322387117146,0.00236817177139249,0,0.000789390590464162,0,0.0149984212188191,0,0.00236817177139249,0.0146826649826334,0.00631512472371329,0,0,0.00189453741711399,0.0146826649826334,0,0.0181559835806757,0,0,0,0,0,0,0.000631512472371329,0,0,0,0.00268392800757815,0,0,0.0048942216608778,0,0,0,0,0,0,0.000315756236185665,0.00757814966845595,0,0.00742027155036312,0,0,0,0,0,0,0,0,0.00189453741711399,0,0.00189453741711399,0.00378907483422798,0.00126302494474266,0,0.000157878118092832,0,0.000789390590464162,0.0112093463845911,0.0737290811493527,0.0304704767919166,0,0.00331544047994948,0,0,0.00442058730659931,0,0,0,0,0,0,0,0.000947268708556994,0.0315756236185665,0.0394695295232081,0.00268392800757815,0.0214714240606252,0.00663088095989896,0.000473634354278497,0,0.00363119671613514,0,0.000315756236185665,0,0.000789390590464162,0,0,0,0.000473634354278497,0.025418377012946,0,0,0,0,0,0,0,0,0
"P84",0,0.000473634354278497,0.000157878118092832,0.000631512472371329,0.000315756236185665,0,0,0,0.000631512472371329,0,0,0,0,0,0,0.000157878118092832,0,0.00142090306283549,0,0,0,0.000631512472371329,0,0.00615724660562046,0,0,0.000315756236185665,0.00726239343227029,0.00852541837701295,0,0.000947268708556994,0,0.000473634354278497,0,0.000157878118092832,0,0.00442058730659931,0,0,0,0,0,0,0,0,0,0,0,0,0,0,0,0,0,0,0.000789390590464162,0,0,0,0,0,0,0.00126302494474266,0,0.000789390590464162,0.00315756236185665,0.0386801389327439,0,0,0,0.000789390590464162,0,0,0,0,0,0,0.0693084938427534,0,0,0,0,0,0.000157878118092832,0,0,0,0,0,0,0,0,0,0,0,0,0,0.000157878118092832,0,0,0,0,0,0.000789390590464162,0,0,0,0,0.000473634354278497,0.00205241553520682,0,0.000947268708556994,0.000157878118092832,0,0.00552573413324913,0,0,0.00157878118092832,0,0.00221029365329965,0.00189453741711399,0.000315756236185665,0.00331544047994948,0.000315756236185665,0,0,0.00347331859804231,0,0,0,0.000473634354278497,0,0.00205241553520682,0,0,0,0,0,0,0,0,0,0,0,0.00126302494474266,0.000473634354278497,0.00473634354278497,0.000157878118092832,0,0.0053678560151563,0.000157878118092832,0,0,0,0,0.00284180612567098,0,0,0,0,0,0.000315756236185665,0,0.000473634354278497,0.0131038838017051,0.00315756236185665,0.000947268708556994,0,0,0.000157878118092832,0,0,0.00631512472371329,0.00173665929902116,0,0.000631512472371329,0,0,0,0.000789390590464162,0.00189453741711399,0,0,0,0,0.00173665929902116,0,0,0.00205241553520682,0,0,0,0,0,0,0,0,0.00221029365329965,0,0,0,0.000789390590464162,0,0,0,0,0.00142090306283549,0.0154720555730976,0.0145247868645406,0.00915693084938428,0,0,0,0.00126302494474266,0,0.000157878118092832,0,0.000157878118092832,0,0.00157878118092832,0.00394695295232081,0,0,0,0,0,0,0,0,0,0,0,0,0,0.00173665929902116,0,0,0,0,0,0,0,0,0,0,0,0.000157878118092832,0,0,0.00205241553520682,0.000473634354278497,0.00126302494474266,0.00221029365329965,0,0.00126302494474266,0.00331544047994948,0,0.00142090306283549,0.00205241553520682,0,0
"P85",0,0,0,0,0,0,0,0,0,0,0,0,0,0,0,0,0,0,0,0,0,0,0,0,0,0,0,0,0,0,0,0,0.000473634354278497,0,0,0,0,0,0,0,0,0,0,0,0,0,0,0,0,0,0,0,0,0,0,0,0,0,0,0,0,0,0,0,0,0,0,0,0,0,0,0,0,0,0,0,0,0,0,0,0,0,0,0,0,0,0,0,0,0,0,0,0,0,0,0,0,0,0,0,0,0,0,0,0,0,0,0,0,0,0,0,0,0,0,0,0,0,0,0,0,0,0,0,0,0,0,0,0,0,0,0,0,0,0,0,0,0,0,0,0,0,0,0,0,0,0,0,0,0,0,0,0,0,0,0,0,0,0,0,0,0,0,0,0,0,0,0,0,0,0,0,0,0,0,0,0,0,0,0,0,0,0,0,0,0,0,0,0,0,0,0,0,0,0,0,0,0,0,0,0,0,0,0,0,0,0,0,0,0,0,0,0,0,0,0,0,0,0,0,0,0,0,0,0,0,0,0,0,0,0,0,0,0,0,0,0,0,0,0,0,0,0,0,0,0,0,0,0,0,0,0,0,0,0,0,0,0,0,0,0
"P97",0,0,0.000157878118092832,0.000157878118092832,0.000157878118092832,0.000157878118092832,0,0,0.000789390590464162,0.000315756236185665,0.000315756236185665,0,0.000157878118092832,0.000315756236185665,0.000157878118092832,0,0.000631512472371329,0.000315756236185665,0,0,0.000157878118092832,0,0.000473634354278497,0,0.000473634354278497,0.000157878118092832,0,0,0,0.000157878118092832,0.000947268708556994,0,0.000157878118092832,0,0,0,0,0,0,0,0,0,0,0,0.000157878118092832,0.000157878118092832,0,0,0,0,0,0,0,0,0.000315756236185665,0,0,0,0,0,0,0,0.000157878118092832,0,0.000315756236185665,0,0.000157878118092832,0,0,0,0,0,0,0,0,0.000315756236185665,0,0.000157878118092832,0,0,0,0,0,0.000947268708556994,0,0,0,0.000315756236185665,0,0,0.000157878118092832,0,0,0,0,0.000157878118092832,0.000157878118092832,0,0.000157878118092832,0,0,0,0,0,0.000157878118092832,0,0,0,0,0,0,0,0,0.000315756236185665,0,0,0,0,0,0,0,0,0,0,0,0,0,0,0,0.000157878118092832,0,0,0,0,0,0,0.000157878118092832,0,0,0,0.000473634354278497,0,0.000473634354278497,0,0,0.000157878118092832,0,0,0,0,0,0,0,0.000157878118092832,0.000631512472371329,0.000157878118092832,0,0,0,0.000789390590464162,0,0,0,0.000631512472371329,0.000157878118092832,0,0.000473634354278497,0.00157878118092832,0,0.000947268708556994,0.000315756236185665,0,0,0,0,0.000157878118092832,0.00126302494474266,0,0,0,0.000631512472371329,0,0,0,0,0.000315756236185665,0,0.000157878118092832,0.000157878118092832,0.000157878118092832,0,0.000157878118092832,0,0,0,0,0,0.000157878118092832,0,0.000473634354278497,0,0,0,0.00378907483422798,0,0,0,0.000157878118092832,0,0.000789390590464162,0,0,0,0.000315756236185665,0,0,0.000157878118092832,0,0,0,0,0.000315756236185665,0.000947268708556994,0,0,0,0,0.000157878118092832,0,0,0,0,0.000631512472371329,0,0.000315756236185665,0.000473634354278497,0,0,0,0.000157878118092832,0,0.000315756236185665,0,0,0,0,0,0,0,0,0,0,0,0,0,0,0,0.000473634354278497,0,0,0
"P105",0,0,0,0,0,0,0,0,0,0,0,0,0,0,0,0,0,0,0,0,0,0,0,0,0,0,0,0,0,0,0,0,0.00142090306283549,0,0,0,0,0,0.000789390590464162,0,0,0,0,0,0,0,0,0,0,0,0,0,0,0,0.000157878118092832,0,0,0,0,0,0,0,0,0,0,0,0,0,0,0,0,0,0.000157878118092832,0,0,0,0,0,0,0,0,0,0,0,0,0,0,0,0,0,0,0,0,0,0,0,0,0,0,0,0,0,0,0,0,0,0,0,0.000157878118092832,0,0,0,0,0,0,0,0,0,0,0,0,0,0,0,0,0,0,0,0,0,0,0,0,0.000157878118092832,0,0,0,0,0,0,0,0,0,0,0,0,0,0,0,0,0,0,0,0,0,0,0,0,0,0,0,0,0,0,0,0,0,0,0,0,0,0,0,0,0,0,0,0,0,0,0,0,0,0,0,0.000157878118092832,0,0,0,0,0,0,0,0,0,0,0,0,0,0,0,0,0,0,0,0,0,0,0,0,0,0,0,0,0,0,0,0,0.000157878118092832,0,0,0,0,0,0,0,0,0,0,0,0.00126302494474266,0,0.000157878118092832,0,0.000315756236185665,0,0,0,0,0,0,0,0.00252604988948532,0,0,0,0.000315756236185665,0,0,0,0,0.000157878118092832,0,0,0,0,0,0,0,0,0
"P107",0.00110514682664983,0,0.000473634354278497,0,0.000157878118092832,0.00157878118092832,0,0,0.00773602778654878,0,0.000789390590464162,0.000157878118092832,0.000157878118092832,0,0,0.000157878118092832,0,0,0.00126302494474266,0,0.00110514682664983,0,0.000315756236185665,0,0.000315756236185665,0.000315756236185665,0.00157878118092832,0,0,0.000157878118092832,0,0.00110514682664983,0.000157878118092832,0.0285759393748027,0,0,0.000157878118092832,0.000157878118092832,0.00126302494474266,0,0,0.000157878118092832,0,0.000157878118092832,0,0,0,0,0,0,0,0,0,0,0,0.000315756236185665,0,0,0,0,0,0,0.000157878118092832,0,0.000631512472371329,0.000315756236185665,0.000789390590464162,0.000157878118092832,0,0,0.000789390590464162,0,0,0.00126302494474266,0,0.00126302494474266,0.000157878118092832,0,0,0.000157878118092832,0.000157878118092832,0,0.000473634354278497,0.000315756236185665,0.000157878118092832,0,0,0,0,0.000157878118092832,0.000473634354278497,0,0,0,0,0,0,0,0.000315756236185665,0,0.00142090306283549,0.000157878118092832,0.000157878118092832,0,0,0.000157878118092832,0.000157878118092832,0,0,0,0,0.00284180612567098,0.000157878118092832,0.00678875907799179,0.0822544995263656,0,0,0,0,0.000631512472371329,0.00836754025892011,0,0,0.00110514682664983,0,0,0,0,0,0,0,0,0,0,0,0,0.000157878118092832,0,0,0,0,0,0,0,0,0.000157878118092832,0,0,0,0,0.000473634354278497,0.00378907483422798,0.00742027155036312,0.000947268708556994,0.000631512472371329,0,0,0.0159456899273761,0.00442058730659931,0,0.00426270918850647,0,0,0.000631512472371329,0,0,0,0.00631512472371329,0,0.000947268708556994,0.000473634354278497,0,0,0,0.00189453741711399,0.00252604988948532,0.000157878118092832,0,0,0,0,0.00173665929902116,0,0.00189453741711399,0.000473634354278497,0,0,0,0.000157878118092832,0,0.000631512472371329,0.00142090306283549,0,0.000157878118092832,0,0,0.000631512472371329,0,0,0,0.000315756236185665,0,0,0,0,0.000315756236185665,0.00378907483422798,0.000789390590464162,0.00189453741711399,0.00268392800757815,0.00189453741711399,0,0,0.000315756236185665,0.00189453741711399,0.00252604988948532,0,0,0,0.00110514682664983,0,0.000789390590464162,0.000631512472371329,0,0.000157878118092832,0,0,0.000157878118092832,0.000315756236185665,0,0,0.000315756236185665,0,0,0,0.000315756236185665,0,0,0.000157878118092832,0.00126302494474266,0.000947268708556994,0.000315756236185665,0,0,0,0,0,0,0,0,0,0,0,0.00552573413324913,0.000789390590464162,0.000157878118092832,0.000789390590464162,0.000473634354278497,0,0,0
"P122",0,0,0,0,0.000473634354278497,0.000157878118092832,0,0,0.000473634354278497,0.000157878118092832,0.000789390590464162,0.000947268708556994,0,0.00189453741711399,0.000157878118092832,0,0,0,0,0,0.000315756236185665,0,0.000631512472371329,0,0,0,0.000157878118092832,0,0,0,0.000473634354278497,0,0.000157878118092832,0.000631512472371329,0.00142090306283549,0,0.00378907483422798,0,0.00126302494474266,0.000631512472371329,0.00252604988948532,0,0.00173665929902116,0,0,0,0.00299968424376381,0.00252604988948532,0.00142090306283549,0.00205241553520682,0.000789390590464162,0,0,0.00110514682664983,0,0.000315756236185665,0,0,0,0,0,0,0.000157878118092832,0,0.000157878118092832,0,0,0,0,0.000157878118092832,0.000631512472371329,0.000631512472371329,0,0.000631512472371329,0.000947268708556994,0.000315756236185665,0.000631512472371329,0,0,0.000631512472371329,0.000315756236185665,0,0,0,0,0,0.000157878118092832,0,0,0.000157878118092832,0.000157878118092832,0.000947268708556994,0,0.000157878118092832,0,0,0,0,0.000157878118092832,0,0.000157878118092832,0,0,0,0,0.000157878118092832,0.000157878118092832,0,0,0,0,0,0,0.000315756236185665,0.000631512472371329,0,0,0,0,0.00173665929902116,0.00615724660562046,0.00189453741711399,0.00315756236185665,0,0,0,0.00126302494474266,0,0,0.000315756236185665,0.00236817177139249,0,0,0,0,0,0.000947268708556994,0.000157878118092832,0,0.00189453741711399,0.00110514682664983,0,0.000157878118092832,0.00473634354278497,0,0,0.0058414903694348,0.000315756236185665,0.000473634354278497,0,0,0.000157878118092832,0.000157878118092832,0.000473634354278497,0.000157878118092832,0,0,0.000157878118092832,0,0.000473634354278497,0,0,0,0.000157878118092832,0.00221029365329965,0.000789390590464162,0.000157878118092832,0.000947268708556994,0,0.000631512472371329,0,0.000157878118092832,0,0,0.000157878118092832,0.000789390590464162,0,0,0,0,0.000315756236185665,0.000315756236185665,0.000157878118092832,0.000789390590464162,0.000157878118092832,0,0,0,0,0.000157878118092832,0,0.000631512472371329,0,0,0,0,0,0.000157878118092832,0,0.000157878118092832,0,0,0,0.000789390590464162,0.000157878118092832,0,0,0,0,0,0.000473634354278497,0,0,0.000631512472371329,0,0,0.000157878118092832,0,0,0.000631512472371329,0.000789390590464162,0.00126302494474266,0.000789390590464162,0.000157878118092832,0.000473634354278497,0.000157878118092832,0.000315756236185665,0.00142090306283549,0.00189453741711399,0.000631512472371329,0,0.000947268708556994,0.00110514682664983,0.000789390590464162,0.000157878118092832,0.000473634354278497,0,0.000631512472371329,0.000157878118092832,0,0,0.000157878118092832,0.000789390590464162,0,0,0,0,0.000157878118092832,0.00110514682664983,0.000473634354278497,0.000789390590464162,0,0.000473634354278497,0,0,0.000157878118092832,0,0,0,0,0
"P140",0,0,0.000947268708556994,0,0.000315756236185665,0,0,0,0,0,0.000473634354278497,0.00284180612567098,0.000789390590464162,0.00126302494474266,0.000947268708556994,0,0,0.00173665929902116,0.000315756236185665,0,0,0,0,0,0.000157878118092832,0.000315756236185665,0,0,0,0,0.00378907483422798,0.000315756236185665,0.000947268708556994,0.00110514682664983,0.0202083991158825,0.000473634354278497,0.00284180612567098,0.024471108304389,0.00884117461319861,0,0.0058414903694348,0,0.0101041995579413,0.0336280391537733,0,0.000631512472371329,0,0.00126302494474266,0.00189453741711399,0.000315756236185665,0.000315756236185665,0.00110514682664983,0,0.00568361225134196,0.000157878118092832,0.00884117461319861,0.0151562993369119,0.0194190085254184,0,0,0,0,0.000157878118092832,0,0.000157878118092832,0.000789390590464162,0.0119987369750553,0,0,0,0.000157878118092832,0,0,0,0.00347331859804231,0.000157878118092832,0.000789390590464162,0.00173665929902116,0.00757814966845595,0,0,0.00284180612567098,0,0,0.00189453741711399,0,0.00394695295232081,0,0,0,0.000473634354278497,0.000631512472371329,0.00205241553520682,0.00205241553520682,0,0.00378907483422798,0,0,0.000947268708556994,0.00268392800757815,0.0159456899273761,0.00710451531417746,0,0,0,0,0,0,0,0,0,0.000315756236185665,0,0,0,0,0,0,0,0,0,0,0,0,0,0.000315756236185665,0,0,0.000157878118092832,0,0,0,0.000631512472371329,0.000157878118092832,0,0,0,0,0.00631512472371329,0,0,0,0,0,0.000473634354278497,0.00126302494474266,0,0.000157878118092832,0,0.000157878118092832,0,0,0,0,0.0121566150931481,0,0,0,0,0,0,0,0,0.00173665929902116,0,0.000473634354278497,0,0.00189453741711399,0,0.000157878118092832,0.000157878118092832,0,0.000157878118092832,0,0.000315756236185665,0.00189453741711399,0,0.00189453741711399,0,0,0,0.00189453741711399,0.00663088095989896,0.000631512472371329,0.00110514682664983,0.000157878118092832,0,0,0,0,0,0.0102620776760341,0,0,0.00189453741711399,0,0,0,0.000157878118092832,0.0129460056836123,0.0271550363119672,0,0.0323650142090306,0.00852541837701295,0.0532049257972845,0.00505209977897063,0.0153141774550047,0.0183138616987686,0.00552573413324913,0.00742027155036312,0.0164193242816546,0,0,0,0,0.000157878118092832,0,0,0.0285759393748027,0.00726239343227029,0.00868329649510578,0.000157878118092832,0.0137353962740764,0.000315756236185665,0.00205241553520682,0.00363119671613514,0.0492579728449637,0.0183138616987686,0.0394695295232081,0.0355225765708873,0.0153141774550047,0.0145247868645406,0.0132617619197979,0.00221029365329965,0.0429428481212504,0,0.00473634354278497,0.00773602778654878,0.00205241553520682,0,0.000473634354278497,0.000947268708556994,0.00805178402273445,0,0.0124723713293338,0,0,0,0,0,0.000315756236185665,0,0.000157878118092832,0,0,0.00110514682664983,0,0.000947268708556994,0.00631512472371329,0,0.000157878118092832
"P156",0,0,0,0,0,0,0,0,0,0,0,0,0,0,0,0,0,0,0,0,0,0,0.000157878118092832,0,0,0,0,0,0,0,0,0,0.000315756236185665,0.000789390590464162,0.000157878118092832,0.00189453741711399,0,0,0.00173665929902116,0.000157878118092832,0.00299968424376381,0.00142090306283549,0.00157878118092832,0.00142090306283549,0.00126302494474266,0,0.000157878118092832,0.000631512472371329,0.00221029365329965,0.000315756236185665,0.000789390590464162,0.000157878118092832,0.000157878118092832,0.000631512472371329,0,0,0,0,0,0,0,0,0.000157878118092832,0,0,0,0,0.00205241553520682,0.000157878118092832,0.000315756236185665,0.000157878118092832,0.000315756236185665,0.000947268708556994,0.000157878118092832,0.000157878118092832,0.000315756236185665,0.000157878118092832,0,0.000315756236185665,0,0,0,0,0,0,0,0,0,0,0,0,0,0,0,0,0,0,0,0,0,0,0,0,0,0,0,0,0,0,0,0,0.000157878118092832,0,0,0.000473634354278497,0,0,0,0,0,0,0,0,0,0,0,0,0,0,0,0.000157878118092832,0,0,0,0,0,0,0,0,0,0,0,0,0,0,0,0,0,0.000157878118092832,0,0,0.000157878118092832,0,0,0,0,0,0,0,0.000157878118092832,0,0,0,0,0,0,0,0,0.000157878118092832,0,0,0,0,0,0,0.000157878118092832,0,0.000473634354278497,0,0,0,0,0,0,0,0,0,0,0,0,0.000473634354278497,0.000315756236185665,0,0,0,0,0,0,0.000315756236185665,0,0,0,0,0,0,0.000315756236185665,0.000947268708556994,0,0,0,0,0,0,0,0,0,0,0,0,0.00221029365329965,0.00157878118092832,0.00157878118092832,0.00110514682664983,0,0.000473634354278497,0.000631512472371329,0,0.000157878118092832,0.000157878118092832,0,0,0.000157878118092832,0,0,0,0,0,0,0.000473634354278497,0,0,0,0,0,0,0,0,0,0,0,0,0,0,0,0,0,0,0,0,0,0
"P160",0,0,0.000315756236185665,0,0,0,0,0,0,0.000315756236185665,0.000157878118092832,0.000315756236185665,0.000789390590464162,0.00126302494474266,0.000157878118092832,0.000473634354278497,0,0.000157878118092832,0,0,0,0.000157878118092832,0.000157878118092832,0,0.000157878118092832,0,0,0,0,0.000947268708556994,0,0.000157878118092832,0.000157878118092832,0,0,0,0.000157878118092832,0.000473634354278497,0.000157878118092832,0.000157878118092832,0,0,0,0,0.000157878118092832,0,0,0.000157878118092832,0.000157878118092832,0.000473634354278497,0,0,0,0.000789390590464162,0.000947268708556994,0,0,0.000315756236185665,0,0,0.000157878118092832,0,0.000157878118092832,0.000473634354278497,0,0,0,0,0,0,0.000157878118092832,0.000473634354278497,0.000315756236185665,0.000157878118092832,0.000315756236185665,0.000157878118092832,0.000315756236185665,0,0,0,0,0,0,0,0,0,0,0.000315756236185665,0,0.000157878118092832,0,0.000157878118092832,0,0.000157878118092832,0.000315756236185665,0.000315756236185665,0.000631512472371329,0,0.000947268708556994,0.000789390590464162,0,0,0.000157878118092832,0,0,0,0,0,0,0,0,0,0,0,0,0,0,0.000157878118092832,0,0.000157878118092832,0,0,0,0,0,0,0.000157878118092832,0,0,0,0,0,0,0,0,0,0.000157878118092832,0,0,0,0.000315756236185665,0,0,0,0,0.000789390590464162,0,0,0,0,0,0,0,0,0.000947268708556994,0,0.000157878118092832,0,0,0,0,0,0,0,0,0,0,0,0.000473634354278497,0,0,0.000473634354278497,0,0,0,0,0,0,0,0,0.000157878118092832,0.000315756236185665,0.000157878118092832,0.000789390590464162,0.000473634354278497,0,0,0.000157878118092832,0,0,0,0,0.000789390590464162,0,0.000315756236185665,0.000473634354278497,0.000157878118092832,0,0,0.000631512472371329,0.000473634354278497,0,0.000631512472371329,0,0,0.000315756236185665,0,0,0,0,0,0.000473634354278497,0,0,0,0,0,0,0.000631512472371329,0,0,0,0,0.000789390590464162,0,0.00331544047994948,0.000473634354278497,0,0,0,0.000157878118092832,0.000631512472371329,0.000157878118092832,0.000947268708556994,0.000315756236185665,0,0.00284180612567098,0,0,0,0,0.00126302494474266,0.000631512472371329,0,0.00268392800757815,0,0.000315756236185665,0,0,0.000789390590464162,0,0.000473634354278497,0,0,0,0,0,0,0,0,0
"P183",0,0,0,0,0,0,0,0,0,0,0,0,0,0,0.000157878118092832,0,0,0,0,0,0,0,0,0,0,0,0,0,0,0,0,0,0.000789390590464162,0.000157878118092832,0,0,0,0,0,0,0,0,0.000315756236185665,0,0.000315756236185665,0,0,0,0,0.000157878118092832,0.000157878118092832,0,0,0,0,0,0,0,0,0.000157878118092832,0,0,0,0,0,0,0,0.000473634354278497,0,0,0,0.000315756236185665,0,0.000315756236185665,0,0.000315756236185665,0,0,0,0.000157878118092832,0,0,0,0,0,0,0,0.000157878118092832,0,0,0,0.000157878118092832,0,0,0,0,0,0,0,0,0,0,0,0,0,0,0.000315756236185665,0,0,0,0,0,0,0,0,0,0,0,0,0,0,0.00142090306283549,0.000157878118092832,0,0,0,0,0,0,0,0,0,0,0,0,0,0,0,0,0,0,0,0,0,0,0,0,0,0,0,0,0,0,0,0,0,0,0,0,0,0,0,0.000157878118092832,0,0,0,0,0.000315756236185665,0,0,0,0,0,0,0,0,0,0,0,0,0,0,0,0,0.000157878118092832,0,0,0,0,0,0.000157878118092832,0.000315756236185665,0,0,0,0,0,0,0,0,0.000157878118092832,0,0,0,0,0,0,0.000157878118092832,0,0.000157878118092832,0,0,0,0,0,0,0,0,0.000157878118092832,0,0,0,0,0,0,0,0,0,0,0,0,0,0,0.000789390590464162,0,0,0.00363119671613514,0,0,0,0,0,0,0,0,0,0,0,0,0,0,0,0,0,0,0,0,0,0,0,0
"P193",0,0,0,0,0,0,0,0,0,0,0,0,0,0,0,0,0,0,0,0,0,0,0,0,0,0,0,0,0,0,0,0,0.000157878118092832,0,0,0,0,0,0,0,0,0,0,0,0.000157878118092832,0,0,0,0,0,0,0,0,0,0,0,0,0,0,0,0,0,0.000157878118092832,0,0,0,0,0,0,0,0,0,0,0,0,0,0,0.000157878118092832,0,0,0,0,0,0,0,0,0,0,0,0,0,0,0,0,0,0.000157878118092832,0,0,0,0,0,0,0,0,0,0,0,0,0,0,0,0,0,0,0,0,0,0,0,0,0,0,0,0,0,0,0,0,0,0,0,0,0,0,0,0,0,0,0,0,0,0,0,0,0,0,0,0,0,0,0,0,0,0,0,0,0,0,0,0,0,0,0,0,0,0,0,0.000157878118092832,0,0.000315756236185665,0,0,0,0,0,0,0,0,0,0,0,0,0,0,0,0.000157878118092832,0,0,0,0,0,0,0,0,0,0,0,0.000315756236185665,0,0,0,0,0,0,0,0,0,0,0.000157878118092832,0.000157878118092832,0,0,0,0.000157878118092832,0,0,0,0,0,0,0,0,0,0,0,0,0,0,0,0,0,0,0,0,0,0.000157878118092832,0,0,0,0,0,0,0,0,0,0,0,0,0,0,0,0,0,0,0,0,0,0,0,0,0
"P224",0.000157878118092832,0,0,0,0.000157878118092832,0.000157878118092832,0,0,0.000157878118092832,0,0,0,0,0,0.000157878118092832,0,0,0,0.000315756236185665,0.00110514682664983,0.000157878118092832,0,0,0,0,0,0.000315756236185665,0,0,0,0,0,0.000473634354278497,0,0,0,0,0,0,0,0,0,0,0,0,0,0,0,0,0,0,0.00142090306283549,0,0,0,0,0,0,0,0,0.000157878118092832,0,0,0,0.000473634354278497,0,0.000473634354278497,0,0,0,0,0,0,0,0,0,0,0,0,0,0.000789390590464162,0.000789390590464162,0.000473634354278497,0,0,0.000157878118092832,0,0,0.0107357120303126,0,0.000789390590464162,0,0,0,0,0,0,0,0,0,0.000157878118092832,0,0,0,0,0,0,0,0.00126302494474266,0.00363119671613514,0.000315756236185665,0.000947268708556994,0,0,0.0232080833596464,0,0.000947268708556994,0,0.000315756236185665,0.000473634354278497,0.00126302494474266,0.00789390590464162,0.00394695295232081,0.000157878118092832,0,0.000157878118092832,0,0.000157878118092832,0.00347331859804231,0,0,0.00284180612567098,0.00505209977897063,0.00694663719608462,0.00189453741711399,0.00520997789706347,0.000157878118092832,0.000157878118092832,0,0,0.00394695295232081,0,0,0.00268392800757815,0.000315756236185665,0,0,0,0.000789390590464162,0.000473634354278497,0.00110514682664983,0.00552573413324913,0.00410483107041364,0.000947268708556994,0.000315756236185665,0,0.00221029365329965,0.0165772023997474,0.00568361225134196,0,0.00157878118092832,0,0,0,0,0,0,0,0,0,0,0,0,0.000157878118092832,0,0,0,0,0,0,0,0,0,0,0,0,0,0,0.000157878118092832,0,0,0.000315756236185665,0,0,0,0,0,0,0,0,0,0,0,0,0,0,0,0,0,0,0,0,0,0,0,0.000157878118092832,0.000315756236185665,0,0,0,0,0.000315756236185665,0,0,0,0,0.000157878118092832,0,0,0.000315756236185665,0,0,0,0,0,0,0,0,0,0.00110514682664983,0.000947268708556994,0,0.000631512472371329,0,0,0,0,0.000157878118092832,0.00221029365329965,0,0.00126302494474266,0.000315756236185665,0.000315756236185665,0.000789390590464162,0.00236817177139249,0,0.0249447426586675,0.000631512472371329,0,0,0
"P233",0,0,0,0,0,0.000473634354278497,0,0,0.000157878118092832,0,0.000157878118092832,0,0.000157878118092832,0,0.000473634354278497,0,0,0,0,0,0.000789390590464162,0,0.000473634354278497,0,0.000157878118092832,0,0.000157878118092832,0,0,0.000315756236185665,0.000157878118092832,0,0.000157878118092832,0,0,0,0,0,0.000315756236185665,0,0,0,0,0,0.000789390590464162,0,0,0.000315756236185665,0,0.000947268708556994,0,0,0,0,0,0,0,0,0,0,0.000157878118092832,0,0,0,0,0,0,0,0,0,0.000315756236185665,0,0.000631512472371329,0.000473634354278497,0,0.000157878118092832,0,0.000473634354278497,0,0.000157878118092832,0,0,0,0,0,0,0.000157878118092832,0.000157878118092832,0,0.000157878118092832,0.000315756236185665,0.000157878118092832,0,0,0.000157878118092832,0,0,0,0.000157878118092832,0,0,0,0,0,0,0,0,0,0,0,0.000473634354278497,0,0,0.000157878118092832,0,0,0,0,0,0,0,0,0,0,0,0,0.000315756236185665,0,0,0,0,0,0,0,0,0,0.000157878118092832,0,0,0,0.000157878118092832,0,0.000157878118092832,0,0,0,0,0,0,0,0,0.000157878118092832,0,0.000157878118092832,0.000157878118092832,0.00126302494474266,0,0,0,0.000315756236185665,0,0,0,0.000315756236185665,0,0.000157878118092832,0.000157878118092832,0.000947268708556994,0,0.000473634354278497,0.000157878118092832,0,0.000315756236185665,0,0.000315756236185665,0.000473634354278497,0.000157878118092832,0.000631512472371329,0,0,0.000473634354278497,0,0,0.000157878118092832,0,0,0.000157878118092832,0.000157878118092832,0,0,0,0.000157878118092832,0,0,0,0,0,0,0.000157878118092832,0.000157878118092832,0.000157878118092832,0.000157878118092832,0,0,0,0,0.000315756236185665,0.000315756236185665,0.000315756236185665,0,0,0,0,0,0,0,0,0,0,0,0.000157878118092832,0,0,0,0,0,0.000157878118092832,0,0.000315756236185665,0.000157878118092832,0.000631512472371329,0.000157878118092832,0.000157878118092832,0,0.000157878118092832,0,0.000315756236185665,0.000315756236185665,0.000157878118092832,0.000157878118092832,0.000157878118092832,0,0,0,0,0,0,0,0,0,0,0,0,0,0,0,0,0.000789390590464162,0,0,0.000789390590464162
"P236",0,0,0,0,0,0,0,0,0,0,0,0,0,0,0,0,0,0,0,0,0,0,0,0,0.000473634354278497,0,0,0,0,0,0,0.000157878118092832,0.000315756236185665,0,0,0,0.000789390590464162,0,0,0,0,0,0,0,0,0,0,0,0,0,0,0,0,0,0,0,0,0,0,0,0,0,0.00110514682664983,0,0,0,0,0,0,0,0,0,0,0,0,0,0,0,0,0,0,0,0,0,0,0,0,0,0,0,0,0,0,0,0,0,0,0,0.000157878118092832,0,0,0,0,0,0,0,0,0,0,0,0,0,0,0.000157878118092832,0,0,0,0,0,0,0.000157878118092832,0,0,0,0,0,0,0,0,0,0,0.000315756236185665,0,0,0,0,0,0,0,0,0,0,0,0,0,0,0,0,0,0,0,0,0,0,0,0,0,0,0,0,0,0,0.000473634354278497,0,0,0,0,0,0,0,0,0,0.000315756236185665,0,0.000157878118092832,0,0,0,0,0,0,0,0,0,0,0,0,0,0,0,0,0,0,0,0,0,0,0,0.000157878118092832,0,0,0,0,0,0,0,0.000315756236185665,0,0,0,0.000157878118092832,0,0,0,0,0,0,0,0,0.000157878118092832,0.00157878118092832,0,0,0,0,0,0,0,0,0,0,0,0,0,0,0,0.000631512472371329,0.000315756236185665,0,0,0,0,0,0,0,0,0,0,0,0,0,0,0,0,0,0,0,0,0,0,0
"P237",0,0,0,0,0,0,0,0,0.000157878118092832,0,0,0.000157878118092832,0,0,0,0,0,0,0.000157878118092832,0,0.000157878118092832,0,0.000157878118092832,0,0,0,0,0,0,0,0,0,0,0,0,0,0,0,0,0,0,0,0,0,0,0,0,0,0,0,0,0,0,0,0,0,0,0,0,0,0,0,0,0,0,0,0,0,0,0,0,0,0,0,0,0,0,0,0,0,0,0,0,0,0,0,0,0.000157878118092832,0,0,0,0,0,0,0,0,0,0,0,0,0,0,0,0,0,0,0,0,0,0,0,0,0,0,0,0,0,0,0,0,0,0,0,0,0,0,0,0,0,0,0,0,0,0,0,0,0,0,0,0,0,0,0,0,0,0,0,0,0,0,0,0,0,0,0,0,0,0,0,0,0,0,0,0,0,0,0,0,0,0,0,0,0,0,0,0,0,0,0,0,0,0,0,0,0,0,0,0,0,0,0,0,0,0,0,0,0,0,0,0,0,0,0,0,0,0,0,0.000157878118092832,0,0,0,0,0,0,0,0,0,0,0,0,0,0,0,0,0,0,0,0,0,0,0,0,0,0,0,0,0,0,0,0,0,0,0,0,0,0,0,0,0,0,0,0,0,0,0,0,0,0.000157878118092832,0,0,0
"P258",0,0,0,0,0,0,0,0,0,0,0,0,0,0,0,0,0,0,0,0,0,0,0,0,0,0,0,0,0,0,0,0,0,0,0,0,0,0,0,0,0,0,0,0,0,0,0,0,0,0,0.000157878118092832,0,0,0,0,0,0,0,0,0,0,0,0,0,0,0,0,0,0,0,0,0,0,0,0,0,0,0,0,0,0.000157878118092832,0,0,0,0,0,0,0,0,0,0,0,0,0,0,0,0,0,0,0,0,0,0,0,0,0,0,0,0,0,0,0,0,0,0,0,0,0,0,0,0,0,0,0,0,0,0,0,0,0,0,0,0,0,0,0,0,0,0,0,0,0,0,0,0,0,0,0,0,0,0,0,0,0,0,0,0,0,0,0,0,0,0,0,0,0,0,0,0,0,0,0,0,0,0,0,0,0,0,0,0,0,0,0,0,0,0,0,0,0,0,0,0,0,0,0,0,0,0,0,0,0,0,0,0,0,0,0,0,0,0,0,0,0,0,0,0,0,0,0,0,0,0,0,0,0,0,0,0,0,0,0,0,0,0,0,0,0,0,0,0,0,0,0,0,0,0,0,0,0,0,0,0,0,0,0,0,0,0,0,0
"P268",0,0,0,0,0,0,0,0,0,0,0,0,0,0,0,0,0,0,0,0,0,0,0.000157878118092832,0,0.00189453741711399,0,0,0,0,0,0,0,0.000473634354278497,0,0,0,0,0,0,0,0,0,0,0,0,0,0,0,0,0,0,0,0,0,0,0,0,0,0,0,0,0,0.00126302494474266,0.000315756236185665,0,0,0,0,0,0.00157878118092832,0,0.000947268708556994,0.000157878118092832,0,0,0.000157878118092832,0,0,0,0,0,0,0,0,0,0,0,0,0,0,0,0,0,0,0,0,0,0,0,0,0,0,0,0,0,0,0,0,0,0,0,0,0,0,0,0,0,0,0,0,0,0,0,0,0,0,0,0,0,0,0,0,0,0,0,0,0,0,0,0,0.000473634354278497,0,0,0,0,0,0,0,0,0,0,0,0,0,0,0,0,0,0,0,0,0,0,0,0,0,0,0,0,0,0,0,0,0,0,0,0,0,0,0,0,0,0,0,0,0,0,0,0,0,0,0,0,0,0,0,0,0,0.000315756236185665,0,0,0,0,0,0,0,0,0,0,0,0,0,0,0,0,0,0,0,0,0,0,0,0,0,0,0,0,0,0,0,0.00110514682664983,0,0,0,0,0.000157878118092832,0.000315756236185665,0,0,0,0,0,0,0,0,0,0,0,0,0,0,0,0,0,0,0,0,0,0,0,0
"P272",0.00331544047994948,0.000157878118092832,0.000157878118092832,0.00126302494474266,0.00173665929902116,0.000315756236185665,0.000473634354278497,0.00205241553520682,0.000157878118092832,0.000473634354278497,0.000947268708556994,0.000157878118092832,0.000157878118092832,0,0,0.000473634354278497,0,0.000473634354278497,0.000157878118092832,0.00315756236185665,0.000473634354278497,0.00268392800757815,0,0.000315756236185665,0,0.00142090306283549,0.00284180612567098,0,0,0.000631512472371329,0.000631512472371329,0.00221029365329965,0,0,0.000947268708556994,0,0.000157878118092832,0.000315756236185665,0,0.000315756236185665,0,0.000631512472371329,0,0,0,0.000473634354278497,0.000157878118092832,0.00110514682664983,0,0.000947268708556994,0.000157878118092832,0,0,0,0,0.000947268708556994,0,0,0.000157878118092832,0,0.00236817177139249,0,0,0,0.000631512472371329,0.000473634354278497,0.000947268708556994,0.00110514682664983,0,0,0,0,0,0.000473634354278497,0,0.000157878118092832,0,0,0,0.00347331859804231,0.00694663719608462,0,0.000315756236185665,0.000315756236185665,0,0.0048942216608778,0.000315756236185665,0,0,0.000157878118092832,0.00663088095989896,0.00236817177139249,0.00331544047994948,0,0,0,0,0.00520997789706347,0,0,0.000473634354278497,0.00126302494474266,0.000157878118092832,0.00868329649510578,0,0,0,0,0,0.000789390590464162,0.00552573413324913,0.00552573413324913,0,0.000157878118092832,0.000315756236185665,0,0.00457846542469214,0.000789390590464162,0.00284180612567098,0,0.000315756236185665,0.000315756236185665,0.000157878118092832,0.000157878118092832,0.000157878118092832,0.00331544047994948,0,0,0.00221029365329965,0.000157878118092832,0,0,0.0048942216608778,0.00394695295232081,0.000315756236185665,0.000947268708556994,0.000315756236185665,0.000315756236185665,0.00189453741711399,0.00110514682664983,0.000157878118092832,0.00126302494474266,0,0,0.000315756236185665,0.000473634354278497,0.00110514682664983,0.000473634354278497,0.000315756236185665,0,0.000473634354278497,0.00268392800757815,0.000631512472371329,0.000631512472371329,0,0,0.000947268708556994,0.000157878118092832,0.000157878118092832,0.000315756236185665,0,0.000473634354278497,0,0.000789390590464162,0.000631512472371329,0.000789390590464162,0.00110514682664983,0.000473634354278497,0.000947268708556994,0.000947268708556994,0.000473634354278497,0.000473634354278497,0,0.00363119671613514,0.000157878118092832,0.000473634354278497,0,0.000315756236185665,0,0.000631512472371329,0.000631512472371329,0.00205241553520682,0.00126302494474266,0.000631512472371329,0.000473634354278497,0,0,0,0,0,0.000157878118092832,0.000473634354278497,0,0,0,0,0.00221029365329965,0.00252604988948532,0.000157878118092832,0.000473634354278497,0,0.000157878118092832,0,0,0.000157878118092832,0.000315756236185665,0,0.000315756236185665,0.000315756236185665,0.000789390590464162,0.000157878118092832,0,0.000631512472371329,0.00110514682664983,0.00142090306283549,0.000473634354278497,0.0119987369750553,0.000157878118092832,0,0,0.000157878118092832,0,0.000789390590464162,0.000157878118092832,0.00110514682664983,0.000315756236185665,0.000473634354278497,0.000157878118092832,0.000947268708556994,0,0,0.000315756236185665,0.000157878118092832,0.000631512472371329,0,0.000157878118092832,0,0.000315756236185665,0.00157878118092832,0,0.000315756236185665,0,0,0,0,0,0,0,0.000315756236185665,0,0.000315756236185665,0.00142090306283549,0,0,0.00568361225134196,0.00899905273129144,0.0194190085254184,0.000157878118092832,0.000157878118092832,0.000157878118092832,0
"P279",0,0,0,0,0,0.000157878118092832,0,0,0.000157878118092832,0,0,0,0.000157878118092832,0,0,0,0,0.000157878118092832,0,0,0,0,0,0,0,0,0,0,0,0,0,0,0.000157878118092832,0,0,0,0,0,0.000157878118092832,0,0,0,0,0,0,0,0,0,0,0,0,0,0,0,0,0,0,0,0,0,0,0,0,0,0,0,0,0,0,0,0,0,0,0,0,0,0,0,0,0,0,0,0,0,0,0,0,0,0,0,0,0,0,0,0,0,0,0,0,0,0,0,0,0,0,0,0.000157878118092832,0,0,0,0,0,0,0,0,0,0,0,0,0,0,0,0,0,0,0,0,0,0,0,0,0,0,0,0,0,0,0,0,0,0,0.000157878118092832,0,0,0,0,0,0,0,0,0,0,0,0,0,0,0,0,0,0,0,0,0,0,0,0,0,0.000473634354278497,0,0,0,0,0,0,0,0.000473634354278497,0,0,0,0,0.000157878118092832,0,0,0,0,0,0,0,0,0,0,0,0,0,0,0,0,0.000157878118092832,0,0,0,0,0,0,0,0,0,0,0.000157878118092832,0,0,0,0.000157878118092832,0,0,0,0,0,0,0,0,0,0,0,0,0,0,0,0,0.000157878118092832,0,0,0,0,0,0,0,0,0,0,0,0,0,0,0,0,0,0,0,0,0,0,0,0,0,0,0,0,0,0,0
"P285",0,0,0,0,0,0,0,0,0,0,0,0,0,0,0,0,0,0,0,0,0,0,0,0,0,0,0,0,0,0,0,0,0.000157878118092832,0,0,0,0,0,0,0,0,0,0,0,0,0,0,0.00189453741711399,0,0,0,0,0,0,0,0,0,0,0,0,0,0,0,0,0,0,0,0,0,0,0,0,0,0,0,0,0,0,0,0,0.00299968424376381,0,0,0,0,0,0,0,0,0,0,0,0,0,0,0,0,0,0,0,0,0,0,0,0,0,0,0,0,0,0,0,0,0,0,0,0,0,0.000157878118092832,0,0,0,0,0,0,0,0,0,0,0,0,0,0,0,0,0,0,0,0,0,0,0,0,0,0,0,0,0,0,0,0,0,0,0,0,0,0,0,0,0,0,0,0,0,0,0,0,0,0,0,0,0,0,0,0,0,0,0,0,0,0,0,0,0,0,0,0,0,0,0,0,0,0,0,0,0,0,0,0,0,0,0,0,0,0,0,0,0,0,0,0,0,0,0,0,0,0,0,0,0,0,0,0,0,0,0,0,0,0,0,0,0,0,0,0,0,0,0,0,0,0,0,0,0,0,0,0,0,0,0,0,0,0,0,0,0,0,0,0,0,0
"P306",0,0,0.000315756236185665,0.000157878118092832,0.000315756236185665,0.00268392800757815,0,0,0.00205241553520682,0.000631512472371329,0.000315756236185665,0,0.000157878118092832,0.000315756236185665,0.000315756236185665,0.000157878118092832,0.000157878118092832,0.000157878118092832,0.000315756236185665,0.000157878118092832,0.000631512472371329,0,0.000947268708556994,0.000157878118092832,0,0,0.000315756236185665,0.000315756236185665,0,0.000157878118092832,0.000315756236185665,0.000947268708556994,0.000315756236185665,0,0,0,0,0.000315756236185665,0,0.000473634354278497,0,0,0.000157878118092832,0,0.00284180612567098,0.000157878118092832,0,0.000631512472371329,0.00110514682664983,0.000631512472371329,0,0,0,0,0.000157878118092832,0,0,0,0.000157878118092832,0.000157878118092832,0.000315756236185665,0.000157878118092832,0.000315756236185665,0,0.000473634354278497,0,0.000315756236185665,0,0,0,0,0,0.00126302494474266,0.000473634354278497,0,0.000947268708556994,0,0.000947268708556994,0,0.000315756236185665,0,0,0,0.000157878118092832,0,0,0,0.000473634354278497,0,0.000473634354278497,0.000157878118092832,0.000631512472371329,0,0,0.000157878118092832,0,0,0,0,0,0,0.000315756236185665,0,0,0,0,0.000157878118092832,0,0.000157878118092832,0.000157878118092832,0,0,0,0,0.000157878118092832,0.000315756236185665,0,0,0,0.000157878118092832,0,0,0,0,0,0,0,0,0,0.000315756236185665,0,0,0,0,0,0,0.000473634354278497,0.000473634354278497,0,0,0.000157878118092832,0.000631512472371329,0,0.000473634354278497,0,0.000157878118092832,0.000789390590464162,0.000631512472371329,0,0,0,0.000315756236185665,0.000315756236185665,0.000473634354278497,0.00126302494474266,0.00378907483422798,0,0,0,0.000789390590464162,0,0,0,0.000315756236185665,0,0,0.000315756236185665,0.00284180612567098,0,0.00126302494474266,0.000473634354278497,0.000157878118092832,0.000631512472371329,0,0.00189453741711399,0.000947268708556994,0.00110514682664983,0.00173665929902116,0,0,0.000473634354278497,0,0,0,0,0.000473634354278497,0.000157878118092832,0,0,0.000157878118092832,0,0.000157878118092832,0,0,0,0,0,0.000631512472371329,0,0.000631512472371329,0,0.000157878118092832,0,0.00173665929902116,0,0.000157878118092832,0.000157878118092832,0.000315756236185665,0.000631512472371329,0.000789390590464162,0,0,0.000315756236185665,0.00142090306283549,0,0,0.000315756236185665,0,0,0.000157878118092832,0.000157878118092832,0.000157878118092832,0,0,0,0.000157878118092832,0.000631512472371329,0.000473634354278497,0.000157878118092832,0.000473634354278497,0.000631512472371329,0,0.000315756236185665,0,0.000631512472371329,0.000157878118092832,0.000789390590464162,0.000157878118092832,0.000315756236185665,0.000157878118092832,0.000631512472371329,0.00347331859804231,0.000157878118092832,0,0,0,0,0,0,0.000157878118092832,0,0,0,0,0,0,0,0,0,0,0
"P321",0,0,0.000315756236185665,0,0,0,0,0,0.000947268708556994,0.000631512472371329,0.00110514682664983,0.00173665929902116,0.00189453741711399,0,0.000947268708556994,0,0.000473634354278497,0.00221029365329965,0,0.000631512472371329,0.000473634354278497,0,0,0.000947268708556994,0,0,0,0.0151562993369119,0.000473634354278497,0,0.000631512472371329,0.000789390590464162,0,0.000473634354278497,0,0,0.00110514682664983,0,0.000157878118092832,0,0,0,0,0,0.000473634354278497,0,0,0.000631512472371329,0,0,0.000473634354278497,0,0,0,0,0.000473634354278497,0,0.00126302494474266,0.000157878118092832,0,0,0.000473634354278497,0,0,0.000631512472371329,0,0,0,0,0,0.00142090306283549,0,0,0.00173665929902116,0,0.000789390590464162,0,0,0,0,0.000157878118092832,0,0,0,0,0.000157878118092832,0,0.000315756236185665,0.00110514682664983,0,0,0,0,0,0,0,0,0,0.000157878118092832,0,0,0,0,0,0,0,0,0,0.000473634354278497,0,0.000157878118092832,0.000157878118092832,0,0,0,0,0,0,0.000157878118092832,0.000473634354278497,0.000473634354278497,0.000315756236185665,0,0,0,0,0.000947268708556994,0,0,0,0.000157878118092832,0.000631512472371329,0.000315756236185665,0,0.00252604988948532,0,0.000631512472371329,0,0,0,0.00126302494474266,0,0.000315756236185665,0,0.000315756236185665,0,0.000789390590464162,0.000947268708556994,0.000473634354278497,0.000631512472371329,0,0,0,0,0.000631512472371329,0.000157878118092832,0.000157878118092832,0,0,0.00157878118092832,0,0.00331544047994948,0,0.000631512472371329,0,0.000473634354278497,0.000947268708556994,0.000789390590464162,0.000157878118092832,0.000473634354278497,0,0.000157878118092832,0,0,0,0.000315756236185665,0,0,0.000947268708556994,0,0.00157878118092832,0,0,0.000157878118092832,0,0,0,0,0,0.000157878118092832,0,0,0.000315756236185665,0,0,0.000315756236185665,0.000157878118092832,0.000473634354278497,0,0.000315756236185665,0,0,0,0,0,0,0.000157878118092832,0,0,0,0.000157878118092832,0,0.000157878118092832,0.00189453741711399,0,0,0.000157878118092832,0,0,0.000157878118092832,0.000157878118092832,0.000315756236185665,0.000789390590464162,0,0.000157878118092832,0,0,0,0.000157878118092832,0,0.000315756236185665,0.000315756236185665,0,0.000315756236185665,0.000315756236185665,0.000631512472371329,0.00110514682664983,0,0,0.000789390590464162,0,0,0,0,0,0,0.000157878118092832,0,0.00110514682664983,0.000631512472371329,0,0.000473634354278497,0,0,0,0,0,0.000315756236185665,0.000315756236185665,0.000157878118092832,0.000315756236185665
"P329",0,0,0,0,0,0,0,0,0,0,0,0,0,0,0,0,0,0,0,0,0,0,0,0,0,0,0,0,0,0,0,0,0,0,0.000157878118092832,0,0.000315756236185665,0.000157878118092832,0,0,0,0,0,0,0.000157878118092832,0.00268392800757815,0,0.000473634354278497,0.00110514682664983,0,0.000157878118092832,0,0,0,0,0,0,0,0,0,0,0,0,0,0.000315756236185665,0,0,0,0,0,0.000157878118092832,0,0,0.000157878118092832,0,0,0,0.000157878118092832,0,0.000157878118092832,0.000473634354278497,0,0,0,0,0.000315756236185665,0,0,0,0,0.00142090306283549,0,0,0,0,0,0,0,0,0,0,0,0,0.000631512472371329,0,0,0.000157878118092832,0,0,0,0,0,0,0,0,0,0.000789390590464162,0.000473634354278497,0.000157878118092832,0,0,0.000473634354278497,0,0,0,0,0.00110514682664983,0,0,0,0.000631512472371329,0,0,0,0,0,0,0,0,0,0,0,0,0,0,0,0.000473634354278497,0,0,0,0,0,0,0,0,0,0.000157878118092832,0,0,0,0,0,0,0,0,0.000157878118092832,0,0,0,0,0,0,0,0.000473634354278497,0,0,0,0,0,0.000631512472371329,0,0,0,0,0,0,0,0,0,0,0,0,0,0,0,0,0,0,0,0,0,0.000157878118092832,0.000157878118092832,0,0,0,0,0.000315756236185665,0,0,0,0,0,0,0,0,0,0,0,0,0.000157878118092832,0,0,0,0.000473634354278497,0.000473634354278497,0.000157878118092832,0.00142090306283549,0.000789390590464162,0.00189453741711399,0,0,0,0,0,0,0,0.000315756236185665,0,0,0,0,0.000631512472371329,0,0,0,0,0,0,0.000631512472371329,0,0.000315756236185665,0,0,0,0,0,0,0,0,0
"P368",0.000157878118092832,0,0,0,0,0,0.000157878118092832,0,0,0,0.000157878118092832,0,0.000157878118092832,0,0,0,0,0,0.000157878118092832,0,0,0,0,0,0,0.000315756236185665,0,0,0,0,0,0,0,0,0,0.000157878118092832,0,0,0,0,0,0.000157878118092832,0,0,0,0.00442058730659931,0,0.000315756236185665,0,0,0,0,0,0.000157878118092832,0,0,0,0,0.000157878118092832,0,0,0,0,0.000157878118092832,0,0.00221029365329965,0.000157878118092832,0,0,0,0,0,0,0,0,0,0,0,0,0,0,0,0,0,0,0,0,0,0,0,0.000157878118092832,0.000157878118092832,0,0,0,0,0,0,0,0,0,0,0.000315756236185665,0,0,0,0,0,0,0,0,0,0,0,0,0,0,0,0,0,0,0,0,0,0,0,0,0,0,0,0,0,0,0,0,0,0.000157878118092832,0,0,0,0,0.000157878118092832,0.000315756236185665,0,0,0,0,0,0,0,0,0,0,0,0.000157878118092832,0,0,0,0,0,0,0,0,0,0,0,0,0,0,0,0,0.000157878118092832,0,0,0,0,0,0,0,0,0,0,0,0,0,0,0,0,0,0,0,0,0,0,0,0.000315756236185665,0,0.000157878118092832,0,0,0,0,0,0,0,0,0,0.000157878118092832,0,0,0.000157878118092832,0,0.000157878118092832,0.000157878118092832,0,0,0,0,0,0,0,0,0,0,0,0,0,0.000157878118092832,0,0,0,0.000157878118092832,0,0,0,0,0.000157878118092832,0,0,0,0,0,0.000157878118092832,0,0,0,0,0,0,0,0,0,0,0,0,0,0,0,0,0,0
"P391",0,0,0,0,0.000157878118092832,0,0,0,0,0,0,0,0,0,0,0,0,0,0,0,0,0,0,0,0,0,0,0,0,0,0,0,0,0,0,0,0,0,0,0,0,0,0,0,0,0,0,0.000157878118092832,0,0,0,0,0,0,0,0,0,0,0,0,0,0,0,0,0,0,0,0,0,0,0,0,0,0,0,0,0,0,0,0,0,0,0,0,0,0,0,0,0,0,0,0.000157878118092832,0,0,0,0,0,0,0,0,0,0,0,0,0,0,0,0,0,0,0,0,0,0,0,0,0,0,0,0,0,0,0,0,0,0,0,0,0,0,0,0,0,0,0,0,0,0,0,0,0,0,0,0,0,0,0,0,0,0,0,0,0,0,0,0,0,0,0,0,0,0,0,0,0,0,0,0,0,0,0,0,0,0,0,0,0,0,0,0,0,0,0,0,0,0,0,0,0,0,0,0,0,0,0,0,0,0,0,0,0,0,0,0,0,0,0,0,0,0,0,0,0,0,0,0,0,0,0,0,0,0,0,0,0,0,0.000157878118092832,0,0,0,0,0,0,0,0,0,0,0,0,0,0,0,0,0,0,0,0,0,0,0,0,0,0,0,0,0,0,0,0,0,0
"P402",0,0,0.000315756236185665,0,0,0,0,0,0,0,0,0,0,0.000157878118092832,0,0,0.000157878118092832,0.00142090306283549,0.000157878118092832,0,0,0,0.000631512472371329,0,0.000157878118092832,0.000157878118092832,0,0,0,0,0,0,0.000315756236185665,0,0,0,0,0,0,0,0,0,0,0,0,0,0,0,0,0,0,0,0,0,0,0,0,0,0,0,0,0,0.00142090306283549,0.000315756236185665,0,0,0,0,0,0.000157878118092832,0,0,0.000157878118092832,0,0,0.000789390590464162,0,0,0,0,0,0,0,0,0.00884117461319861,0,0,0,0,0.000157878118092832,0,0,0,0.0113672245026839,0,0.000315756236185665,0,0,0.000157878118092832,0,0,0,0,0,0,0,0,0,0,0,0,0,0,0,0,0,0,0,0,0,0,0,0,0,0,0,0,0,0,0,0,0,0,0,0,0,0.000473634354278497,0,0,0,0,0,0,0,0,0,0,0,0,0,0,0,0,0,0.000157878118092832,0,0,0,0,0,0,0,0,0.000947268708556994,0,0.000157878118092832,0,0,0.00126302494474266,0,0,0,0,0,0,0,0,0,0,0,0,0,0,0,0.000315756236185665,0,0,0,0,0,0,0,0,0,0,0,0,0,0.000473634354278497,0.000315756236185665,0.0233659614777392,0,0.00347331859804231,0,0,0,0,0,0,0,0,0,0,0,0,0,0,0,0.000947268708556994,0,0,0,0,0.000473634354278497,0.000157878118092832,0,0,0,0,0,0.00189453741711399,0.0115251026207768,0.0143669087464477,0,0.0252604988948532,0.00694663719608462,0.0132617619197979,0.000315756236185665,0.00173665929902116,0,0,0.000473634354278497,0,0,0,0,0,0,0,0,0,0,0,0,0,0,0,0,0,0,0
"P405",0.000157878118092832,0,0,0,0,0.000157878118092832,0,0.000315756236185665,0,0,0.0124723713293338,0,0,0.000157878118092832,0,0,0,0,0,0,0.000157878118092832,0,0,0,0,0,0.000157878118092832,0,0,0,0,0,0,0,0,0,0,0.000157878118092832,0.000157878118092832,0,0,0,0.000315756236185665,0.000157878118092832,0,0,0.000631512472371329,0,0,0,0,0.000157878118092832,0.000315756236185665,0.000157878118092832,0,0,0,0,0,0,0.000157878118092832,0,0,0,0,0.000157878118092832,0,0,0,0,0.000157878118092832,0,0,0.000789390590464162,0,0.000157878118092832,0,0,0,0.000315756236185665,0,0,0,0,0.000157878118092832,0,0,0,0,0,0,0,0,0,0,0,0,0,0.000473634354278497,0,0,0,0,0,0,0,0,0,0,0,0,0,0,0,0,0,0,0,0,0,0,0,0,0.000473634354278497,0,0,0,0,0,0,0.000157878118092832,0,0,0,0,0,0,0,0,0,0,0,0,0,0,0.000789390590464162,0,0,0,0,0,0.000157878118092832,0,0,0.000157878118092832,0,0,0,0,0,0.000157878118092832,0,0.000157878118092832,0,0,0,0,0,0,0,0,0,0,0,0,0,0,0,0,0,0,0,0,0,0,0,0,0,0,0,0,0,0,0.000315756236185665,0,0,0.000157878118092832,0,0.0058414903694348,0,0,0,0,0,0,0,0,0,0.000157878118092832,0.000157878118092832,0.000157878118092832,0,0,0.000157878118092832,0,0,0,0,0.00347331859804231,0,0,0,0,0,0,0,0,0,0,0,0,0,0,0.00363119671613514,0,0,0.00315756236185665,0,0.000947268708556994,0,0,0.00110514682664983,0,0,0,0,0,0.000157878118092832,0,0,0,0,0,0,0,0,0,0,0,0,0
"P407",0,0,0.000473634354278497,0,0,0,0,0,0,0,0,0,0,0,0,0,0,0,0.000947268708556994,0,0.000473634354278497,0.000157878118092832,0,0,0,0,0,0,0,0.00126302494474266,0,0,0.000631512472371329,0,0,0,0,0,0.00268392800757815,0,0,0,0,0,0,0,0,0,0.0116829807388696,0,0.00647300284180613,0,0,0,0,0.0416798231765077,0,0,0,0,0,0,0,0,0.000315756236185665,0,0,0,0,0,0,0.00742027155036312,0,0,0,0,0,0,0,0,0,0.000157878118092832,0,0,0,0,0,0,0,0,0,0,0,0,0,0,0.000157878118092832,0,0,0,0.00315756236185665,0,0,0,0,0,0,0,0,0,0,0,0,0,0,0,0,0.00110514682664983,0,0,0,0,0,0,0,0,0,0,0,0,0,0,0,0,0,0,0,0,0,0,0,0,0,0,0,0,0,0,0,0,0,0,0,0,0.00126302494474266,0,0,0,0,0,0,0,0,0,0,0,0,0,0,0,0,0,0,0,0,0,0,0,0,0,0,0,0,0,0,0,0,0,0,0,0.000157878118092832,0.000473634354278497,0,0,0,0,0,0,0,0,0,0.000315756236185665,0,0,0,0,0,0,0.000157878118092832,0.000157878118092832,0,0,0.000157878118092832,0,0,0,0.000631512472371329,0,0,0,0,0,0.000315756236185665,0,0.000473634354278497,0.0127881275655194,0.000631512472371329,0.0472055573097569,0,0.000473634354278497,0,0.000157878118092832,0,0.000789390590464162,0.0281023050205242,0.00599936848752763,0,0.000789390590464162,0.00742027155036312,0,0.000315756236185665,0,0,0,0,0,0,0,0,0,0,0,0,0,0,0,0,0,0,0,0
"P425",0.000157878118092832,0,0,0,0.000631512472371329,0,0,0,0,0.000315756236185665,0,0.000315756236185665,0.000157878118092832,0,0,0,0,0,0,0.000631512472371329,0,0.000789390590464162,0,0,0,0.000157878118092832,0.00142090306283549,0.000157878118092832,0,0,0,0.00126302494474266,0,0,0,0,0,0,0,0.000157878118092832,0,0,0,0,0,0,0,0.000157878118092832,0.000315756236185665,0.000473634354278497,0,0.000315756236185665,0,0,0,0.000157878118092832,0,0,0.000157878118092832,0,0.000631512472371329,0,0,0,0.000631512472371329,0.00378907483422798,0.00473634354278497,0.000315756236185665,0,0.000157878118092832,0,0,0.000315756236185665,0.000473634354278497,0.000157878118092832,0,0,0,0,0.00157878118092832,0.00505209977897063,0,0.000157878118092832,0,0,0.000947268708556994,0,0,0,0,0.00631512472371329,0.00126302494474266,0.00142090306283549,0,0,0,0,0.0247868645405747,0,0,0.000789390590464162,0.000789390590464162,0.000157878118092832,0.00299968424376381,0,0,0,0,0,0,0.000947268708556994,0.00789390590464162,0.000157878118092832,0,0,0,0.0903062835491001,0.000315756236185665,0.0156299336911904,0,0,0.000157878118092832,0,0,0,0.00252604988948532,0.000315756236185665,0,0.000947268708556994,0.000157878118092832,0,0.000157878118092832,0.00221029365329965,0.000473634354278497,0.000157878118092832,0,0.000157878118092832,0,0,0,0,0.000315756236185665,0,0,0,0,0,0.000315756236185665,0.000157878118092832,0,0.000157878118092832,0.000789390590464162,0,0,0,0.000473634354278497,0.000157878118092832,0,0,0,0.000157878118092832,0,0,0,0.000157878118092832,0.000315756236185665,0.000315756236185665,0.000157878118092832,0,0,0.000315756236185665,0,0.000315756236185665,0.00157878118092832,0.000157878118092832,0,0,0.000157878118092832,0,0.000473634354278497,0.000157878118092832,0.00110514682664983,0.000157878118092832,0.000473634354278497,0,0,0,0,0.000631512472371329,0,0.000631512472371329,0.000315756236185665,0,0,0,0.000157878118092832,0.000631512472371329,0.000789390590464162,0,0,0,0,0,0,0,0,0.000473634354278497,0.00457846542469214,0.00378907483422798,0.0126302494474266,0.000315756236185665,0,0.00126302494474266,0.00189453741711399,0.000473634354278497,0,0.00631512472371329,0.00110514682664983,0,0,0,0.000157878118092832,0.000631512472371329,0.000157878118092832,0.000631512472371329,0.000157878118092832,0,0.000473634354278497,0.000947268708556994,0,0.000157878118092832,0,0.000157878118092832,0.000157878118092832,0.000315756236185665,0,0,0,0,0,0,0,0.000157878118092832,0,0,0,0,0,0,0,0.000631512472371329,0.000947268708556994,0.00126302494474266,0,0.00410483107041364,0.0053678560151563,0.0162614461635617,0.00110514682664983,0.000473634354278497,0.000631512472371329,0.000631512472371329
"P468",0,0,0.000157878118092832,0,0,0.000789390590464162,0,0,0.000631512472371329,0.000947268708556994,0.00110514682664983,0.000157878118092832,0.000157878118092832,0.000789390590464162,0.00110514682664983,0.000631512472371329,0,0.000315756236185665,0,0.000157878118092832,0,0,0.000473634354278497,0,0,0.00157878118092832,0.000157878118092832,0,0,0,0.000789390590464162,0.000315756236185665,0,0,0,0.000473634354278497,0.000157878118092832,0,0.000315756236185665,0,0,0,0,0,0,0,0,0,0,0.000157878118092832,0,0,0,0,0,0.000631512472371329,0,0.000157878118092832,0.00142090306283549,0,0,0,0.000157878118092832,0.000631512472371329,0.00473634354278497,0.00347331859804231,0.00189453741711399,0,0,0,0.000473634354278497,0,0,0.000157878118092832,0.000157878118092832,0.000157878118092832,0,0,0,0,0.000157878118092832,0,0,0,0,0,0.00836754025892011,0,0,0,0,0,0,0.000157878118092832,0,0.000789390590464162,0,0,0.000315756236185665,0.000157878118092832,0,0.000473634354278497,0.000631512472371329,0,0,0,0,0,0,0,0,0,0,0,0,0,0,0,0,0,0,0,0,0,0,0,0,0,0,0.000157878118092832,0,0,0,0,0,0,0,0,0.000157878118092832,0,0,0,0,0,0,0.000157878118092832,0,0.000157878118092832,0.000157878118092832,0,0,0.000157878118092832,0,0,0.000315756236185665,0,0,0,0,0,0,0,0,0.00126302494474266,0,0,0.000473634354278497,0.00142090306283549,0,0.000315756236185665,0.000157878118092832,0,0,0,0.000631512472371329,0.00157878118092832,0,0,0,0,0,0.000157878118092832,0.00189453741711399,0.00221029365329965,0.000157878118092832,0.000157878118092832,0,0,0,0,0,0,0,0.000947268708556994,0,0.000315756236185665,0,0.000315756236185665,0,0,0,0.000157878118092832,0,0.000157878118092832,0.000473634354278497,0.000947268708556994,0.000157878118092832,0.00268392800757815,0.00299968424376381,0.00268392800757815,0.000631512472371329,0,0,0.000157878118092832,0,0,0,0,0.00268392800757815,0,0.00205241553520682,0,0,0,0,0,0,0.000473634354278497,0.00173665929902116,0,0.000473634354278497,0.00457846542469214,0.00173665929902116,0.00252604988948532,0,0.000473634354278497,0.00299968424376381,0.00315756236185665,0.000157878118092832,0,0,0.000789390590464162,0.00126302494474266,0,0,0,0,0,0,0,0,0.000315756236185665,0,0,0,0,0,0,0,0,0
"P485",0,0,0,0,0.000157878118092832,0,0,0,0,0.000157878118092832,0.00126302494474266,0.000157878118092832,0.000157878118092832,0,0,0.000315756236185665,0,0.000157878118092832,0,0,0,0,0,0,0,0.000315756236185665,0,0,0,0.000157878118092832,0.000473634354278497,0.000473634354278497,0,0,0,0,0.000473634354278497,0,0.000157878118092832,0.000157878118092832,0,0.000157878118092832,0,0,0,0,0,0,0,0,0,0,0.000157878118092832,0,0,0,0,0.000315756236185665,0.000473634354278497,0,0.000157878118092832,0,0,0.000947268708556994,0.000157878118092832,0,0.000631512472371329,0,0,0,0,0.000157878118092832,0,0,0,0,0.000157878118092832,0,0,0,0,0,0,0,0,0,0,0,0,0.000157878118092832,0.000157878118092832,0,0.000157878118092832,0,0,0,0.000315756236185665,0,0.000631512472371329,0,0,0,0,0,0,0,0,0,0,0,0,0,0,0.000631512472371329,0,0,0,0,0,0,0,0,0,0,0,0,0,0,0,0.000157878118092832,0,0,0,0,0,0,0.000157878118092832,0,0.000157878118092832,0.000157878118092832,0.000157878118092832,0.000315756236185665,0.000157878118092832,0,0,0.00110514682664983,0,0.000157878118092832,0,0,0,0,0,0,0.000157878118092832,0,0,0,0,0,0,0,0,0.000315756236185665,0,0,0.000473634354278497,0.000157878118092832,0,0,0,0,0.000157878118092832,0,0,0.000157878118092832,0,0.000157878118092832,0,0,0.000157878118092832,0.000473634354278497,0,0,0,0,0,0,0,0,0,0,0,0,0,0.000473634354278497,0,0.000157878118092832,0,0.000157878118092832,0,0,0,0,0,0,0.000157878118092832,0.000315756236185665,0.000789390590464162,0.000473634354278497,0,0,0,0,0,0,0,0,0,0.000473634354278497,0.000157878118092832,0,0,0,0.000157878118092832,0,0,0,0,0.000157878118092832,0,0,0.000157878118092832,0.000157878118092832,0,0,0.000157878118092832,0.000157878118092832,0,0,0,0.000157878118092832,0,0,0,0,0,0,0,0,0,0,0,0,0,0.000157878118092832,0,0,0,0,0
"P529",0.000315756236185665,0,0,0.000631512472371329,0,0.000157878118092832,0,0.000315756236185665,0.00142090306283549,0,0.000631512472371329,0,0,0,0.000157878118092832,0,0.000157878118092832,0.000157878118092832,0,0,0.00142090306283549,0,0,0,0,0.000473634354278497,0.000157878118092832,0,0,0,0.000315756236185665,0.000631512472371329,0,0.000157878118092832,0,0,0,0,0.000315756236185665,0,0,0,0,0,0,0.000157878118092832,0,0,0,0.000315756236185665,0,0,0,0.000157878118092832,0.000631512472371329,0.000473634354278497,0,0,0.00189453741711399,0.000473634354278497,0,0.000947268708556994,0,0,0.00442058730659931,0,0.000315756236185665,0,0,0,0,0,0,0,0,0,0,0.00126302494474266,0,0.0184717398168614,0.000157878118092832,0,0.000631512472371329,0.000157878118092832,0,0.000789390590464162,0.000157878118092832,0.000157878118092832,0,0,0.000947268708556994,0,0.000315756236185665,0,0,0,0,0,0,0,0,0,0,0,0.000157878118092832,0.000157878118092832,0,0,0.000947268708556994,0.00173665929902116,0,0,0,0,0.0142090306283549,0,0.000157878118092832,0.00189453741711399,0.000315756236185665,0.00394695295232081,0.0326807704452163,0,0,0.00126302494474266,0,0.00410483107041364,0,0,0.000315756236185665,0,0.00173665929902116,0.0116829807388696,0.000157878118092832,0,0.000315756236185665,0.000157878118092832,0,0,0,0,0,0,0,0.000315756236185665,0,0,0.000157878118092832,0.000157878118092832,0.000789390590464162,0,0,0.00331544047994948,0,0,0.00331544047994948,0,0,0,0.00299968424376381,0.000157878118092832,0.00299968424376381,0.000315756236185665,0,0.000473634354278497,0,0.000473634354278497,0.00363119671613514,0.0053678560151563,0.000157878118092832,0.000315756236185665,0.000157878118092832,0,0.000315756236185665,0,0.000473634354278497,0.00457846542469214,0,0.0214714240606252,0,0,0,0.000157878118092832,0.000473634354278497,0.000157878118092832,0,0,0,0.000157878118092832,0.000631512472371329,0.000315756236185665,0.000157878118092832,0.000157878118092832,0,0,0,0.00426270918850647,0.00694663719608462,0,0,0,0,0.000315756236185665,0,0,0,0,0.00142090306283549,0,0.000789390590464162,0.000315756236185665,0,0,0,0.000157878118092832,0.00157878118092832,0.00173665929902116,0,0,0.000157878118092832,0,0,0,0,0,0,0,0,0.000157878118092832,0,0,0,0,0.000157878118092832,0.000315756236185665,0,0.000157878118092832,0,0.000473634354278497,0,0,0,0.000473634354278497,0,0.00331544047994948,0,0,0,0,0.0156299336911904,0.00126302494474266,0.000157878118092832,0.000473634354278497,0,0.00631512472371329,0.000315756236185665,0.000315756236185665,0,0,0.000157878118092832,0.00805178402273445,0.000157878118092832
"P531",0,0,0.000473634354278497,0,0,0,0,0,0,0.000315756236185665,0.000789390590464162,0.000157878118092832,0,0,0.000473634354278497,0,0.000157878118092832,0,0,0,0,0,0,0,0,0.000631512472371329,0,0,0,0.000157878118092832,0.000157878118092832,0.000315756236185665,0.000473634354278497,0,0,0.000631512472371329,0.000473634354278497,0.000157878118092832,0.000157878118092832,0,0,0,0.000157878118092832,0,0,0,0,0,0,0,0,0,0,0,0,0.000315756236185665,0,0.000157878118092832,0.000473634354278497,0,0,0,0,0.000315756236185665,0,0.000631512472371329,0.000315756236185665,0,0,0,0.000157878118092832,0.000315756236185665,0,0.000157878118092832,0,0,0,0,0.000315756236185665,0.000157878118092832,0,0.000315756236185665,0,0,0.000157878118092832,0,0.000157878118092832,0,0,0,0,0.000157878118092832,0,0,0,0.000157878118092832,0,0,0,0.000157878118092832,0.000157878118092832,0.000315756236185665,0,0,0,0,0.000157878118092832,0,0,0,0,0,0,0,0,0,0,0,0,0,0,0.000157878118092832,0,0.000157878118092832,0,0,0,0.000157878118092832,0,0.000315756236185665,0,0,0,0,0,0,0.000315756236185665,0,0.000157878118092832,0.000157878118092832,0.000157878118092832,0,0,0,0,0.000315756236185665,0,0.000789390590464162,0,0,0,0.000157878118092832,0,0.000157878118092832,0,0,0,0,0,0.000157878118092832,0,0,0,0.000631512472371329,0,0,0.000315756236185665,0.000157878118092832,0,0,0,0,0,0,0,0.000157878118092832,0,0,0,0,0.000315756236185665,0.000473634354278497,0.000631512472371329,0.000157878118092832,0.000157878118092832,0,0,0,0.000157878118092832,0,0,0.000157878118092832,0.000157878118092832,0,0,0.000315756236185665,0,0.000631512472371329,0,0.000157878118092832,0,0,0,0.000315756236185665,0,0,0,0.000315756236185665,0.000631512472371329,0.000789390590464162,0,0,0,0.000473634354278497,0,0,0,0,0.000789390590464162,0.000157878118092832,0.000315756236185665,0,0,0,0,0,0,0.000157878118092832,0,0,0,0.000315756236185665,0,0,0,0.000157878118092832,0.000157878118092832,0.000315756236185665,0.000315756236185665,0,0,0.000473634354278497,0,0,0.000157878118092832,0,0,0,0,0,0,0,0,0.000157878118092832,0,0.000157878118092832,0,0,0,0,0
"P555",0.000157878118092832,0.00268392800757815,0.00315756236185665,0.00347331859804231,0,0.00284180612567098,0,0.00189453741711399,0.00347331859804231,0.000631512472371329,0.0134196400378907,0.018787496053047,0.00615724660562046,0,0.00663088095989896,0.000947268708556994,0.000315756236185665,0.0123144932112409,0.000157878118092832,0.000947268708556994,0.00299968424376381,0,0.00299968424376381,0.00568361225134196,0,0.00110514682664983,0,0,0,0.00315756236185665,0.0162614461635617,0.00820966214082728,0.000157878118092832,0,0.0113672245026839,0,0,0,0,0,0,0,0,0,0,0,0,0,0,0,0,0,0,0,0.00252604988948532,0.000947268708556994,0.000157878118092832,0,0.0401010419955794,0,0,0.000157878118092832,0,0,0.000315756236185665,0,0,0,0,0,0,0,0.0048942216608778,0,0.0209977897063467,0,0,0,0,0,0,0,0.00221029365329965,0.00394695295232081,0,0.000315756236185665,0.00299968424376381,0.000157878118092832,0,0,0,0.0161035680454689,0,0,0,0,0,0,0,0,0,0,0,0,0.000473634354278497,0.000789390590464162,0.00157878118092832,0,0.00852541837701295,0,0.00157878118092832,0.000631512472371329,0.00142090306283549,0.00457846542469214,0.0107357120303126,0.00205241553520682,0.000157878118092832,0.000473634354278497,0,0.00394695295232081,0.00126302494474266,0.00157878118092832,0.00221029365329965,0.00110514682664983,0,0.00252604988948532,0,0,0.000157878118092832,0.000315756236185665,0.00315756236185665,0,0.0101041995579413,0.00457846542469214,0.00457846542469214,0,0.0835175244711083,0,0,0,0,0,0.00110514682664983,0.0137353962740764,0.00742027155036312,0.00236817177139249,0.000157878118092832,0.00647300284180613,0.000315756236185665,0.00663088095989896,0.000315756236185665,0.00189453741711399,0.0110514682664983,0.00142090306283549,0.000157878118092832,0,0.00173665929902116,0.098831701926113,0.023523839595832,0.0102620776760341,0.0288916956109883,0.000631512472371329,0.164824755288917,0.00663088095989896,0.00789390590464162,0.021629302178718,0.0112093463845911,0.0053678560151563,0.0161035680454689,0.00947268708556994,0.00221029365329965,0.00442058730659931,0.00110514682664983,0,0.000157878118092832,0.0058414903694348,0,0.0413640669403221,0.00442058730659931,0.000947268708556994,0.0138932743921692,0.00126302494474266,0.00221029365329965,0.0048942216608778,0,0,0,0,0.00663088095989896,0,0,0.000315756236185665,0,0,0,0,0,0.000315756236185665,0,0,0,0,0,0,0,0.000789390590464162,0,0,0,0,0.000473634354278497,0,0,0,0.000473634354278497,0.00742027155036312,0.000157878118092832,0,0,0,0,0.000789390590464162,0.000157878118092832,0,0,0.00394695295232081,0.00221029365329965,0,0,0,0.000157878118092832,0.00173665929902116,0.00157878118092832,0.00394695295232081,0,0,0.00173665929902116,0.0119987369750553,0,0.00473634354278497,0.000157878118092832,0.00820966214082728,0.00142090306283549,0.000157878118092832,0,0.000157878118092832,0,0,0,0.000315756236185665,0.000473634354278497,0,0.00868329649510578,0.000315756236185665,0.000473634354278497,0.000157878118092832,0,0,0.000157878118092832,0.000157878118092832,0.000315756236185665
"P563",0,0,0,0,0,0,0,0,0,0,0,0,0,0,0,0,0,0,0,0,0,0,0,0,0,0,0,0,0,0,0,0,0,0,0,0,0,0,0,0,0,0,0,0,0,0,0,0,0,0,0,0,0,0,0,0,0,0,0,0,0,0,0,0,0.000157878118092832,0,0,0,0,0,0,0,0,0,0,0,0,0,0,0.000157878118092832,0,0,0,0,0,0.000157878118092832,0,0,0,0,0,0,0,0,0,0,0,0,0,0,0,0,0,0,0,0,0,0,0,0,0,0,0,0,0,0,0,0,0,0,0,0,0,0,0,0,0,0,0,0,0,0,0,0,0,0,0,0,0,0,0,0,0,0,0,0,0,0,0,0,0,0,0,0,0,0,0,0,0,0,0,0,0,0,0,0,0,0,0,0,0,0,0,0,0,0,0,0,0,0,0,0,0,0,0,0,0,0,0,0,0,0,0,0,0,0,0,0,0,0,0,0,0,0,0,0,0,0,0,0,0,0,0,0,0,0,0,0,0,0,0,0,0,0,0,0,0,0,0,0,0,0,0,0,0,0,0,0,0,0,0,0,0,0,0,0,0,0,0,0.000157878118092832,0,0,0,0,0,0,0,0,0,0,0
"P577",0,0,0,0,0,0,0,0,0,0,0,0,0,0,0,0,0,0,0,0,0,0,0,0,0,0,0,0,0,0,0,0,0.000631512472371329,0,0,0,0.000315756236185665,0,0,0,0,0,0,0,0,0,0,0,0,0,0,0,0,0,0,0,0,0,0,0,0,0,0.000157878118092832,0,0,0,0,0,0,0,0,0,0,0,0,0,0,0,0,0,0,0,0,0,0,0,0,0,0,0,0,0,0,0,0,0,0,0,0,0,0,0,0,0,0,0,0,0,0,0,0,0,0,0,0,0,0,0,0,0,0,0,0,0,0,0,0,0,0,0,0,0,0,0,0,0,0,0,0,0,0,0,0,0,0,0,0,0,0,0,0,0,0,0,0,0,0,0,0,0,0,0,0,0,0,0,0,0,0,0.000157878118092832,0,0,0,0,0,0,0,0,0,0,0,0,0,0,0,0,0,0,0,0,0,0,0,0,0,0,0,0,0.000473634354278497,0,0,0,0,0,0,0,0.000789390590464162,0,0,0,0,0,0,0,0,0,0,0,0,0.000157878118092832,0.000947268708556994,0.000157878118092832,0,0,0.000157878118092832,0,0,0,0,0,0,0,0,0,0,0,0,0,0,0,0,0,0,0,0,0,0,0,0,0,0,0,0,0,0,0,0,0,0,0,0
"P582",0,0,0,0,0,0,0,0,0,0,0,0,0,0,0,0,0,0,0,0,0,0,0,0,0,0,0,0,0,0,0,0,0,0.00157878118092832,0,0,0,0,0,0,0,0,0.00126302494474266,0,0,0,0,0,0,0,0,0,0,0,0.000157878118092832,0,0,0,0,0,0,0,0,0,0,0,0,0,0,0,0,0,0,0,0,0,0,0,0,0,0,0.000157878118092832,0,0,0,0,0,0,0,0,0,0,0,0,0,0,0,0,0,0,0,0,0,0,0,0,0,0,0,0.000315756236185665,0,0,0,0,0.000631512472371329,0,0,0,0,0,0,0,0,0,0,0,0,0,0,0,0,0,0,0,0,0,0,0,0,0,0,0,0,0,0,0,0,0,0,0,0,0,0,0,0,0,0,0,0,0,0,0,0,0,0,0,0,0,0,0,0.000157878118092832,0,0,0,0,0,0,0,0,0,0,0,0,0,0,0,0,0,0,0,0,0,0,0,0,0,0,0.00110514682664983,0,0.000157878118092832,0,0,0,0,0,0,0.00157878118092832,0,0,0,0.000473634354278497,0,0,0.000157878118092832,0,0,0,0,0,0,0,0,0,0,0,0,0,0,0,0,0,0,0,0,0,0,0,0.000157878118092832,0,0,0,0,0,0,0,0,0,0,0,0,0,0,0,0,0,0,0,0,0,0,0
"P585",0,0,0,0,0,0,0,0,0,0,0,0,0,0,0,0,0,0,0,0,0,0,0,0,0,0,0,0,0,0,0.000157878118092832,0,0,0,0,0,0.000315756236185665,0,0,0,0,0,0,0,0,0,0,0,0,0,0,0,0,0,0,0,0,0,0,0,0,0,0,0,0,0,0,0,0,0,0,0,0,0,0,0,0,0,0,0,0,0,0,0,0,0,0,0,0,0,0,0,0,0,0,0,0,0,0,0,0,0,0,0,0,0,0,0,0,0,0,0,0,0.000315756236185665,0,0,0,0,0,0,0,0,0,0,0,0,0,0,0,0,0,0.000157878118092832,0,0,0,0,0,0,0,0,0,0,0,0,0,0,0,0,0,0,0,0,0,0,0,0,0,0,0.000157878118092832,0,0,0,0,0,0,0,0,0.000157878118092832,0,0,0,0,0.000157878118092832,0,0,0,0,0,0,0,0,0,0,0,0,0,0,0,0,0,0,0,0,0,0,0,0,0,0.000157878118092832,0,0,0,0,0,0,0,0.000315756236185665,0,0,0,0,0,0,0,0,0,0,0,0,0,0.00173665929902116,0,0,0,0,0,0,0,0,0,0,0,0,0,0,0,0.000157878118092832,0,0,0,0,0,0.000315756236185665,0,0,0,0,0,0,0,0,0,0,0,0,0,0,0,0,0,0
"P592",0,0,0,0,0,0,0,0.000473634354278497,0,0,0,0,0,0,0,0,0,0,0,0,0,0,0,0,0,0,0,0,0,0,0,0,0,0,0,0,0,0,0,0,0,0,0,0,0,0,0,0,0,0,0,0,0,0,0,0,0,0,0,0,0,0,0,0,0,0,0,0,0,0,0,0,0,0,0,0,0,0,0,0,0,0,0,0,0,0,0,0,0,0,0,0,0,0,0,0,0,0,0,0,0,0,0.000157878118092832,0,0,0,0,0,0,0,0,0,0,0,0,0,0,0,0,0,0,0,0,0,0,0,0,0,0,0,0,0,0,0,0,0,0,0,0,0,0,0,0,0,0,0,0,0,0,0,0,0,0,0,0,0,0,0,0,0,0,0,0,0.000157878118092832,0,0,0,0,0,0,0,0,0,0,0,0,0,0,0,0,0,0,0,0,0,0,0,0,0,0,0,0,0,0,0,0,0,0,0,0,0,0,0,0,0,0,0,0,0,0,0,0,0,0,0,0,0,0,0,0.000157878118092832,0.000157878118092832,0,0,0,0,0,0,0.000157878118092832,0,0,0,0,0,0,0,0,0,0,0,0,0,0,0,0,0,0,0,0,0,0,0,0,0,0,0,0,0,0,0,0,0
"P605",0.000157878118092832,0,0,0,0,0.000157878118092832,0,0,0,0,0.000315756236185665,0,0,0,0,0,0,0,0,0,0,0,0,0,0,0,0,0,0,0,0,0,0.000315756236185665,0,0,0,0,0.000157878118092832,0.000315756236185665,0,0,0.000157878118092832,0.000157878118092832,0,0.000157878118092832,0,0,0,0,0,0,0,0,0,0,0,0,0,0,0,0,0,0.000157878118092832,0,0.000157878118092832,0,0,0,0,0,0.000473634354278497,0,0,0.000157878118092832,0,0.000315756236185665,0.000157878118092832,0,0,0,0,0,0,0,0,0,0,0,0,0,0.000157878118092832,0,0,0,0,0,0,0,0,0,0,0,0,0,0,0,0,0,0,0,0,0,0,0,0,0,0,0.000157878118092832,0,0.000631512472371329,0,0,0.000157878118092832,0.000157878118092832,0,0,0,0,0,0,0,0,0,0,0,0,0,0,0,0,0,0,0,0,0,0,0,0,0,0,0,0,0,0,0,0,0,0,0,0,0,0,0,0,0,0,0,0,0,0,0,0,0,0,0,0,0,0,0,0,0.000157878118092832,0,0,0.000315756236185665,0,0,0,0,0,0,0,0.000473634354278497,0,0,0,0,0,0,0,0,0,0,0,0,0,0,0.000315756236185665,0,0.000157878118092832,0.000315756236185665,0,0,0,0.000157878118092832,0,0,0,0,0,0,0.000157878118092832,0.000631512472371329,0,0,0,0,0,0,0,0,0,0.000157878118092832,0,0,0,0,0,0,0,0,0,0.000315756236185665,0,0,0,0,0,0,0,0,0,0,0,0,0,0,0.000157878118092832,0,0,0,0
"P707",0,0,0,0,0,0,0,0,0,0,0,0,0,0,0,0,0,0,0,0,0,0,0,0,0,0,0,0,0,0,0,0,0.000157878118092832,0,0,0,0,0,0,0,0,0,0,0,0,0,0,0,0,0,0,0,0,0,0,0,0,0,0,0,0,0,0,0,0,0,0,0,0,0,0,0,0,0,0,0,0,0,0,0,0,0,0,0,0,0,0,0,0,0,0,0,0,0,0,0,0,0,0,0,0,0,0,0,0,0,0,0,0,0,0,0,0,0,0,0,0,0,0,0,0,0,0,0,0,0,0,0,0,0,0,0,0,0,0,0,0,0,0,0,0,0,0,0,0,0,0,0,0,0,0,0,0,0,0,0,0,0,0,0,0,0,0,0,0,0,0,0,0,0,0,0,0,0,0,0,0,0,0,0,0,0,0,0,0,0,0,0,0,0,0,0,0,0,0,0,0,0,0,0,0,0.000157878118092832,0,0,0,0,0,0,0,0,0,0,0,0,0,0,0,0,0,0,0.000789390590464162,0,0,0,0,0,0,0,0,0,0,0,0,0,0,0,0,0,0,0,0,0,0,0,0,0,0,0,0,0,0,0,0,0,0,0,0,0,0,0,0
"P765",0,0,0,0,0,0,0,0,0,0,0,0,0,0,0,0.000473634354278497,0,0,0,0,0.000315756236185665,0,0,0,0,0,0,0,0,0,0,0,0,0.000315756236185665,0,0,0,0,0,0,0,0,0.000157878118092832,0,0,0,0,0,0,0,0,0,0,0,0.000157878118092832,0,0,0,0,0,0,0,0,0,0,0,0,0.000157878118092832,0,0,0,0,0,0,0,0,0,0,0,0,0,0,0,0,0,0,0,0,0,0,0,0,0,0,0,0,0,0,0.000157878118092832,0,0,0,0,0,0,0.000789390590464162,0,0,0,0,0,0,0,0,0,0,0,0,0,0,0,0,0,0,0,0,0,0,0,0,0,0,0,0,0,0,0,0,0,0.000157878118092832,0,0,0,0,0,0,0,0,0,0,0,0,0,0,0,0,0,0,0,0,0,0,0,0,0,0.00142090306283549,0,0,0,0,0,0,0,0,0,0,0,0,0,0,0,0,0,0,0,0,0.000157878118092832,0,0,0,0.000157878118092832,0,0,0,0,0,0.000631512472371329,0,0.000157878118092832,0,0,0.000157878118092832,0,0,0,0,0,0,0,0,0,0,0,0,0,0,0,0,0,0,0,0,0,0,0,0,0,0,0,0,0,0,0,0,0,0,0,0,0,0.000157878118092832,0,0,0,0,0,0,0,0,0,0,0,0,0,0,0,0,0,0,0,0,0
"P835",0,0,0,0,0.000473634354278497,0.000157878118092832,0,0,0,0.000157878118092832,0.000157878118092832,0.000315756236185665,0.000315756236185665,0.000473634354278497,0.000947268708556994,0,0.000315756236185665,0.00268392800757815,0.000473634354278497,0,0.000315756236185665,0,0,0,0,0,0.000315756236185665,0,0,0.000315756236185665,0.000947268708556994,0,0,0,0.000157878118092832,0.000631512472371329,0.000473634354278497,0,0.000315756236185665,0,0,0.000473634354278497,0.000157878118092832,0.000157878118092832,0.000157878118092832,0,0,0.000157878118092832,0,0,0.000315756236185665,0,0.000157878118092832,0,0,0.000315756236185665,0,0.000157878118092832,0.000315756236185665,0,0.000631512472371329,0,0,0.000789390590464162,0,0.000157878118092832,0.000157878118092832,0,0,0,0,0.000473634354278497,0.000473634354278497,0.000631512472371329,0,0,0.000473634354278497,0.000157878118092832,0.000473634354278497,0,0,0,0,0,0,0,0.000315756236185665,0.000157878118092832,0,0,0.000315756236185665,0,0,0,0,0.000473634354278497,0.000157878118092832,0,0.000157878118092832,0,0.00142090306283549,0.00157878118092832,0,0,0,0,0.000157878118092832,0,0.000157878118092832,0,0,0,0,0.000157878118092832,0.000473634354278497,0.000631512472371329,0,0,0,0,0,0,0,0,0,0,0,0,0,0.00142090306283549,0,0,0,0,0,0,0.000947268708556994,0.000157878118092832,0.000315756236185665,0.00110514682664983,0.000315756236185665,0.000631512472371329,0.000315756236185665,0,0,0.000315756236185665,0,0.000789390590464162,0,0.000157878118092832,0,0,0,0.000157878118092832,0.00110514682664983,0,0,0,0.000157878118092832,0,0,0.000157878118092832,0,0.00142090306283549,0.000157878118092832,0.000315756236185665,0.00173665929902116,0.000947268708556994,0,0.000157878118092832,0,0,0.000473634354278497,0,0.000157878118092832,0,0.000315756236185665,0.00268392800757815,0,0,0.000473634354278497,0.000947268708556994,0,0.000157878118092832,0,0,0,0,0,0,0,0,0,0,0,0.000157878118092832,0,0.000789390590464162,0,0.000947268708556994,0,0,0,0.000157878118092832,0,0,0.000157878118092832,0.000157878118092832,0.000315756236185665,0,0,0,0,0.000315756236185665,0,0,0,0,0,0.000157878118092832,0.000157878118092832,0.000157878118092832,0.000157878118092832,0,0,0.000473634354278497,0.000315756236185665,0.000157878118092832,0.000315756236185665,0,0.000315756236185665,0,0.000157878118092832,0,0.000157878118092832,0.000631512472371329,0.000631512472371329,0.000157878118092832,0.000157878118092832,0,0,0.000157878118092832,0.000315756236185665,0,0,0.000157878118092832,0.000157878118092832,0.000157878118092832,0,0,0.000157878118092832,0.000157878118092832,0,0,0,0,0,0,0.000157878118092832,0,0
"P841",0,0,0,0,0,0,0,0,0,0.000157878118092832,0,0,0,0,0,0.000157878118092832,0,0,0,0,0,0,0,0,0,0,0,0,0,0,0.000157878118092832,0,0,0,0,0,0,0,0,0,0,0,0,0,0,0,0,0,0,0,0,0,0,0,0,0,0,0,0,0,0,0,0,0,0,0,0,0.000631512472371329,0,0,0,0,0.000157878118092832,0,0,0.000157878118092832,0,0,0,0,0,0,0,0,0,0,0,0.000157878118092832,0,0,0,0,0,0,0,0,0,0,0,0,0,0,0,0,0,0,0,0.000157878118092832,0,0,0,0,0,0,0.00126302494474266,0,0,0,0,0,0,0,0,0,0,0,0,0,0,0,0,0,0,0,0,0,0,0,0,0,0,0,0,0,0,0.000157878118092832,0,0.000157878118092832,0,0,0,0,0,0,0.000315756236185665,0,0,0,0,0,0,0,0,0,0,0.000157878118092832,0,0,0,0,0,0,0,0,0.000157878118092832,0,0,0,0,0,0.000157878118092832,0,0,0,0,0,0,0,0,0,0,0,0,0,0,0,0.000315756236185665,0,0,0,0,0,0,0,0,0.000157878118092832,0,0,0,0,0,0,0,0,0,0,0,0,0,0,0,0,0,0,0,0,0,0,0,0,0,0,0,0,0.000157878118092832,0,0,0,0,0,0,0.000157878118092832,0,0,0.000157878118092832,0,0,0,0,0,0,0,0,0,0,0,0,0,0,0,0
"P868",0,0,0,0,0,0,0,0,0.000157878118092832,0,0,0,0,0,0,0,0,0,0,0,0,0,0,0,0,0,0,0,0,0,0,0,0,0.000157878118092832,0,0,0,0,0,0,0,0,0.000157878118092832,0,0,0,0,0,0,0,0,0,0,0,0,0,0,0,0,0,0,0,0,0,0,0,0,0,0,0,0,0,0.000157878118092832,0,0,0.000157878118092832,0,0,0,0,0,0,0,0,0.000157878118092832,0,0,0,0,0,0,0,0,0,0,0,0,0,0,0,0,0.000157878118092832,0,0,0,0,0,0,0,0,0,0,0,0,0,0,0,0,0,0,0,0,0,0,0,0,0,0,0,0,0,0,0,0,0,0,0,0,0,0,0,0,0,0,0,0,0,0,0,0,0,0,0,0,0,0,0,0,0,0,0,0,0,0,0,0,0,0,0,0,0,0,0,0,0,0,0,0,0,0,0,0,0,0,0,0,0,0,0,0,0.000315756236185665,0,0,0,0,0,0.000157878118092832,0,0,0,0,0,0,0,0,0,0,0,0,0,0,0,0,0,0,0,0,0,0,0,0,0,0,0,0,0,0,0,0,0,0,0,0,0,0,0,0,0,0,0,0,0,0,0,0,0,0,0,0,0,0,0,0,0,0,0,0,0,0,0,0
"P930",0,0,0,0,0,0,0,0,0,0,0,0,0,0,0,0,0,0,0,0,0,0,0.000315756236185665,0,0,0,0,0,0,0,0,0.000157878118092832,0.000157878118092832,0,0,0,0,0,0,0,0,0,0,0,0,0,0,0,0,0,0,0,0,0,0,0,0,0,0,0,0,0,0,0,0,0,0,0,0,0,0,0,0,0.000157878118092832,0,0,0,0,0,0,0,0,0,0,0,0,0,0,0,0,0,0,0,0.000157878118092832,0,0,0,0,0,0,0,0,0,0,0,0,0,0,0,0,0,0,0,0,0,0,0,0,0,0,0,0,0,0,0,0,0,0,0,0,0,0,0,0,0,0,0,0,0,0,0,0,0,0,0,0,0,0,0,0,0,0,0,0,0,0,0,0,0,0,0,0,0,0,0,0,0,0,0,0,0,0,0,0,0,0,0,0,0,0,0,0,0,0,0,0,0,0,0,0,0,0,0,0,0,0,0,0,0,0,0,0,0,0,0,0,0,0,0,0,0,0,0,0,0,0,0,0,0,0,0,0,0,0,0,0,0,0,0,0,0,0.000157878118092832,0.000473634354278497,0,0,0,0,0.000157878118092832,0,0,0,0,0,0,0,0,0,0,0,0,0,0,0,0,0,0,0,0,0,0,0
"P943",0,0,0,0,0,0,0,0,0,0,0,0,0,0,0,0,0,0,0,0,0,0,0,0.000157878118092832,0,0,0,0,0,0,0,0,0,0,0.000315756236185665,0,0,0,0,0,0,0,0,0,0.000315756236185665,0,0,0,0,0.000315756236185665,0,0,0,0,0,0,0,0,0,0,0,0,0,0,0,0,0,0,0,0,0,0,0,0,0,0.000157878118092832,0,0,0,0.000157878118092832,0,0,0,0,0,0,0,0,0,0,0,0,0,0,0,0,0,0,0,0.000157878118092832,0,0,0,0,0,0,0,0,0,0,0,0,0,0,0,0,0,0,0,0,0,0.000157878118092832,0,0,0,0,0,0,0,0,0.000157878118092832,0,0,0,0,0,0,0,0,0,0,0,0,0,0,0,0,0,0.000157878118092832,0,0,0,0,0,0,0,0,0,0,0,0,0,0,0,0,0,0.000157878118092832,0,0,0,0,0,0,0,0,0,0,0,0,0,0,0,0,0,0,0.000157878118092832,0,0,0,0,0,0,0,0,0,0,0,0.000157878118092832,0,0,0,0,0,0,0,0,0,0,0,0,0,0,0,0,0,0,0,0,0.000157878118092832,0,0,0.000157878118092832,0,0,0,0,0,0,0,0,0.000157878118092832,0,0,0,0,0,0,0,0,0,0,0,0.000157878118092832,0,0,0,0,0,0,0,0,0,0,0,0,0,0,0,0,0,0
"P967",0,0,0,0,0,0,0,0,0,0,0,0.000157878118092832,0,0,0,0,0,0,0,0,0,0,0,0,0,0,0,0,0,0,0,0,0,0,0,0,0,0,0.000631512472371329,0,0,0,0,0,0,0,0.000157878118092832,0,0.000789390590464162,0,0.000157878118092832,0,0.000473634354278497,0,0,0,0,0,0,0,0,0,0,0,0,0,0,0,0,0,0,0,0,0.000157878118092832,0,0,0,0,0.000157878118092832,0,0,0,0,0,0,0,0,0,0,0,0,0,0,0,0,0,0,0,0,0,0,0,0,0,0,0,0,0,0,0,0,0,0,0,0.000157878118092832,0,0,0,0,0,0,0,0,0,0,0,0,0,0,0,0,0,0,0,0,0,0,0,0,0,0,0,0,0,0,0,0,0,0,0,0,0,0,0,0,0,0,0,0,0,0,0,0,0,0,0,0,0,0,0,0,0,0,0,0,0,0,0,0,0,0,0,0,0,0,0,0,0,0,0,0,0,0,0,0,0,0,0.000157878118092832,0,0,0,0,0,0,0,0,0,0,0,0,0,0.000157878118092832,0,0,0,0,0,0,0,0,0,0,0,0,0,0,0,0,0,0,0,0,0,0,0,0,0,0,0,0,0,0,0,0,0,0,0,0,0,0,0,0,0,0,0,0,0,0.000157878118092832,0,0,0
"P983",0,0,0.000157878118092832,0,0.000315756236185665,0,0,0,0,0.000157878118092832,0.000157878118092832,0.000315756236185665,0.000157878118092832,0,0,0,0,0.000631512472371329,0,0.000157878118092832,0.000157878118092832,0,0,0,0,0.000157878118092832,0,0,0,0.000157878118092832,0.00110514682664983,0,0.000157878118092832,0,0.000157878118092832,0,0.000157878118092832,0,0.000473634354278497,0,0,0.000631512472371329,0,0,0,0,0,0.000315756236185665,0,0,0,0,0.000157878118092832,0,0,0.000157878118092832,0,0.000315756236185665,0.000631512472371329,0,0.000157878118092832,0,0.000157878118092832,0.000315756236185665,0.000157878118092832,0,0,0,0,0,0,0,0.000157878118092832,0.000315756236185665,0,0.000157878118092832,0.000157878118092832,0,0.000157878118092832,0,0,0,0,0,0,0,0.000473634354278497,0,0,0,0.000473634354278497,0.000157878118092832,0.000315756236185665,0,0,0,0.000157878118092832,0,0,0,0.000157878118092832,0.000157878118092832,0,0,0,0,0,0,0,0,0,0,0,0,0,0,0,0.000157878118092832,0,0,0,0,0,0,0.000157878118092832,0,0,0,0,0.000315756236185665,0,0,0,0,0,0,0.000789390590464162,0.000315756236185665,0.000157878118092832,0.000473634354278497,0.000473634354278497,0.000315756236185665,0.000157878118092832,0,0,0.000473634354278497,0,0,0,0,0.000157878118092832,0,0,0,0.000631512472371329,0,0,0,0,0,0,0,0,0,0,0,0,0.000315756236185665,0,0,0,0,0,0,0,0.000315756236185665,0,0.000315756236185665,0,0,0.000315756236185665,0.000473634354278497,0,0,0,0,0,0,0,0,0,0,0,0,0,0.000315756236185665,0,0,0,0,0,0,0,0.000157878118092832,0,0,0,0.000315756236185665,0.000157878118092832,0.000315756236185665,0.000157878118092832,0,0,0.000315756236185665,0,0,0,0.000157878118092832,0,0,0,0.000473634354278497,0,0,0,0,0.000315756236185665,0.000157878118092832,0,0,0,0,0,0,0,0,0.000157878118092832,0,0.000157878118092832,0,0,0.000473634354278497,0.000157878118092832,0,0,0,0,0,0,0.000157878118092832,0,0,0,0.000157878118092832,0,0,0,0,0,0,0
"P1005",0,0,0,0,0,0,0,0,0,0,0,0,0,0,0,0,0,0,0,0,0,0,0,0,0,0,0,0,0,0,0,0,0,0.00568361225134196,0,0,0,0,0,0,0,0,0,0,0,0,0,0,0,0.000315756236185665,0,0,0,0,0,0,0,0,0,0,0,0,0,0,0,0,0,0,0,0,0,0,0,0,0,0,0,0,0,0,0,0,0,0,0,0,0,0,0,0,0,0,0,0,0,0,0,0,0,0,0,0,0,0,0,0,0,0,0,0,0,0,0,0,0,0,0,0,0,0,0,0,0,0,0,0,0,0,0,0,0,0,0,0,0,0,0,0,0,0,0,0,0,0,0,0.000157878118092832,0,0,0,0,0.000157878118092832,0,0,0,0,0,0,0,0,0,0,0,0,0.000315756236185665,0,0.000157878118092832,0,0,0,0,0,0,0,0,0,0,0,0,0,0,0,0,0,0,0,0,0,0,0,0,0,0,0,0,0.00173665929902116,0,0,0,0,0,0,0,0,0,0,0,0.0058414903694348,0,0,0,0,0,0,0,0,0,0,0,0,0,0,0,0,0,0,0,0,0,0,0,0.00742027155036312,0.000789390590464162,0.000789390590464162,0,0.00142090306283549,0,0,0.00268392800757815,0,0,0,0,0,0,0,0,0,0,0,0,0,0,0,0,0,0,0,0,0,0,0
"P1009",0,0,0,0,0,0,0,0,0,0,0,0,0,0,0,0,0,0,0,0,0,0,0,0,0,0,0,0,0,0,0,0,0,0.0336280391537733,0,0,0,0,0,0,0,0,0,0,0,0,0,0,0,0,0,0,0,0,0,0,0,0,0,0,0,0,0,0,0,0,0,0,0,0,0,0,0,0,0,0,0,0,0,0,0,0,0,0,0,0,0,0,0,0,0,0,0,0,0,0,0,0,0,0,0,0,0,0,0,0,0,0,0,0,0,0,0.000157878118092832,0,0,0,0,0,0,0,0,0,0,0,0,0,0,0,0,0,0,0,0,0,0,0,0,0,0,0,0,0,0,0,0,0,0,0,0,0,0,0,0,0,0,0,0,0,0,0,0,0,0,0,0,0,0,0,0,0,0,0,0,0,0,0,0,0,0,0,0,0,0,0.00157878118092832,0,0,0,0,0,0,0.078149668455952,0,0,0,0,0,0,0,0,0,0,0,0,0,0,0,0.0307862330281023,0,0,0,0,0,0,0,0,0,0,0,0,0,0,0,0,0,0,0,0,0,0,0,0,0,0,0,0,0,0,0,0,0,0,0,0,0,0,0,0,0,0,0,0,0,0,0.000473634354278497,0,0,0,0,0,0,0
"P1016",0,0,0,0,0,0,0,0,0,0,0,0,0,0,0,0,0,0,0,0,0,0,0,0,0,0,0,0,0,0,0,0,0,0,0,0.000315756236185665,0,0,0,0,0,0,0,0,0,0,0,0,0,0,0,0,0,0,0,0,0,0,0,0,0,0,0,0,0,0,0,0,0,0,0,0,0,0,0,0,0,0,0,0,0,0,0,0,0,0,0,0,0,0,0,0,0,0,0,0,0,0,0,0,0,0,0,0,0,0,0,0,0,0,0,0,0,0,0,0,0,0,0,0,0,0,0,0,0,0,0,0,0,0,0,0,0,0,0,0.000157878118092832,0,0,0,0,0,0,0,0,0,0,0,0,0,0,0,0,0,0,0,0,0,0,0,0,0,0,0,0,0,0,0,0,0,0,0,0,0,0,0,0,0,0,0,0,0,0,0,0,0,0,0,0,0,0,0,0,0,0,0,0,0,0,0,0,0,0,0,0,0,0,0,0,0,0,0,0,0,0,0,0,0,0,0,0,0.000157878118092832,0,0,0.000473634354278497,0,0,0,0,0,0,0,0,0,0,0,0,0,0,0,0,0,0,0,0,0,0,0,0,0,0,0,0,0,0,0,0,0,0,0,0,0
"P1018",0,0,0,0,0,0,0,0,0,0,0,0,0,0,0,0,0,0.000157878118092832,0,0,0,0,0,0,0,0,0,0,0,0,0,0,0,0,0,0,0.000157878118092832,0,0,0,0,0,0,0,0,0,0,0.000157878118092832,0,0,0,0,0,0,0,0,0,0,0,0.000157878118092832,0,0,0,0,0,0,0,0,0,0,0,0,0,0.000157878118092832,0,0.000157878118092832,0,0,0,0,0,0,0,0,0,0,0,0,0,0,0,0,0,0,0,0,0,0,0,0,0,0,0,0,0,0,0,0,0,0,0,0,0,0,0,0,0,0,0,0,0,0,0,0,0,0,0,0,0,0,0.000315756236185665,0,0,0,0,0,0,0,0,0,0,0,0.000157878118092832,0.000157878118092832,0,0.000157878118092832,0,0,0.000157878118092832,0,0,0,0,0,0,0,0,0,0,0,0,0,0,0,0,0,0,0,0,0,0,0,0,0,0,0,0,0,0,0,0.000157878118092832,0,0,0.000157878118092832,0,0,0,0,0,0,0,0,0,0,0,0,0,0,0,0,0,0,0,0,0,0.000157878118092832,0,0,0,0,0,0,0,0,0,0,0,0,0,0.000157878118092832,0,0,0,0,0,0,0,0.000157878118092832,0,0,0,0,0,0,0,0,0,0.000157878118092832,0,0,0,0.000157878118092832,0.000473634354278497,0,0,0,0,0,0,0,0,0,0,0,0,0,0,0,0,0,0
"P1019",0,0,0,0,0.000157878118092832,0,0.000157878118092832,0,0,0.000157878118092832,0.000157878118092832,0,0.000157878118092832,0,0.000157878118092832,0,0,0,0,0,0,0.000315756236185665,0,0,0,0.000157878118092832,0.00110514682664983,0,0,0,0,0.000473634354278497,0,0,0,0,0.000157878118092832,0.000157878118092832,0,0,0,0.000315756236185665,0,0,0,0,0,0,0.000157878118092832,0,0,0,0,0,0,0,0,0,0,0,0.000631512472371329,0,0,0,0,0,0,0.000157878118092832,0,0,0,0,0,0,0,0,0,0,0,0.000157878118092832,0.000157878118092832,0,0,0,0,0.00110514682664983,0,0,0,0,0.000315756236185665,0,0.00110514682664983,0,0,0,0,0.000473634354278497,0,0,0,0,0,0.000473634354278497,0,0,0,0,0.000157878118092832,0,0.000315756236185665,0.000315756236185665,0,0,0,0,0.000789390590464162,0,0.000473634354278497,0.000157878118092832,0,0,0,0,0,0.000315756236185665,0,0,0.000473634354278497,0,0,0,0,0.000473634354278497,0,0.000157878118092832,0,0,0.000315756236185665,0.000157878118092832,0,0,0,0,0,0.000315756236185665,0,0,0.000157878118092832,0,0,0,0,0,0,0,0,0,0,0,0,0,0,0,0.000157878118092832,0,0.000157878118092832,0,0.000157878118092832,0,0,0.000157878118092832,0,0,0,0,0,0,0,0,0,0,0,0,0,0,0,0,0,0,0,0,0,0,0,0,0,0.000157878118092832,0,0,0,0,0,0,0,0,0,0,0,0,0,0,0.000315756236185665,0.000157878118092832,0,0,0.000315756236185665,0.000473634354278497,0,0,0,0,0.000315756236185665,0,0,0.000157878118092832,0,0.000157878118092832,0.000157878118092832,0,0,0,0,0,0,0,0,0.000157878118092832,0,0,0,0.000157878118092832,0.000315756236185665,0.000157878118092832,0,0,0,0,0,0,0.000473634354278497,0,0.000157878118092832,0,0.000157878118092832,0.000789390590464162,0.000157878118092832,0.00110514682664983,0,0.000157878118092832,0
"P1020",0,0,0,0,0,0,0,0,0,0,0,0,0,0,0,0,0,0,0,0,0,0,0,0,0,0,0,0,0,0,0,0,0,0,0,0,0,0,0,0,0,0,0,0,0,0,0,0,0,0,0,0,0,0,0,0,0,0,0,0,0,0,0,0,0,0,0,0,0,0,0,0,0,0,0,0,0,0,0,0,0,0,0,0,0,0,0,0,0,0,0,0,0,0,0,0,0,0,0,0,0,0,0,0,0,0,0,0,0,0,0,0,0,0,0,0,0,0,0,0,0,0,0,0,0,0,0,0,0,0,0,0,0,0,0,0,0,0.000157878118092832,0,0,0,0,0,0,0,0,0,0,0,0,0,0,0,0,0,0,0,0,0,0,0,0,0,0,0,0,0,0,0,0,0,0,0,0,0,0,0,0,0,0,0,0,0,0,0,0,0,0,0,0,0,0,0,0,0,0,0,0,0,0,0,0,0,0,0,0,0,0,0,0,0,0,0,0,0,0,0,0,0,0,0,0,0,0,0,0,0,0,0,0,0,0,0,0,0,0,0,0,0,0,0,0,0,0,0,0,0,0,0,0,0,0,0,0,0,0,0,0,0,0,0
"P1080",0,0,0,0,0,0,0,0,0,0,0,0,0,0,0,0,0,0,0,0,0,0,0,0,0,0,0,0,0,0,0,0,0,0.00236817177139249,0,0,0,0,0,0,0,0,0,0,0,0,0,0,0,0,0,0,0,0,0,0,0,0,0,0,0,0,0,0,0,0,0,0,0,0,0,0,0,0,0,0,0,0,0,0,0,0,0,0,0,0,0,0,0,0,0,0,0,0,0,0,0,0,0,0,0,0,0,0,0,0,0,0,0,0,0,0,0,0,0,0,0,0,0,0,0,0,0,0,0,0,0,0,0,0,0,0,0,0,0,0,0,0,0,0,0,0,0,0,0,0,0,0,0,0,0,0,0,0,0,0,0,0,0,0,0,0,0,0,0,0,0,0,0,0,0,0,0,0,0,0,0,0,0,0,0,0,0,0,0,0,0,0,0,0,0.00473634354278497,0,0,0,0,0,0,0,0,0,0,0,0,0,0,0,0.00110514682664983,0,0,0,0,0,0,0,0,0,0,0,0,0,0,0,0,0,0,0,0,0,0,0,0,0,0,0,0,0,0,0,0,0,0,0,0,0,0,0,0,0,0,0,0,0,0,0,0,0,0,0,0,0,0
"P1133",0,0,0,0,0,0,0,0,0,0,0,0,0,0.000157878118092832,0,0,0,0,0,0,0,0,0,0,0,0,0,0,0,0,0,0.000157878118092832,0,0.000473634354278497,0.000315756236185665,0,0.000473634354278497,0,0.000157878118092832,0,0,0,0.000157878118092832,0,0,0,0,0.000631512472371329,0,0,0.000315756236185665,0,0,0.000157878118092832,0,0,0,0,0,0,0,0,0,0,0,0,0,0,0,0.000157878118092832,0,0,0,0,0,0.000157878118092832,0.000157878118092832,0,0,0.000157878118092832,0.000315756236185665,0,0,0,0,0,0,0,0,0,0.000157878118092832,0,0,0,0,0,0,0,0,0,0,0,0,0,0,0,0,0,0,0,0,0.000157878118092832,0,0,0.000157878118092832,0,0,0,0,0,0.000157878118092832,0,0.000157878118092832,0.000157878118092832,0,0,0.000157878118092832,0,0,0.000315756236185665,0.000157878118092832,0,0,0,0,0,0,0,0,0.000315756236185665,0.000157878118092832,0,0,0.000315756236185665,0,0,0.000157878118092832,0,0.000157878118092832,0,0,0,0,0,0,0,0,0,0,0,0,0,0,0,0,0.000315756236185665,0,0.000157878118092832,0,0,0,0,0,0,0,0,0,0,0,0,0,0,0.000157878118092832,0.000157878118092832,0,0,0,0,0,0,0,0,0,0,0,0,0,0,0,0.000157878118092832,0,0,0,0,0,0,0,0,0,0,0,0,0,0,0,0,0.000157878118092832,0,0,0,0,0,0,0,0,0,0,0.000315756236185665,0.000315756236185665,0,0,0.000157878118092832,0.000315756236185665,0.000315756236185665,0,0,0,0,0,0,0,0.000157878118092832,0,0,0,0,0,0,0,0,0.000315756236185665,0,0,0,0,0,0,0,0,0,0.000315756236185665
"P1150",0,0,0,0,0,0,0,0,0,0,0,0,0,0,0,0,0,0,0,0,0,0,0,0,0,0,0,0,0,0,0,0,0,0.000157878118092832,0,0,0,0,0,0,0,0,0,0,0,0,0,0,0,0,0,0,0,0,0,0,0,0,0,0,0,0,0,0,0,0,0,0,0,0,0,0,0,0,0,0,0,0,0,0,0,0,0,0,0,0,0,0,0,0,0,0,0,0,0,0,0,0,0,0,0,0,0,0,0,0,0,0,0,0,0,0,0,0,0,0,0,0,0,0,0,0,0,0,0,0,0,0,0,0,0,0,0,0,0,0,0,0,0,0,0,0,0,0,0,0,0,0,0,0,0,0,0,0,0,0,0,0,0,0,0,0,0,0,0,0,0,0,0,0,0,0,0,0,0,0,0,0.000157878118092832,0,0,0,0,0,0,0,0,0,0,0,0,0,0,0,0,0,0,0,0,0,0,0,0,0,0,0,0,0,0,0,0,0,0,0,0,0,0,0,0,0,0,0,0,0,0,0,0,0,0,0,0,0,0,0,0,0,0,0,0,0,0,0,0,0,0,0,0,0,0,0,0,0,0,0,0,0,0,0,0,0,0,0
"P1151",0,0,0,0,0,0,0,0,0,0,0,0,0,0,0,0,0,0,0,0,0,0,0,0,0,0,0,0,0,0,0,0,0,0,0,0,0,0,0,0,0,0,0,0,0,0,0,0,0,0,0,0.000157878118092832,0,0,0,0,0,0,0,0,0,0,0,0,0,0,0,0,0,0,0,0,0,0.000315756236185665,0,0,0,0,0,0,0,0,0,0,0,0,0,0,0,0,0,0,0,0,0,0,0,0,0,0,0,0,0,0,0,0,0,0,0,0,0,0,0,0,0,0,0,0,0,0,0,0,0,0,0,0,0,0,0,0,0,0,0,0,0,0,0,0,0,0,0,0,0,0,0,0,0,0,0,0,0,0,0,0,0,0,0,0,0,0,0,0,0,0,0,0,0,0,0,0,0,0.000157878118092832,0,0,0,0,0,0,0,0,0,0,0,0,0,0,0,0,0,0,0,0,0,0,0,0,0,0,0,0,0,0,0,0,0,0,0,0,0,0,0,0,0,0,0,0,0,0,0,0,0,0,0,0,0,0,0,0,0,0,0,0,0,0,0,0,0,0,0,0,0,0,0,0,0,0,0,0,0,0,0,0,0,0,0,0,0,0,0,0,0
"P1166",0,0,0,0.1850331544048,0.000947268708556994,0,0,0,0,0,0,0.000157878118092832,0,0,0,0,0,0,0,0,0,0,0,0,0.000157878118092832,0,0,0,0,0,0,0,0,0.000157878118092832,0.000631512472371329,0.0116829807388696,0.000473634354278497,0.000157878118092832,0.00126302494474266,0,0.000789390590464162,0,0.000789390590464162,0.0178402273444901,0,0,0,0,0.000157878118092832,0,0,0.000157878118092832,0,0,0,0,0.00363119671613514,0.000157878118092832,0,0,0,0,0,0,0.000157878118092832,0,0.00157878118092832,0,0,0,0,0,0,0,0.13545942532365,0,0.000473634354278497,0.000473634354278497,0.000473634354278497,0,0,0,0,0.000157878118092832,0,0,0,0,0,0,0,0.000315756236185665,0,0,0,0.000157878118092832,0,0,0,0,0.000157878118092832,0.000947268708556994,0,0.00221029365329965,0,0,0,0,0,0,0,0.0143669087464477,0,0,0,0,0,0,0,0,0,0,0,0,0,0,0,0,0,0,0,0,0,0,0,0,0,0,0.000157878118092832,0,0,0,0,0,0,0,0,0,0,0,0,0,0,0,0.000315756236185665,0,0,0,0,0,0,0,0,0.000631512472371329,0.000157878118092832,0,0,0,0,0,0,0,0,0,0,0,0,0,0,0,0,0,0,0,0,0,0,0,0,0,0,0.000631512472371329,0,0,0,0,0,0,0,0.000631512472371329,0.000789390590464162,0,0.00205241553520682,0.00157878118092832,0.000789390590464162,0.000157878118092832,0.00142090306283549,0.00268392800757815,0.000789390590464162,0.00110514682664983,0.00157878118092832,0.000157878118092832,0,0.00252604988948532,0,0.0642563940637828,0,0,0.000789390590464162,0.000473634354278497,0.000315756236185665,0.000315756236185665,0.00126302494474266,0,0.000315756236185665,0.000315756236185665,0.000789390590464162,0.00173665929902116,0.00189453741711399,0.00205241553520682,0.000631512472371329,0.000157878118092832,0.000789390590464162,0.000157878118092832,0.000631512472371329,0,0.000315756236185665,0,0.000157878118092832,0,0,0,0.000315756236185665,0,0.000315756236185665,0,0,0,0,0,0,0,0.000157878118092832,0,0,0.00299968424376381,0,0,0.0670982001894537,0,0
"P1168",0,0,0.000157878118092832,0,0,0,0,0,0,0,0,0,0,0,0,0,0,0,0,0,0,0,0,0,0,0,0,0,0,0,0,0,0,0.000157878118092832,0,0,0,0,0,0,0,0,0,0,0,0,0,0,0,0,0,0,0,0,0,0.000157878118092832,0,0,0,0,0,0,0,0,0,0,0,0,0,0,0,0,0,0,0,0,0,0,0,0,0,0.000157878118092832,0,0,0,0,0,0,0,0,0,0,0,0,0,0,0,0,0,0,0,0,0,0,0,0,0,0,0,0,0,0,0,0,0,0,0,0,0,0,0,0,0,0,0,0,0,0,0,0,0,0,0,0,0,0,0,0,0,0,0,0,0,0,0,0,0,0,0,0,0,0,0,0,0,0,0,0,0,0,0,0,0,0,0,0,0,0,0,0,0,0,0,0,0,0,0,0,0,0,0,0,0,0,0,0,0,0,0,0,0.000315756236185665,0,0,0,0,0,0,0,0,0,0,0,0,0,0,0,0.000315756236185665,0,0,0,0,0,0,0,0,0,0,0,0,0,0,0,0,0,0,0,0,0,0,0,0,0,0,0,0,0,0,0,0,0,0,0,0,0,0,0,0,0,0,0,0,0,0,0,0,0,0,0,0,0,0
"P1189",0,0,0,0,0,0,0,0,0,0,0,0,0,0,0,0,0,0,0,0,0,0,0,0,0,0,0,0,0,0,0,0,0,0,0,0,0,0,0,0,0,0,0,0,0,0,0,0,0,0,0,0,0,0,0,0,0,0,0,0,0,0,0,0,0,0,0,0,0,0,0,0,0,0,0,0,0,0,0,0,0,0,0,0,0,0,0,0,0,0,0,0,0,0,0,0,0,0,0,0,0,0,0,0,0,0,0,0,0,0,0,0,0,0,0,0,0,0,0,0,0,0,0,0,0,0,0,0,0,0,0,0,0,0,0,0,0,0,0,0,0,0,0,0,0,0,0,0,0,0,0,0,0,0,0,0,0,0,0,0,0,0,0,0,0,0,0,0,0,0,0,0,0,0,0,0,0,0,0,0,0,0,0,0,0,0,0,0,0,0,0,0,0,0,0,0,0,0,0,0,0,0,0,0,0,0,0,0,0,0,0.000157878118092832,0,0,0,0,0,0,0,0,0,0,0,0,0,0,0.000315756236185665,0,0,0,0,0,0,0,0,0,0,0,0.000157878118092832,0,0,0,0,0,0,0,0,0,0,0,0,0,0,0,0,0,0,0,0,0,0,0
"P1195",0,0,0,0,0,0,0,0,0,0,0,0,0,0,0,0,0,0,0,0,0,0,0,0,0,0,0,0,0,0,0,0,0,0,0,0,0,0,0,0,0,0,0,0,0,0,0.000315756236185665,0,0,0,0,0.000473634354278497,0,0,0,0,0,0,0,0,0,0,0,0,0,0,0,0,0,0,0,0,0,0,0,0,0,0.000157878118092832,0,0,0,0,0,0,0,0,0,0,0,0,0,0,0,0,0,0,0,0,0,0,0,0,0,0,0,0,0,0,0,0,0,0,0,0,0,0,0,0,0,0,0,0,0,0,0,0,0,0,0,0,0,0,0,0,0,0,0,0,0,0,0,0,0,0,0,0,0,0,0,0,0,0,0,0,0,0,0,0,0,0,0.000157878118092832,0,0,0,0,0,0,0,0,0,0,0,0,0,0,0,0,0,0,0,0,0,0,0,0,0,0,0,0,0,0,0,0,0,0,0,0,0,0,0,0,0,0,0,0,0,0,0,0,0,0,0,0,0,0,0,0,0,0,0.000157878118092832,0,0,0,0,0,0,0,0,0,0,0,0,0,0,0,0,0,0,0,0,0,0,0,0,0,0,0,0,0,0,0,0,0,0,0,0,0,0,0,0,0
"P1229",0,0,0,0,0,0,0,0,0,0,0,0,0,0,0,0,0,0,0,0,0,0,0,0,0,0,0,0,0,0,0,0,0,0.000157878118092832,0,0,0,0,0,0,0,0,0,0,0,0,0,0.000157878118092832,0,0,0,0,0,0,0,0,0,0,0,0,0,0,0,0,0,0,0,0,0,0,0,0,0,0,0,0,0,0,0,0,0,0,0,0,0,0,0,0,0,0,0,0,0,0,0,0.000157878118092832,0,0,0,0,0,0,0,0,0,0,0,0,0,0,0,0,0,0,0,0,0,0,0,0,0,0,0,0,0,0,0,0,0,0,0,0,0,0,0,0,0,0,0,0,0,0,0,0,0,0,0,0,0,0,0,0,0,0,0,0,0,0,0,0,0,0,0,0,0,0,0,0,0,0,0,0,0,0,0,0,0,0,0,0,0,0,0,0,0,0,0,0,0,0,0,0,0,0,0,0,0,0,0,0,0,0,0,0,0,0,0,0,0,0,0,0,0,0,0,0,0,0,0,0,0,0,0,0,0,0,0,0,0,0,0,0,0,0,0,0,0,0,0,0,0,0,0,0,0,0,0,0,0,0,0,0,0,0,0,0,0,0,0,0,0
"P1254",0.000157878118092832,0,0,0,0,0,0,0,0,0,0,0,0,0,0,0.000157878118092832,0,0,0,0.000473634354278497,0,0,0,0,0,0,0,0,0,0,0,0.000157878118092832,0,0.000157878118092832,0,0.000947268708556994,0.000631512472371329,0,0.000315756236185665,0,0.000157878118092832,0.000315756236185665,0.000157878118092832,0.00110514682664983,0,0.000157878118092832,0,0,0,0,0,0,0,0,0,0,0,0,0,0,0,0,0,0,0,0,0,0,0.000157878118092832,0,0.000473634354278497,0,0,0.000473634354278497,0.000157878118092832,0.000157878118092832,0.000473634354278497,0,0,0.000157878118092832,0,0,0,0,0,0,0,0,0,0,0,0,0.000157878118092832,0,0,0,0,0,0,0,0,0,0,0,0,0,0.000157878118092832,0,0,0.000315756236185665,0,0,0,0,0,0,0,0,0,0,0,0.00142090306283549,0.000315756236185665,0.000157878118092832,0,0,0,0,0,0.000157878118092832,0,0.000157878118092832,0,0,0,0.000157878118092832,0,0,0,0,0,0,0,0,0,0,0.000789390590464162,0,0.000157878118092832,0,0.000157878118092832,0.000157878118092832,0,0,0.000315756236185665,0,0,0.000157878118092832,0,0.000157878118092832,0,0,0.000157878118092832,0,0,0,0,0.000157878118092832,0,0,0.000157878118092832,0,0,0,0,0.000157878118092832,0,0,0,0,0,0,0,0,0,0,0,0,0,0,0,0,0,0.000157878118092832,0,0,0,0.000315756236185665,0,0,0,0,0,0,0,0.000157878118092832,0,0,0,0,0,0,0.000157878118092832,0,0,0,0,0.000157878118092832,0,0,0,0,0,0,0,0,0,0,0,0,0,0,0,0,0,0,0,0,0,0,0,0,0,0,0,0,0,0,0.000157878118092832,0,0,0,0,0,0,0,0.000315756236185665,0,0,0,0
"P1262",0,0,0,0,0,0,0,0,0,0,0,0.000157878118092832,0,0,0.000157878118092832,0,0,0,0,0,0,0,0,0,0,0,0.000157878118092832,0,0,0,0,0,0,0.000157878118092832,0.000315756236185665,0,0.000947268708556994,0,0.000157878118092832,0,0.000315756236185665,0,0,0,0,0,0.000315756236185665,0.000473634354278497,0.000315756236185665,0.000315756236185665,0.000157878118092832,0,0,0.000157878118092832,0,0,0,0,0,0,0,0,0,0,0,0,0,0,0,0,0,0,0,0.000157878118092832,0,0,0,0,0,0.000157878118092832,0.000315756236185665,0,0,0,0,0,0.000157878118092832,0,0,0,0.000315756236185665,0,0,0.00142090306283549,0,0.000157878118092832,0,0,0,0,0.000157878118092832,0,0,0,0,0,0,0,0,0.000157878118092832,0,0,0,0,0,0,0,0,0,0,0.000157878118092832,0.000315756236185665,0.000631512472371329,0,0,0,0.000157878118092832,0,0,0,0.000315756236185665,0,0.000157878118092832,0,0,0,0.000157878118092832,0,0,0.000315756236185665,0,0,0,0.000315756236185665,0,0,0.000157878118092832,0,0.000157878118092832,0,0,0,0,0.000157878118092832,0,0,0,0,0,0,0,0,0,0,0,0,0,0.000315756236185665,0,0,0,0,0,0,0,0.000157878118092832,0,0,0,0,0,0.000157878118092832,0.000473634354278497,0.000157878118092832,0,0,0,0,0,0,0,0.000157878118092832,0,0,0,0,0,0,0,0,0,0,0,0,0,0,0,0,0,0,0,0,0,0,0,0,0,0,0,0.000157878118092832,0,0.000157878118092832,0.000157878118092832,0,0,0,0,0.000315756236185665,0,0,0,0.000315756236185665,0.000157878118092832,0.000157878118092832,0,0.000157878118092832,0,0,0.000315756236185665,0.000157878118092832,0,0,0,0,0,0,0,0,0.000157878118092832,0.000157878118092832,0,0,0,0,0,0,0,0,0.000157878118092832,0,0
"P1298",0,0,0,0,0,0,0,0,0,0,0,0,0,0,0,0,0,0,0,0,0,0,0,0,0,0,0,0,0,0,0,0,0,0,0,0,0,0,0,0,0,0,0,0,0,0,0,0.000157878118092832,0,0,0,0,0,0,0,0,0,0,0,0,0,0,0,0,0,0,0,0,0,0,0,0,0,0,0,0,0,0,0,0,0,0,0,0,0,0,0,0,0,0,0,0,0,0,0,0,0,0,0,0,0,0,0,0,0,0,0,0,0,0,0,0,0,0,0,0,0,0,0,0,0,0,0,0,0,0,0,0,0,0,0,0,0,0,0,0,0,0,0,0,0,0,0,0,0,0,0,0,0,0,0,0,0,0,0,0,0,0,0,0,0,0,0,0,0,0,0,0,0,0,0,0,0,0,0,0,0,0,0,0,0,0,0,0,0,0,0,0,0,0,0,0,0,0,0,0,0,0,0,0,0,0,0,0,0,0,0,0,0,0,0,0,0,0,0,0,0,0,0,0,0,0.000157878118092832,0,0,0,0,0,0,0,0,0,0,0,0,0,0,0,0,0,0,0.000157878118092832,0,0,0,0,0,0,0,0,0,0,0,0,0,0,0,0,0,0,0,0
"P1390",0,0,0,0,0,0,0,0,0,0,0,0,0,0,0,0,0,0,0.000157878118092832,0,0,0,0,0,0,0,0,0,0,0,0,0,0,0.000157878118092832,0,0,0,0,0,0.000157878118092832,0,0,0,0,0.000157878118092832,0,0,0,0,0,0,0,0,0,0,0,0,0,0,0,0,0,0,0,0.000789390590464162,0,0,0.000157878118092832,0,0,0,0,0.000157878118092832,0,0,0,0,0,0,0,0,0,0,0,0,0,0,0,0,0.000157878118092832,0,0,0,0,0,0,0.000157878118092832,0,0,0,0,0,0,0,0,0,0,0,0,0,0,0,0,0,0,0,0,0,0,0,0,0,0,0,0,0,0,0,0,0.000157878118092832,0,0,0,0,0,0,0,0,0,0,0,0,0,0,0,0,0,0,0,0,0,0,0,0,0,0,0,0,0,0,0,0,0,0,0,0.000473634354278497,0,0,0,0,0,0,0,0,0,0,0,0,0.000157878118092832,0,0,0,0,0,0,0,0.000157878118092832,0.000157878118092832,0,0,0.000157878118092832,0,0,0,0,0,0.000157878118092832,0,0,0,0,0,0,0,0,0,0,0,0,0,0.000157878118092832,0,0,0,0,0,0,0,0,0,0,0.000157878118092832,0,0,0,0,0.000157878118092832,0,0.000157878118092832,0,0,0,0.000157878118092832,0,0,0,0,0,0,0.000157878118092832,0,0,0,0,0,0,0.000157878118092832,0,0,0,0,0,0,0,0,0,0.000157878118092832,0,0,0,0
"P1410",0,0,0,0,0,0.000157878118092832,0,0,0,0,0,0,0,0,0,0,0,0,0,0,0,0.000157878118092832,0,0,0,0,0,0,0,0,0,0,0,0,0,0,0,0,0,0,0,0,0,0,0,0,0,0,0,0,0,0,0,0,0,0,0,0,0,0,0,0,0,0,0,0,0,0,0,0,0,0,0,0,0,0,0,0,0,0,0,0,0,0,0,0,0,0,0,0,0,0,0,0,0,0,0,0,0,0,0,0,0,0,0,0,0,0,0,0,0,0,0,0,0,0,0,0,0,0,0,0,0,0,0,0,0,0,0,0,0,0,0,0,0,0,0,0,0,0,0,0,0,0,0,0,0,0,0,0,0,0,0,0,0,0,0,0,0,0,0,0,0,0,0,0,0,0,0,0,0,0,0,0,0,0,0,0,0,0,0,0,0,0,0,0,0,0,0,0,0,0,0,0,0,0,0,0,0,0,0,0,0,0,0,0,0,0,0,0,0,0,0,0,0,0,0,0,0,0,0,0,0,0,0,0,0,0,0,0,0,0,0,0,0,0,0,0,0,0,0,0,0,0,0,0,0,0,0,0,0,0,0,0,0,0,0,0,0,0,0
"P1421",0,0,0,0,0,0,0,0,0,0,0,0,0,0,0,0,0,0,0,0,0,0,0,0,0,0,0,0,0,0,0,0,0,0,0,0,0,0.000157878118092832,0,0,0,0,0,0,0,0,0,0,0.000157878118092832,0,0,0,0,0,0,0,0,0,0,0,0,0,0,0,0,0,0,0.000157878118092832,0,0,0,0,0,0,0,0,0,0,0,0,0,0,0,0,0,0,0,0,0,0,0,0,0,0,0,0,0,0,0,0,0,0,0,0,0,0,0,0,0,0,0,0,0,0,0,0,0,0,0,0,0,0,0,0,0,0,0,0,0,0,0,0,0,0,0,0,0,0,0,0,0,0,0,0,0,0,0,0,0,0,0,0,0,0,0.000157878118092832,0,0,0,0,0,0,0,0,0,0,0,0,0,0,0,0,0,0,0,0,0,0,0,0,0,0,0,0,0,0,0,0,0,0,0,0.000157878118092832,0.000157878118092832,0,0,0,0,0.000631512472371329,0,0,0,0,0,0,0,0,0,0,0,0,0,0,0,0,0,0,0,0,0,0,0,0,0,0,0,0,0,0,0,0,0,0,0,0,0,0,0,0,0,0,0,0,0,0,0,0,0,0,0,0,0,0,0,0,0,0,0,0,0,0,0,0
"P1429",0,0,0,0,0,0,0,0,0,0,0,0,0,0,0,0,0,0,0,0,0,0,0,0,0,0,0,0,0,0,0,0,0,0,0,0,0,0,0,0,0,0,0,0,0.000157878118092832,0,0,0,0,0,0,0,0,0,0,0,0,0,0,0,0,0,0,0,0,0,0,0,0,0,0,0,0,0,0,0,0.000315756236185665,0,0,0,0,0,0,0,0,0,0,0,0,0,0,0,0,0,0,0,0,0,0,0,0,0,0,0,0,0,0,0,0,0,0,0,0,0,0,0,0,0,0,0,0,0,0,0,0,0,0,0,0,0,0,0,0,0,0,0,0,0,0,0,0,0,0,0,0,0,0,0,0,0,0,0,0,0,0,0,0,0,0,0,0,0,0,0,0,0,0,0,0,0,0,0,0,0,0,0,0,0,0,0,0,0,0,0,0,0,0,0,0,0,0,0,0,0,0,0,0,0,0,0,0,0,0,0,0,0,0,0,0,0,0,0,0,0,0,0,0,0,0,0,0,0,0,0,0,0,0,0.000157878118092832,0,0.000157878118092832,0,0,0,0,0,0,0,0,0,0.000157878118092832,0,0,0,0,0,0,0,0,0,0,0,0,0,0,0,0,0,0,0,0,0
"P1468",0,0,0,0,0,0,0,0,0.000157878118092832,0,0,0,0,0,0,0,0,0,0,0,0,0,0,0,0,0,0,0,0,0,0,0,0,0,0,0,0,0,0,0,0,0.000157878118092832,0,0,0,0,0,0.000157878118092832,0.000631512472371329,0,0,0,0,0,0,0,0,0,0,0,0,0,0,0,0,0,0.000157878118092832,0,0,0,0,0,0,0.000157878118092832,0,0,0,0,0,0,0,0,0,0,0,0,0,0,0,0,0,0,0,0,0,0.000157878118092832,0,0,0,0,0,0,0,0,0,0,0,0,0,0,0,0,0,0,0.000315756236185665,0,0,0,0,0,0,0,0,0,0,0,0,0,0,0,0,0,0,0,0,0,0,0,0,0,0,0,0,0,0,0,0,0,0,0,0,0,0,0,0,0,0,0,0,0.000157878118092832,0,0,0.000157878118092832,0.000157878118092832,0,0,0.000157878118092832,0,0,0.000315756236185665,0.000157878118092832,0,0,0,0,0.000157878118092832,0,0,0,0,0,0,0,0,0,0,0,0,0,0,0,0,0,0,0,0,0,0,0,0,0,0,0,0,0,0,0.000157878118092832,0,0,0.000157878118092832,0,0,0,0,0,0,0,0,0,0,0,0,0,0,0,0,0,0,0,0,0,0,0,0,0,0,0,0,0,0,0,0,0,0,0,0,0,0,0,0,0,0,0,0,0,0,0,0,0,0,0
"P1607",0,0,0,0,0,0,0,0,0,0,0,0,0,0,0,0,0,0,0,0,0,0,0,0,0,0,0,0,0,0,0,0,0,0,0,0,0,0,0,0,0,0,0,0,0,0,0.000473634354278497,0,0,0,0,0.000157878118092832,0,0,0,0,0,0,0,0,0,0,0,0,0,0,0,0,0,0,0,0,0,0,0,0,0,0,0,0,0,0,0,0,0,0,0,0,0,0,0,0,0,0,0,0,0,0,0,0,0,0,0,0,0,0,0,0,0,0,0,0,0,0,0,0,0,0,0,0,0,0,0,0,0,0,0,0,0,0,0,0,0,0,0,0,0,0,0,0,0,0,0,0,0,0,0,0,0,0,0,0,0,0,0,0,0,0,0,0,0,0,0,0,0,0,0,0,0,0,0,0,0,0,0,0,0,0,0,0,0,0,0,0,0,0,0,0,0,0,0,0,0,0,0,0,0,0,0,0,0,0,0,0,0,0,0,0,0,0,0,0,0,0,0,0,0,0,0,0,0,0,0,0,0,0,0,0,0,0,0,0,0,0,0,0,0,0,0,0,0,0,0,0,0,0,0,0,0,0,0,0,0,0,0,0,0,0,0,0,0
"P1614",0,0,0,0,0,0,0,0,0,0,0,0,0,0,0,0,0,0,0,0,0,0,0,0,0,0,0,0,0,0,0,0,0,0.000157878118092832,0,0,0,0,0,0,0,0,0,0,0,0,0,0,0.000157878118092832,0,0.000157878118092832,0,0,0,0,0,0,0,0,0,0,0,0,0,0,0,0,0.000157878118092832,0,0.000157878118092832,0,0,0,0,0.000157878118092832,0,0,0,0,0,0.000473634354278497,0,0,0,0.000315756236185665,0,0,0,0,0,0,0,0,0,0,0,0,0,0,0,0,0,0,0,0,0,0,0,0,0,0,0,0,0,0,0,0,0,0,0,0,0,0,0,0,0,0,0,0,0,0,0,0,0,0,0,0,0,0,0,0,0,0,0,0,0,0,0,0,0,0,0,0,0,0,0,0,0,0,0,0,0,0,0,0,0,0,0,0,0,0,0,0,0,0,0,0,0,0,0,0,0,0,0,0,0,0.000157878118092832,0,0,0,0,0,0,0,0,0,0,0,0,0,0,0,0,0,0,0,0,0,0,0,0,0,0,0,0,0,0,0,0,0,0,0,0,0,0,0,0,0,0,0,0,0,0,0,0,0,0,0,0,0,0,0,0,0,0,0,0,0,0,0,0,0,0,0,0,0,0,0,0,0,0
"P1617",0,0,0,0,0.000157878118092832,0,0,0.000157878118092832,0,0,0,0,0,0,0,0,0,0,0,0,0,0,0,0,0,0,0,0,0,0,0,0,0,0,0,0.000473634354278497,0.000315756236185665,0,0,0,0.000157878118092832,0,0,0.000473634354278497,0,0,0,0,0,0,0,0,0,0,0,0,0,0,0,0,0,0,0,0,0,0,0,0,0,0,0.000157878118092832,0,0,0,0.000315756236185665,0,0,0,0,0,0,0,0.000157878118092832,0,0,0,0,0,0,0,0,0,0,0,0,0,0,0,0,0,0,0.000157878118092832,0,0,0,0,0,0,0,0,0,0,0,0,0,0,0,0,0,0.000157878118092832,0,0.000631512472371329,0,0,0,0,0.000157878118092832,0,0,0,0,0,0,0,0,0,0,0,0,0,0,0,0,0,0,0,0.000315756236185665,0,0,0,0,0.000157878118092832,0,0,0,0,0,0,0,0,0,0,0.000315756236185665,0,0,0.000157878118092832,0,0,0,0,0,0,0,0,0,0,0,0,0,0,0,0,0,0,0,0,0,0,0,0,0.000315756236185665,0,0,0.000157878118092832,0,0,0,0,0,0,0,0,0,0,0,0,0,0,0,0,0,0,0,0,0,0,0,0,0,0.000157878118092832,0,0,0,0,0,0,0,0.000157878118092832,0,0,0,0,0,0,0,0,0,0,0,0,0,0,0,0,0,0,0,0,0,0,0,0.000157878118092832,0,0,0,0,0,0,0,0,0
"P1625",0,0,0,0,0,0,0,0,0,0,0,0,0,0,0,0,0.000157878118092832,0,0.000157878118092832,0,0,0,0,0,0,0,0,0,0,0,0,0,0,0.000157878118092832,0,0,0,0,0,0,0,0,0,0,0,0,0,0,0,0,0,0,0,0,0,0,0,0,0,0,0,0,0,0,0,0.000157878118092832,0,0,0,0,0,0,0,0,0,0,0,0,0,0,0,0,0,0,0,0.000157878118092832,0,0,0,0,0,0,0,0,0,0,0,0,0,0,0,0,0,0,0,0,0,0,0,0,0,0,0,0,0,0,0,0,0,0,0,0,0,0,0,0,0,0,0,0,0,0,0,0,0,0,0,0,0,0,0,0,0,0,0,0,0,0,0,0,0,0,0,0,0,0,0,0,0,0.000157878118092832,0,0,0,0,0,0,0,0,0,0,0,0,0,0,0.000157878118092832,0,0,0,0,0,0,0,0,0,0,0,0,0,0,0,0,0,0,0,0,0,0,0.000157878118092832,0,0,0,0,0,0,0,0,0.000315756236185665,0,0,0,0.000157878118092832,0,0,0,0,0,0,0,0,0,0,0,0,0,0,0,0,0,0,0,0,0,0,0,0,0,0,0,0,0,0,0,0,0,0,0,0,0,0,0,0,0,0,0,0,0,0,0,0,0,0
"P1645",0,0,0,0,0,0,0,0,0,0,0,0,0,0,0,0,0,0,0,0,0,0,0,0,0,0,0,0,0,0,0,0,0,0,0,0,0,0,0,0,0,0,0.000315756236185665,0,0.000157878118092832,0,0,0,0,0,0.000157878118092832,0,0,0,0,0,0,0,0,0,0,0,0,0,0.000315756236185665,0,0,0,0,0,0,0,0.000157878118092832,0,0,0.000157878118092832,0,0,0,0,0,0,0,0,0,0,0,0,0,0,0.000157878118092832,0,0,0,0,0,0,0,0,0,0,0,0,0,0,0,0,0,0,0,0,0,0,0,0,0,0,0,0,0,0,0,0,0,0,0,0,0,0,0,0,0,0,0,0,0,0,0,0,0,0,0,0,0,0,0,0,0.000157878118092832,0,0,0,0,0,0,0.000157878118092832,0,0,0,0,0,0,0,0,0,0,0,0,0,0,0,0,0,0,0,0,0,0,0,0,0,0,0,0,0,0,0,0,0,0,0,0,0.000157878118092832,0,0,0,0,0.000473634354278497,0,0,0,0,0,0,0,0,0,0,0,0,0,0,0,0,0,0,0,0,0,0,0,0,0,0,0,0,0,0,0,0,0,0,0,0,0,0,0,0,0,0,0,0,0,0,0,0,0,0,0,0,0.000157878118092832,0,0,0,0,0,0,0,0,0,0,0
"P1656",0,0,0,0,0,0,0,0,0,0,0,0,0,0,0,0,0,0,0,0,0,0,0,0,0,0,0,0,0,0,0,0,0,0.000157878118092832,0,0,0,0,0,0,0,0,0,0,0,0,0,0,0,0,0,0,0,0,0,0,0,0,0,0,0,0,0,0,0,0,0,0,0,0,0,0,0,0,0,0,0,0,0,0,0,0,0,0,0,0,0,0,0,0,0,0,0,0,0,0,0,0,0,0,0,0,0,0,0,0,0,0,0,0,0,0,0,0,0,0,0,0,0,0,0,0,0,0,0,0,0,0,0,0,0,0,0,0,0,0,0,0,0,0,0,0,0,0,0,0,0,0,0,0,0,0,0,0,0,0,0,0,0,0,0,0,0,0,0,0,0,0,0,0,0,0,0,0,0,0,0,0,0,0,0,0,0,0,0,0,0,0,0,0,0,0,0,0,0.000157878118092832,0,0,0,0,0,0,0,0,0,0,0,0,0,0,0,0,0,0,0,0,0,0,0,0,0,0.000315756236185665,0,0,0.00157878118092832,0,0,0,0,0,0.000157878118092832,0,0,0,0,0,0,0,0,0,0,0,0,0.000473634354278497,0,0,0,0,0,0,0,0,0,0,0,0,0,0,0,0,0,0
"P1712",0,0,0,0,0,0,0,0,0,0,0,0,0,0,0,0,0,0,0,0,0,0,0,0,0,0,0,0,0,0,0,0,0,0,0.000157878118092832,0,0.000157878118092832,0.000157878118092832,0,0.000157878118092832,0,0,0,0,0,0,0,0.000157878118092832,0,0,0,0,0,0,0,0,0,0,0,0,0,0,0,0,0,0,0,0,0,0,0.000157878118092832,0,0,0,0,0,0,0,0,0,0,0,0,0,0,0,0,0,0,0,0,0,0,0,0,0,0,0,0,0,0,0,0,0,0,0,0,0,0.000157878118092832,0,0,0,0,0,0.000157878118092832,0,0,0,0,0,0.000157878118092832,0,0,0,0,0,0,0,0,0,0.000157878118092832,0,0,0,0,0,0,0,0,0,0,0,0,0.000157878118092832,0,0,0.000157878118092832,0,0,0,0,0,0,0,0,0,0,0,0,0,0,0,0,0,0,0,0,0,0,0,0,0,0,0,0,0.000157878118092832,0,0,0,0,0,0,0,0,0,0,0,0,0,0,0,0,0,0,0,0,0,0,0,0,0,0,0,0,0,0.000157878118092832,0,0,0,0,0,0,0,0,0,0,0,0.000157878118092832,0,0,0,0,0,0,0,0,0,0,0,0,0.000157878118092832,0.000157878118092832,0.000473634354278497,0.000157878118092832,0,0,0,0,0,0,0,0,0,0,0,0,0,0,0.000157878118092832,0,0,0,0,0,0,0,0,0,0,0,0
"P1728",0.000157878118092832,0,0,0,0.000157878118092832,0,0,0,0,0.000157878118092832,0.000157878118092832,0,0,0.000157878118092832,0.000157878118092832,0,0,0.000315756236185665,0,0.000315756236185665,0,0.000157878118092832,0,0,0,0.000157878118092832,0.000157878118092832,0,0,0.000315756236185665,0,0.00126302494474266,0,0,0,0,0.000157878118092832,0,0,0,0,0.000157878118092832,0,0,0,0.000157878118092832,0,0.000157878118092832,0,0,0,0,0.000157878118092832,0,0,0,0,0,0.000315756236185665,0,0.000157878118092832,0,0,0,0,0,0,0.000315756236185665,0,0.000157878118092832,0,0,0,0,0,0,0,0,0,0,0,0,0,0,0,0.000157878118092832,0,0.000157878118092832,0,0.000157878118092832,0.000315756236185665,0,0.000157878118092832,0,0,0.000157878118092832,0,0.000157878118092832,0,0,0.000157878118092832,0,0.000157878118092832,0.000157878118092832,0.000315756236185665,0,0,0,0,0,0.000789390590464162,0.000157878118092832,0,0,0,0,0.000157878118092832,0,0.000157878118092832,0,0,0,0,0,0.000157878118092832,0.000157878118092832,0,0,0,0,0.000315756236185665,0,0.000157878118092832,0.000157878118092832,0,0.000473634354278497,0,0,0,0.000157878118092832,0,0,0,0,0,0,0,0,0.000157878118092832,0,0,0,0,0,0.000157878118092832,0.000157878118092832,0,0,0,0,0,0.000157878118092832,0,0,0,0,0.000157878118092832,0,0,0,0,0,0,0,0,0,0,0,0.000157878118092832,0,0,0,0,0,0,0,0.000157878118092832,0.000315756236185665,0,0.000157878118092832,0,0,0.000157878118092832,0,0.000157878118092832,0,0,0.000315756236185665,0.000157878118092832,0.000315756236185665,0.000315756236185665,0.000473634354278497,0,0,0,0,0,0,0,0,0.000157878118092832,0.000473634354278497,0.000947268708556994,0,0,0,0,0.000315756236185665,0,0.000157878118092832,0,0,0,0,0.000315756236185665,0.000157878118092832,0,0.000157878118092832,0,0,0,0,0,0.000157878118092832,0,0.000157878118092832,0,0.000157878118092832,0,0,0,0.000631512472371329,0,0.000473634354278497,0,0,0.000473634354278497,0.000315756236185665,0,0,0.000315756236185665,0,0.000315756236185665,0,0,0.000157878118092832,0.00110514682664983,0.00142090306283549,0,0.000473634354278497,0.000315756236185665
"P1748",0,0,0.000315756236185665,0,0,0.00221029365329965,0,0,0.00299968424376381,0,0.000631512472371329,0,0.000157878118092832,0.000631512472371329,0,0,0.000157878118092832,0,0.000631512472371329,0.000473634354278497,0.000789390590464162,0,0.00110514682664983,0,0,0.000947268708556994,0,0,0,0,0.000157878118092832,0.000473634354278497,0,0.000315756236185665,0,0,0,0,0,0.000157878118092832,0,0,0,0,0,0,0,0,0,0,0,0,0,0,0,0.000473634354278497,0,0,0,0,0,0,0.000631512472371329,0,0,0,0,0.000315756236185665,0,0,0.000315756236185665,0,0,0.000157878118092832,0,0.00110514682664983,0,0,0,0,0,0,0,0,0.000157878118092832,0,0,0,0,0,0,0,0,0.000789390590464162,0,0.000473634354278497,0,0,0.000157878118092832,0.000157878118092832,0.000157878118092832,0,0.000473634354278497,0,0,0,0,0,0,0,0,0,0,0,0.000315756236185665,0,0,0,0,0,0,0,0,0.000157878118092832,0,0,0,0,0,0,0.000157878118092832,0,0,0,0,0,0,0,0,0,0,0,0,0,0,0,0,0.000315756236185665,0,0,0,0,0,0,0.000315756236185665,0,0,0,0,0.000315756236185665,0,0,0.000157878118092832,0.00157878118092832,0,0,0.000789390590464162,0.00426270918850647,0,0.000473634354278497,0.00142090306283549,0,0.000157878118092832,0,0.000789390590464162,0.00663088095989896,0,0,0,0,0,0,0,0.00173665929902116,0,0.000315756236185665,0,0,0,0,0.000315756236185665,0.000157878118092832,0.000631512472371329,0.000315756236185665,0.000315756236185665,0,0.000315756236185665,0.000157878118092832,0.000157878118092832,0,0,0,0,0,0,0,0,0,0,0,0,0,0,0,0,0,0,0,0.00142090306283549,0,0,0,0,0,0.000157878118092832,0,0,0,0,0,0.000315756236185665,0.000947268708556994,0.000473634354278497,0.000157878118092832,0,0.000315756236185665,0,0.00142090306283549,0,0.000473634354278497,0.000315756236185665,0.000789390590464162,0,0,0,0,0,0,0,0,0,0,0,0.000157878118092832,0,0,0.000157878118092832,0,0,0,0
"P1768",0.000315756236185665,0.000315756236185665,0.000157878118092832,0.0672560783075466,0.0178402273444901,0,0.00331544047994948,0,0,0.0999368487527629,0.00157878118092832,0,0,0,0,0.00426270918850647,0,0.000157878118092832,0,0,0,0,0,0,0,0,0,0,0,0,0,0.000473634354278497,0,0,0,0,0,0,0,0,0,0,0,0,0,0,0,0,0,0,0.000157878118092832,0,0,0,0,0,0,0,0,0,0,0,0,0,0,0.00142090306283549,0.000473634354278497,0,0,0,0,0,0,0,0.0549415850963057,0,0,0.0189453741711399,0,0,0,0,0.0238395958320177,0.0202083991158825,0,0,0,0,0,0,0,0,0,0,0,0,0,0.0388380170508368,0,0,0,0,0,0.0194190085254184,0,0,0,0,0,0.00647300284180613,0,0,0.288127565519419,0.0296810862014525,0.0251026207767603,0.0170508367540259,0,0.0192611304073255,0,0,0,0,0,0,0,0.00789390590464162,0,0,0.00189453741711399,0,0,0.00742027155036312,0,0.000157878118092832,0,0,0,0,0,0,0,0,0,0.00110514682664983,0,0,0,0,0,0,0.00157878118092832,0.00126302494474266,0,0,0,0.0175244711083044,0,0,0,0,0.0459425323650142,0,0,0,0.0473634354278497,0.00110514682664983,0.00773602778654878,0,0,0,0,0.00126302494474266,0,0,0,0,0,0,0,0,0,0,0,0.00110514682664983,0,0,0,0,0.00868329649510578,0,0,0,0,0,0,0,0,0,0,0,0,0,0,0,0,0,0,0,0.00268392800757815,0.000315756236185665,0,0,0,0,0,0.0118408588569624,0,0.00205241553520682,0,0,0,0,0,0,0,0,0,0,0,0,0,0,0,0,0.00173665929902116,0,0,0,0,0,0,0,0,0,0,0,0,0,0.00568361225134196,0.000473634354278497,0.000157878118092832,0,0.0162614461635617,0,0.00568361225134196,0,0.000473634354278497,0,0.022576570887275,0,0
"P1772",0,0,0,0,0,0,0,0,0,0,0,0,0,0,0,0,0,0,0,0,0,0,0,0,0,0,0,0,0,0,0,0,0,0,0,0,0,0,0,0,0,0.000473634354278497,0,0,0,0,0,0,0,0,0,0,0,0,0,0,0,0,0,0,0,0,0,0,0,0,0,0,0,0,0,0,0,0,0,0,0,0,0,0,0,0,0,0,0,0,0,0,0,0,0,0,0,0,0,0,0,0,0,0,0,0,0,0,0,0,0,0,0,0,0,0,0,0,0,0,0,0,0,0,0,0,0,0,0,0,0,0,0,0,0,0,0,0,0,0,0,0,0,0,0,0,0,0,0,0,0,0,0,0,0,0,0,0,0,0,0,0,0,0.000157878118092832,0,0,0,0,0,0,0,0,0,0,0,0,0.000157878118092832,0,0,0,0,0,0,0,0,0,0,0,0,0,0,0,0,0,0,0,0,0,0,0,0,0,0,0,0,0,0,0,0,0,0,0,0,0,0,0,0,0.000157878118092832,0,0,0,0,0,0,0,0,0,0,0,0,0,0,0,0,0,0,0,0,0,0,0,0,0,0,0,0,0,0,0,0,0,0,0,0,0,0,0,0,0,0,0,0,0,0,0
"P1776",0,0,0,0,0,0,0,0,0,0,0,0,0,0,0,0,0,0,0,0,0,0,0,0,0,0,0,0,0,0,0,0,0,0,0,0,0,0,0,0,0,0,0,0,0,0,0,0,0,0,0,0,0,0,0,0,0,0,0,0,0,0,0,0,0,0,0,0,0,0,0,0,0,0,0,0,0,0,0,0,0,0,0,0,0,0,0,0,0,0,0,0,0,0,0,0,0,0,0,0,0,0,0,0,0,0,0,0,0,0,0,0.000157878118092832,0,0,0,0,0,0,0,0,0,0,0,0,0,0,0,0,0,0,0,0,0,0,0,0,0,0,0,0,0,0,0,0,0,0,0,0,0,0,0,0,0,0,0,0,0,0,0,0,0,0,0,0,0,0,0,0,0,0,0,0,0,0,0,0,0,0,0,0,0,0,0,0,0,0,0,0,0,0,0,0,0,0,0,0,0,0,0,0,0,0,0,0,0,0,0,0,0,0,0,0,0,0,0,0,0,0,0,0,0,0,0,0,0,0,0,0,0,0,0,0,0,0.000157878118092832,0,0,0,0,0,0,0,0,0,0,0,0,0,0,0,0,0,0,0,0,0,0,0,0,0,0,0.000157878118092832
"P1778",0.000157878118092832,0,0.00568361225134196,0,0,0,0,0,0.000947268708556994,0,0.00331544047994948,0,0,0.00347331859804231,0.000315756236185665,0,0,0.000473634354278497,0,0,0,0.000947268708556994,0,0.00678875907799179,0,0,0,0.00331544047994948,0,0.000315756236185665,0,0,0,0,0.0347331859804231,0,0,0,0,0,0,0,0,0,0,0,0,0,0,0,0,0,0,0,0,0,0,0,0.00173665929902116,0,0,0,0,0,0,0,0,0,0,0,0,0,0,0,0,0,0,0,0,0,0,0,0.000157878118092832,0,0,0,0,0,0.00852541837701295,0,0,0,0,0,0,0.000315756236185665,0,0,0.00110514682664983,0.00394695295232081,0.000157878118092832,0,0,0,0,0,0,0,0.000473634354278497,0.000631512472371329,0,0.00315756236185665,0,0,0,0,0,0,0,0,0.00236817177139249,0,0,0.00678875907799179,0,0,0,0,0,0,0,0,0,0,0.00126302494474266,0.000789390590464162,0,0,0,0,0,0,0.00410483107041364,0,0,0,0,0.000315756236185665,0.000157878118092832,0,0,0,0,0.000789390590464162,0.00157878118092832,0.00457846542469214,0.000315756236185665,0,0,0,0,0.00915693084938428,0,0.000947268708556994,0,0,0.000315756236185665,0.00252604988948532,0,0.000157878118092832,0.000315756236185665,0.00110514682664983,0.00726239343227029,0,0,0.0048942216608778,0,0,0.00742027155036312,0,0,0,0,0,0,0,0,0,0.000157878118092832,0.000315756236185665,0,0,0,0,0,0.000473634354278497,0.000157878118092832,0,0.000315756236185665,0,0,0,0,0,0,0,0,0,0,0,0,0,0,0.000315756236185665,0,0.000315756236185665,0.000157878118092832,0,0.000947268708556994,0,0,0,0.000947268708556994,0,0,0,0.000315756236185665,0,0,0,0,0.00963056520366277,0.00789390590464162,0.00173665929902116,0,0.00347331859804231,0,0,0.000157878118092832,0,0.000315756236185665,0.00252604988948532,0.00173665929902116,0,0,0,0,0,0.000157878118092832,0,0,0,0,0,0.00110514682664983,0.00205241553520682,0.00631512472371329,0.00142090306283549,0,0,0
"P1794",0,0,0.000157878118092832,0,0.000631512472371329,0,0,0,0,0.000315756236185665,0.000157878118092832,0.000157878118092832,0,0,0,0,0,0.000157878118092832,0,0,0.000157878118092832,0,0,0,0,0.000157878118092832,0,0,0,0,0,0,0,0,0.000315756236185665,0,0.000157878118092832,0,0.000315756236185665,0,0,0,0.000157878118092832,0,0,0,0,0.000157878118092832,0,0,0,0,0,0.000315756236185665,0,0.000157878118092832,0,0,0,0,0,0,0,0,0,0,0,0,0,0,0,0,0,0,0,0,0,0,0,0,0,0.000315756236185665,0,0,0,0,0,0,0,0,0,0,0,0,0,0,0,0,0,0,0,0,0,0,0,0,0,0,0,0,0,0.000157878118092832,0,0,0.000315756236185665,0,0,0,0,0,0.000473634354278497,0,0.000157878118092832,0.000315756236185665,0,0,0,0,0,0,0,0.000157878118092832,0,0,0,0.000157878118092832,0,0,0,0,0,0,0,0,0,0,0,0,0.000157878118092832,0,0,0.000473634354278497,0,0.000157878118092832,0.000157878118092832,0,0,0,0,0,0.000157878118092832,0,0,0.000157878118092832,0,0.000315756236185665,0,0,0,0.000473634354278497,0.000157878118092832,0.000315756236185665,0,0,0.000315756236185665,0.000315756236185665,0,0,0,0,0,0,0.000473634354278497,0.000315756236185665,0,0,0,0,0,0,0,0.000473634354278497,0,0,0,0,0,0,0,0,0,0,0,0,0,0.000157878118092832,0.000315756236185665,0,0,0,0.000157878118092832,0,0,0.000157878118092832,0,0,0.000157878118092832,0,0,0.000315756236185665,0.000315756236185665,0,0.000157878118092832,0,0,0,0,0.000473634354278497,0.000789390590464162,0.000315756236185665,0,0.000157878118092832,0.000473634354278497,0,0,0,0.000157878118092832,0,0,0.000315756236185665,0,0.000157878118092832,0,0,0,0,0,0,0.000473634354278497,0,0.000157878118092832,0,0,0,0,0.000315756236185665,0,0,0,0,0
"P1797",0,0,0.000315756236185665,0,0,0,0,0,0,0,0,0,0,0.000157878118092832,0,0,0,0,0,0,0,0,0,0.000315756236185665,0,0,0,0,0,0,0,0,0,0,0.00157878118092832,0,0,0,0,0,0,0,0,0,0,0,0,0,0,0,0,0,0,0,0,0,0,0,0.000157878118092832,0,0,0,0,0,0,0,0,0,0,0,0,0,0,0,0,0,0,0,0,0,0,0,0,0,0,0,0,0,0.000631512472371329,0,0,0,0,0,0,0,0,0,0,0,0,0,0,0,0,0,0,0,0,0,0,0,0.000157878118092832,0,0,0,0.000631512472371329,0,0.000157878118092832,0,0,0,0,0,0,0,0,0,0,0,0,0,0,0,0.000157878118092832,0,0,0,0,0,0,0,0.000473634354278497,0,0,0,0.000157878118092832,0,0,0,0,0,0,0,0,0.000157878118092832,0,0,0,0,0,0.000473634354278497,0,0.000157878118092832,0,0,0,0,0,0,0,0,0,0,0,0,0,0,0.000157878118092832,0,0,0,0,0,0,0,0,0,0,0,0,0,0,0,0,0,0,0,0,0,0,0,0,0,0,0,0,0,0,0,0,0,0,0,0,0,0,0,0,0,0,0,0,0,0,0,0,0,0,0,0,0.000315756236185665,0.000473634354278497,0,0,0.000157878118092832,0,0,0,0,0.000157878118092832,0,0.000157878118092832,0,0,0,0,0,0,0,0,0,0,0,0,0,0.000473634354278497,0,0,0,0
"P1843",0,0,0,0,0.000157878118092832,0,0,0,0,0,0,0.000315756236185665,0,0,0,0,0,0.000473634354278497,0,0.000789390590464162,0,0.00236817177139249,0,0,0,0,0.00205241553520682,0,0.000157878118092832,0,0.000631512472371329,0.000315756236185665,0,0,0.000631512472371329,0,0,0,0.000157878118092832,0,0,0.000473634354278497,0,0,0,0,0,0.000157878118092832,0.000157878118092832,0,0,0,0,0,0,0,0,0,0.000157878118092832,0,0.000157878118092832,0,0,0,0,0.000157878118092832,0,0.00142090306283549,0,0,0,0,0,0.000473634354278497,0,0,0,0,0,0.000473634354278497,0.000315756236185665,0,0,0,0,0.00331544047994948,0,0,0,0,0.000315756236185665,0,0.00126302494474266,0,0,0,0,0.00221029365329965,0,0,0.000631512472371329,0.000157878118092832,0,0.00315756236185665,0,0,0,0,0,0,0.000315756236185665,0,0,0,0,0,0.00142090306283549,0.000157878118092832,0.00268392800757815,0,0,0.000315756236185665,0,0.000157878118092832,0,0.000315756236185665,0.000315756236185665,0,0.000947268708556994,0.000157878118092832,0,0,0.000315756236185665,0.00252604988948532,0,0,0.000315756236185665,0,0.000631512472371329,0.000789390590464162,0,0.00110514682664983,0,0.000315756236185665,0,0.000157878118092832,0,0.000315756236185665,0,0,0,0,0,0,0.000157878118092832,0,0.000157878118092832,0,0,0,0,0.000315756236185665,0,0.000157878118092832,0.000315756236185665,0.000315756236185665,0,0.000157878118092832,0.000157878118092832,0,0,0,0,0.00442058730659931,0,0,0,0.000473634354278497,0,0.000473634354278497,0,0.000631512472371329,0,0,0,0,0,0,0,0,0,0,0,0,0,0,0.000315756236185665,0.000157878118092832,0,0,0,0,0,0,0,0,0,0.000157878118092832,0,0.000157878118092832,0,0,0.000473634354278497,0.000473634354278497,0,0,0,0.000157878118092832,0,0,0,0,0,0,0,0,0,0,0.000157878118092832,0,0,0,0,0,0,0,0,0.000157878118092832,0,0,0,0,0,0,0,0,0,0,0,0,0.000315756236185665,0.000473634354278497,0.000315756236185665,0,0.000157878118092832,0.00142090306283549,0.000789390590464162,0.000947268708556994,0,0.000315756236185665,0
"P1926",0,0,0,0,0,0,0.000157878118092832,0,0,0,0,0.000157878118092832,0,0,0,0,0,0,0,0.000631512472371329,0,0.000157878118092832,0,0.000157878118092832,0,0,0.000473634354278497,0,0.000157878118092832,0.000157878118092832,0,0.000157878118092832,0,0,0.000315756236185665,0,0,0,0,0,0,0,0,0,0,0,0,0,0.000157878118092832,0,0,0,0,0,0,0,0,0,0,0,0,0,0,0,0,0,0,0.000315756236185665,0,0,0,0,0,0,0,0,0,0,0,0.000789390590464162,0.000631512472371329,0,0,0,0,0.000157878118092832,0,0,0,0,0,0,0,0,0,0,0,0.000789390590464162,0,0,0,0.000157878118092832,0,0.000473634354278497,0,0,0,0,0,0,0.000157878118092832,0,0,0,0,0,0.000473634354278497,0.000315756236185665,0,0,0,0,0,0,0,0,0,0,0,0,0,0,0,0.000157878118092832,0,0,0,0,0,0.000157878118092832,0,0,0,0,0,0,0,0,0.000157878118092832,0,0,0,0,0.000157878118092832,0,0,0,0,0,0,0,0,0,0,0,0,0,0,0.000157878118092832,0,0,0,0,0.000157878118092832,0,0,0,0,0,0,0,0.000157878118092832,0,0,0,0,0,0,0,0,0,0.000157878118092832,0,0,0,0,0.000315756236185665,0.000157878118092832,0,0,0,0,0,0,0,0,0,0,0,0,0,0,0.000473634354278497,0,0,0,0,0,0,0,0,0,0,0,0,0.000157878118092832,0,0,0,0,0,0,0,0,0,0,0.000157878118092832,0.000157878118092832,0,0,0,0,0,0,0,0,0,0,0.000315756236185665,0,0.000157878118092832,0,0.000473634354278497,0,0,0.000157878118092832,0,0,0,0,0
"P2164",0,0.000315756236185665,0.000157878118092832,0,0,0.000157878118092832,0.000157878118092832,0,0,0,0,0,0,0,0.000157878118092832,0,0,0,0,0.000315756236185665,0,0.000315756236185665,0,0,0,0,0.000631512472371329,0,0,0.000157878118092832,0,0,0,0,0,0,0,0,0,0,0,0,0,0,0,0,0,0,0,0,0,0,0,0,0.000157878118092832,0,0,0,0,0,0.000631512472371329,0,0,0,0,0,0,0,0,0,0,0,0,0,0,0,0,0,0,0.000473634354278497,0.000789390590464162,0,0,0,0,0.000631512472371329,0,0.000157878118092832,0,0,0.000157878118092832,0.000157878118092832,0.000789390590464162,0,0.000157878118092832,0,0.000315756236185665,0.000789390590464162,0,0.000315756236185665,0,0,0,0.000315756236185665,0,0,0,0,0,0,0.000315756236185665,0.000157878118092832,0,0,0,0,0.000315756236185665,0,0.000631512472371329,0,0,0,0,0,0,0.000157878118092832,0,0,0.000157878118092832,0.000473634354278497,0,0,0.000315756236185665,0.000631512472371329,0,0,0,0.000157878118092832,0.000157878118092832,0.000157878118092832,0.000315756236185665,0,0,0,0,0.00142090306283549,0.000157878118092832,0,0,0,0,0,0,0.000315756236185665,0.000157878118092832,0,0,0,0,0,0.000157878118092832,0.000473634354278497,0,0.000157878118092832,0.000157878118092832,0.000315756236185665,0,0,0,0,0,0,0,0.000157878118092832,0,0,0,0,0,0,0,0.000157878118092832,0,0,0,0,0,0.000157878118092832,0,0.000157878118092832,0,0,0.000157878118092832,0,0,0,0,0,0,0,0,0,0.000157878118092832,0,0,0,0,0.000157878118092832,0,0,0.000157878118092832,0,0.000157878118092832,0,0,0,0,0.000157878118092832,0.000157878118092832,0,0,0,0.000157878118092832,0,0,0,0,0,0.000157878118092832,0,0,0,0,0,0,0,0,0,0,0,0,0,0,0,0,0,0.000157878118092832,0.000315756236185665,0,0,0,0.000157878118092832,0,0,0,0.00126302494474266,0.000157878118092832,0.000315756236185665,0,0,0
"P2267",0,0,0,0,0,0,0,0,0,0,0,0,0,0,0,0,0,0,0,0,0,0,0,0,0,0,0,0,0,0,0.000157878118092832,0,0,0,0,0.000315756236185665,0,0,0.000157878118092832,0,0,0.000157878118092832,0,0.000315756236185665,0,0,0,0,0,0,0,0,0,0,0,0,0,0,0,0,0,0,0,0,0.000157878118092832,0,0,0,0,0,0,0,0,0.000157878118092832,0,0,0.000157878118092832,0,0,0,0,0,0.000157878118092832,0,0,0,0,0.000157878118092832,0,0,0,0,0,0,0,0,0,0,0,0,0,0,0,0,0,0,0,0,0,0.000315756236185665,0,0,0,0,0,0,0,0,0,0,0.000157878118092832,0.000631512472371329,0,0,0,0,0.00126302494474266,0,0,0,0.000157878118092832,0.000315756236185665,0,0,0,0.000157878118092832,0,0,0,0,0,0,0,0,0,0,0,0,0,0,0.000473634354278497,0.000157878118092832,0,0,0,0,0,0,0,0,0,0,0.000157878118092832,0,0,0.000157878118092832,0,0,0,0,0,0,0,0,0,0,0,0,0,0,0,0,0,0,0,0,0,0,0,0,0,0,0,0,0,0,0,0,0,0,0,0.000157878118092832,0,0,0,0,0,0,0,0,0,0,0,0,0,0,0,0,0,0,0.000315756236185665,0,0,0.000157878118092832,0,0,0,0,0.000157878118092832,0,0.000157878118092832,0,0,0,0,0,0,0,0,0,0,0,0,0,0,0,0,0,0,0,0,0.000157878118092832,0,0,0,0,0,0,0,0,0
"P2344",0.000631512472371329,0,0.00457846542469214,0.0161035680454689,0,0.0404167982317651,0,0.00410483107041364,0.00457846542469214,0,0,0,0,0,0.000157878118092832,0,0.0176823492263972,0,0.0053678560151563,0,0.0202083991158825,0.000315756236185665,0,0.00268392800757815,0,0,0.000157878118092832,0.00426270918850647,0,0,0,0,0,0,0,0,0,0,0,0,0,0,0,0,0,0,0,0.000157878118092832,0,0.000157878118092832,0,0,0,0,0,0,0,0,0,0,0,0,0,0,0,0,0,0,0,0,0,0,0,0,0.00410483107041364,0,0,0,0,0,0,0,0.000157878118092832,0,0,0,0,0,0,0,0,0,0,0,0,0,0,0,0,0,0,0,0,0,0,0,0,0,0,0.00157878118092832,0,0.00205241553520682,0,0.0513103883801705,0.000789390590464162,0.0127881275655194,0,0,0,0,0,0,0,0.000315756236185665,0,0,0,0,0.000157878118092832,0,0,0,0,0,0.00189453741711399,0,0,0,0,0,0,0,0,0,0,0,0,0,0,0,0.00805178402273445,0.00789390590464162,0.47489737922324,0.0129460056836123,0,0.00520997789706347,0,0.0129460056836123,0.0514682664982633,0.104357436059362,0.00284180612567098,0.000157878118092832,0.0138932743921692,0.0454688980107357,0,0,0.0543100726239343,0.0138932743921692,0,0.0421534575307862,0.00363119671613514,0.0336280391537733,0.0355225765708873,0.000157878118092832,0.0119987369750553,0.0238395958320177,0,0.020682033470161,0,0,0,0,0,0,0,0,0,0,0,0,0,0,0,0,0,0,0,0,0,0,0,0,0,0,0,0,0,0,0,0,0,0,0,0,0.00426270918850647,0.00663088095989896,0.00205241553520682,0,0,0,0,0,0,0,0,0,0,0,0,0,0,0,0,0,0,0,0,0,0,0.00931480896747711,0.00899905273129144,0,0,0,0,0,0,0,0,0,0,0,0,0,0.000157878118092832,0.000473634354278497,0.00836754025892011,0,0,0,0
"P2397",0,0,0,0,0,0,0,0,0,0,0,0,0,0,0,0,0,0,0,0,0,0,0,0,0,0,0,0,0,0,0,0,0,0,0,0,0,0,0,0,0,0,0,0,0,0,0,0,0,0,0,0,0.000157878118092832,0,0,0,0,0,0,0,0,0,0,0,0,0,0,0,0,0,0,0,0,0,0,0,0,0,0,0,0,0,0,0,0,0,0,0,0,0,0,0,0,0,0,0,0,0,0,0,0,0,0,0,0,0,0,0,0,0,0,0.000157878118092832,0,0.000157878118092832,0,0,0,0,0.000157878118092832,0,0,0,0,0,0,0,0,0,0,0,0,0,0,0,0,0,0,0,0,0,0,0,0,0,0,0,0,0,0,0,0,0,0,0,0,0,0,0,0,0,0,0,0,0,0,0,0,0,0.000157878118092832,0,0,0,0,0,0.000157878118092832,0,0,0,0,0,0,0,0,0,0,0,0.000157878118092832,0,0,0,0,0,0,0,0,0,0,0,0,0,0,0,0,0,0,0,0,0,0,0,0,0,0,0,0,0,0,0,0,0,0,0,0,0,0,0,0,0,0,0,0,0,0,0,0,0,0,0,0,0,0,0,0,0,0,0,0,0,0,0,0,0,0,0,0,0,0,0,0,0,0
"P2401",0,0,0,0,0,0,0,0,0,0,0,0,0,0,0,0,0,0,0,0,0,0,0,0,0,0,0,0,0,0,0,0,0,0,0,0.000157878118092832,0.000157878118092832,0,0,0,0,0,0,0,0,0,0,0,0,0,0,0,0,0,0,0,0,0,0,0.000157878118092832,0,0,0,0,0,0,0,0,0,0,0,0,0,0,0,0,0,0,0,0,0,0,0,0,0,0,0,0,0,0,0,0,0,0,0,0,0,0,0,0,0,0,0,0,0,0,0,0,0,0,0,0,0,0,0,0,0,0,0,0,0,0,0,0,0,0,0,0,0,0,0,0,0,0,0,0,0,0.000157878118092832,0,0,0,0,0,0,0,0,0,0,0,0,0,0,0,0,0,0,0,0,0,0,0,0,0,0.000157878118092832,0,0,0,0,0,0,0,0,0,0,0,0,0,0.000157878118092832,0,0,0,0,0,0,0,0,0,0,0,0,0,0,0,0,0,0,0,0,0,0,0,0,0,0,0,0,0,0,0,0,0,0,0,0,0,0,0,0,0,0,0,0,0,0,0,0,0,0,0,0.000157878118092832,0,0,0,0,0,0.000157878118092832,0,0,0,0,0,0,0.000157878118092832,0,0,0,0,0,0,0,0,0,0,0,0,0,0,0,0,0,0
"P2558",0,0,0,0,0,0.000947268708556994,0.000157878118092832,0,0,0.000473634354278497,0.000157878118092832,0,0,0,0.000473634354278497,0,0,0.000631512472371329,0,0,0,0,0,0,0,0,0.000157878118092832,0,0,0,0.000473634354278497,0.000157878118092832,0,0,0,0.000157878118092832,0,0,0.000157878118092832,0,0,0,0,0,0,0.000315756236185665,0,0,0,0,0,0,0,0,0,0,0,0.000157878118092832,0,0,0,0,0,0.000631512472371329,0.00205241553520682,0.00868329649510578,0.0048942216608778,0,0,0,0.000947268708556994,0.000157878118092832,0,0.000473634354278497,0,0,0,0,0,0,0,0,0,0,0,0,0,0,0,0,0,0,0,0,0,0.000473634354278497,0,0,0.000315756236185665,0,0.000157878118092832,0.000473634354278497,0.000157878118092832,0,0,0,0,0,0,0,0,0,0,0,0,0,0,0,0,0,0,0,0,0,0,0,0,0,0,0,0,0,0,0,0.000157878118092832,0,0.000157878118092832,0,0.000157878118092832,0,0,0.000157878118092832,0,0,0,0.000473634354278497,0,0.000157878118092832,0,0,0,0,0,0,0.000473634354278497,0,0,0,0,0.000157878118092832,0,0,0,0,0.000157878118092832,0,0.000157878118092832,0.000157878118092832,0,0,0,0,0,0,0,0.000157878118092832,0,0,0,0,0,0.000315756236185665,0,0.000157878118092832,0,0,0,0,0,0,0,0.000157878118092832,0,0,0,0.000157878118092832,0,0.000315756236185665,0,0,0.000157878118092832,0,0,0,0,0,0,0.00157878118092832,0.00221029365329965,0.00142090306283549,0.000157878118092832,0,0.000157878118092832,0.000789390590464162,0,0,0,0,0.000157878118092832,0,0,0.00110514682664983,0,0.000157878118092832,0,0,0.00126302494474266,0.00173665929902116,0.00157878118092832,0.00157878118092832,0,0,0,0.000947268708556994,0.000473634354278497,0.000947268708556994,0.000157878118092832,0,0.000473634354278497,0,0,0.000157878118092832,0,0,0,0,0.000157878118092832,0,0,0,0,0,0,0,0,0,0.000157878118092832,0,0,0,0
"P2570",0.000789390590464162,0,0,0.00110514682664983,0.000789390590464162,0,0,0,0,0,0,0,0,0,0,0,0,0,0,0,0.00110514682664983,0,0,0.000631512472371329,0,0,0.000473634354278497,0,0,0,0,0,0,0,0,0,0,0,0,0,0,0,0,0,0,0,0,0,0,0,0,0,0,0,0,0,0,0,0,0,0,0,0,0,0,0,0,0,0,0,0,0,0,0,0,0,0,0,0.00126302494474266,0,0,0,0,0,0,0,0,0,0,0,0,0,0.00363119671613514,0,0,0,0,0,0,0,0.000631512472371329,0.00252604988948532,0,0,0,0,0,0,0,0,0,0,0,0.00205241553520682,0,0,0,0,0,0,0,0,0,0,0,0,0,0,0,0,0,0,0,0,0,0,0,0,0,0,0,0,0,0,0,0,0,0,0,0,0.000315756236185665,0,0,0.000157878118092832,0,0,0,0,0,0,0,0,0,0,0,0,0,0,0,0,0,0,0,0,0,0.00205241553520682,0,0,0,0,0,0,0,0.00173665929902116,0,0,0,0,0.000315756236185665,0,0,0.000157878118092832,0,0,0,0,0,0,0,0,0,0,0,0,0,0,0.000473634354278497,0,0,0,0.000473634354278497,0,0,0,0.00173665929902116,0.0135775181559836,0,0,0,0,0,0,0,0,0,0,0,0,0,0,0,0,0,0,0,0,0,0,0,0,0.000157878118092832,0,0,0,0.000157878118092832,0,0,0,0,0,0,0,0,0,0,0,0,0,0,0,0
"P2572",0,0,0,0,0,0.000157878118092832,0,0,0,0,0,0,0,0,0,0,0,0,0,0,0,0,0,0,0,0,0,0,0,0,0.000157878118092832,0,0,0,0,0,0,0,0,0,0,0,0,0,0,0,0,0,0,0,0,0,0,0,0,0,0,0,0,0,0,0,0,0,0.000157878118092832,0,0.000157878118092832,0,0,0,0,0,0,0,0,0,0,0,0,0,0,0,0,0,0,0.000157878118092832,0,0,0,0,0,0,0,0,0,0,0,0,0,0,0,0,0,0,0,0,0,0,0,0,0,0,0,0,0,0,0,0,0,0,0,0,0,0,0,0,0,0,0,0,0,0,0,0,0,0,0,0,0,0,0,0.000157878118092832,0,0,0,0,0,0,0,0,0,0,0,0,0,0,0,0,0,0,0,0,0,0.000157878118092832,0,0.000157878118092832,0,0.000157878118092832,0,0.000157878118092832,0,0,0,0.000157878118092832,0,0.000315756236185665,0,0,0,0,0,0,0,0,0,0,0,0,0,0,0,0,0,0,0,0,0,0,0,0,0,0,0,0,0,0,0,0,0,0,0,0,0,0,0,0,0,0,0,0,0.000157878118092832,0,0,0,0,0,0,0,0,0,0,0,0,0,0,0,0,0,0,0,0,0,0,0,0,0,0,0,0,0,0,0,0,0,0,0,0,0,0,0,0
"P2596",0,0,0,0,0,0,0,0,0.000631512472371329,0,0,0,0,0,0,0,0,0,0,0,0.000315756236185665,0.00221029365329965,0,0,0,0,0,0,0,0,0,0,0,0,0,0.000157878118092832,0,0,0,0,0,0,0,0,0,0,0,0,0,0,0,0,0,0,0,0,0,0,0,0,0,0,0,0,0,0,0,0,0,0,0,0,0,0,0,0,0,0,0,0,0,0,0,0,0,0,0,0,0,0,0,0,0,0,0,0,0,0,0,0,0,0,0,0,0,0,0,0,0,0,0,0,0,0,0,0,0,0,0,0,0,0,0,0,0,0,0,0,0,0,0,0,0,0,0.0143669087464477,0,0,0,0,0,0,0,0,0,0,0,0,0,0,0,0,0,0,0,0,0,0,0,0,0.00221029365329965,0,0.000789390590464162,0,0.000947268708556994,0,0,0,0,0,0.000789390590464162,0.00142090306283549,0,0,0,0.000947268708556994,0,0,0,0,0,0,0,0,0,0,0,0,0,0,0,0,0,0,0,0,0,0,0,0,0,0,0,0,0,0,0,0,0,0,0,0,0,0,0,0,0,0,0,0,0,0,0,0,0,0,0,0,0,0,0,0,0,0,0,0,0,0,0,0,0.00126302494474266,0,0,0,0,0,0,0,0,0,0,0,0,0,0,0,0,0,0,0,0,0
"P2654",0,0,0.000157878118092832,0.000947268708556994,0,0,0,0,0,0,0,0,0,0,0.00568361225134196,0,0,0.00126302494474266,0,0,0,0,0,0,0,0,0,0,0,0.00157878118092832,0.00520997789706347,0,0,0,0,0,0.0361540890432586,0,0.00442058730659931,0,0,0,0,0,0,0,0,0,0,0,0,0,0,0,0,0,0,0,0,0,0,0,0,0,0.000315756236185665,0,0,0,0,0,0,0,0,0,0,0,0,0,0,0,0,0,0,0,0,0,0,0,0,0,0,0,0,0,0,0,0,0,0,0,0.000789390590464162,0,0,0,0,0,0,0,0,0,0,0,0,0,0,0,0,0,0,0,0,0,0,0,0,0,0,0,0,0,0,0,0,0,0,0,0,0,0,0,0,0,0,0,0,0,0,0,0,0,0,0,0,0,0,0,0,0,0,0,0,0,0,0,0,0,0,0,0,0,0,0,0,0,0,0,0,0,0,0,0,0,0,0,0,0,0,0,0,0,0,0,0,0,0,0,0,0,0,0,0,0,0,0,0,0,0,0,0,0,0,0,0,0,0.000157878118092832,0.000157878118092832,0,0,0,0.00457846542469214,0.00663088095989896,0.00268392800757815,0.00126302494474266,0,0,0,0,0,0,0,0,0,0,0,0,0,0,0,0,0,0,0.000789390590464162,0,0,0,0,0,0,0,0,0,0,0.000631512472371329,0,0,0,0,0,0,0,0
"P2659",0,0,0,0,0,0,0,0,0,0.000157878118092832,0,0,0,0,0,0,0,0,0,0.000157878118092832,0,0,0,0,0,0,0,0,0,0,0,0,0,0,0,0,0.00742027155036312,0,0.0048942216608778,0,0.0617303441742974,0,0,0,0,0,0,0,0,0,0,0,0,0,0,0.00126302494474266,0.000315756236185665,0,0,0,0,0,0,0,0.00157878118092832,0,0,0,0,0,0,0,0,0,0,0,0,0.000157878118092832,0,0.000157878118092832,0,0,0,0,0,0,0.00868329649510578,0,0,0,0.000157878118092832,0,0.00631512472371329,0,0.000315756236185665,0,0,0,0,0,0.00631512472371329,0.0194190085254184,0,0.000315756236185665,0,0,0,0,0,0,0.000157878118092832,0.000157878118092832,0,0.000157878118092832,0,0,0,0,0,0,0,0,0,0,0,0,0,0,0,0,0,0.000157878118092832,0.00268392800757815,0,0,0,0,0,0,0,0,0,0,0,0.000157878118092832,0,0.000157878118092832,0.000473634354278497,0.000157878118092832,0,0,0,0,0,0,0,0,0,0,0,0,0,0,0.000789390590464162,0,0,0,0,0,0,0,0,0,0.000473634354278497,0,0.000157878118092832,0,0,0,0,0,0,0,0,0,0,0,0,0,0,0,0,0,0.00378907483422798,0,0,0,0.0126302494474266,0,0,0,0,0,0,0.000157878118092832,0.000631512472371329,0.0048942216608778,0,0,0,0,0.000315756236185665,0,0.00126302494474266,0,0,0,0.000157878118092832,0,0.0101041995579413,0.00805178402273445,0.00631512472371329,0.00331544047994948,0.000157878118092832,0,0,0,0,0,0.000947268708556994,0,0,0,0,0,0,0,0,0,0,0,0,0,0,0,0,0,0,0,0.000157878118092832,0,0,0,0,0,0,0,0.00126302494474266,0.000473634354278497,0,0.000947268708556994
"P2664",0,0,0,0,0,0,0,0,0,0,0,0,0,0,0,0,0,0,0,0,0,0,0,0,0,0,0,0,0,0,0,0,0,0,0,0,0.00315756236185665,0,0,0,0,0,0,0,0,0,0,0,0,0,0,0,0,0,0,0,0,0,0,0,0,0,0,0,0,0,0,0,0,0,0,0,0,0,0,0,0,0,0,0,0,0,0,0,0,0,0,0,0,0,0,0,0,0,0,0,0,0,0,0,0,0,0,0,0,0,0,0,0,0,0,0,0,0,0,0,0,0,0,0,0,0,0,0,0,0,0,0,0,0,0,0,0,0,0,0,0,0,0,0,0,0,0,0,0,0,0,0,0,0,0,0,0,0,0,0,0,0,0,0,0,0,0,0,0,0,0,0,0,0,0,0,0,0,0,0,0,0,0,0,0,0,0,0,0,0,0,0,0,0,0,0,0,0,0,0,0,0,0,0,0,0,0,0,0,0,0,0,0,0,0,0,0,0,0,0,0,0,0,0,0,0,0,0,0,0,0,0,0,0,0,0,0,0,0,0,0,0,0,0,0,0,0,0,0,0,0,0,0,0,0,0,0,0,0,0,0,0,0,0,0
"P2691",0,0,0,0,0,0,0,0,0,0,0,0,0,0,0,0,0,0,0,0,0,0,0,0,0,0,0,0,0,0,0,0,0,0,0,0,0,0,0,0,0,0,0,0,0,0,0,0,0,0,0,0,0,0,0,0,0,0,0,0,0,0,0,0,0,0,0,0,0,0,0,0,0,0,0,0,0,0,0,0,0,0,0,0,0,0,0,0,0,0,0,0,0,0,0,0,0,0,0,0,0,0,0,0,0,0,0,0,0,0,0,0,0,0,0,0,0,0,0,0,0,0,0,0,0,0,0,0,0,0,0,0,0,0,0,0,0,0,0,0,0,0,0,0,0,0,0,0,0,0.00331544047994948,0,0,0,0,0,0,0,0,0,0,0,0,0,0,0,0,0,0,0,0,0,0,0,0,0,0,0,0,0,0,0,0,0,0.00126302494474266,0,0,0,0,0,0,0,0,0,0,0,0,0.00110514682664983,0,0,0,0,0,0,0,0,0,0,0,0,0,0,0,0,0,0,0,0,0,0,0,0,0,0,0,0,0,0,0,0,0,0,0,0,0,0,0,0,0,0,0,0,0,0,0,0,0,0,0,0,0,0,0,0,0,0,0,0,0,0,0,0
"P2723",0,0,0,0,0,0,0,0,0,0,0.000157878118092832,0,0,0,0,0,0,0,0,0,0,0,0,0,0,0,0,0,0,0,0,0,0,0,0,0,0,0,0.000157878118092832,0,0,0,0.000157878118092832,0,0,0,0,0,0,0,0,0,0,0,0,0,0,0,0,0,0,0,0,0,0,0,0,0,0,0,0,0,0,0,0,0,0,0.000157878118092832,0,0,0,0,0,0,0,0,0,0,0,0,0,0,0,0,0,0,0,0,0,0,0,0,0,0,0,0,0,0,0,0,0,0.000157878118092832,0,0,0,0,0,0,0,0,0,0,0,0,0,0,0,0,0,0,0,0,0,0,0,0,0,0,0,0,0,0,0,0,0,0,0,0,0,0,0,0,0,0,0.000157878118092832,0,0,0,0,0.00520997789706347,0,0,0,0,0,0,0,0.000157878118092832,0,0,0,0,0,0,0,0,0,0,0,0,0,0,0,0,0,0,0,0,0,0,0,0.000157878118092832,0,0,0,0,0,0,0,0,0,0,0,0,0.000157878118092832,0.000157878118092832,0.000157878118092832,0.000157878118092832,0,0,0.000157878118092832,0,0,0,0,0,0,0,0,0,0,0,0.000157878118092832,0,0,0,0,0,0,0,0,0,0,0,0,0,0,0,0,0,0,0,0,0,0,0,0,0,0,0,0,0,0,0,0,0,0,0,0.000157878118092832,0,0
"P2769",0,0,0,0.000157878118092832,0,0.000789390590464162,0,0,0,0,0,0,0.000157878118092832,0,0.000947268708556994,0,0.000157878118092832,0.00173665929902116,0,0.000157878118092832,0,0,0,0,0,0.000631512472371329,0,0,0.000315756236185665,0,0.00126302494474266,0,0,0,0,0,0.000157878118092832,0,0,0,0,0,0,0,0,0,0,0,0,0,0,0,0,0,0,0,0,0,0,0,0.000631512472371329,0,0,0,0,0.000157878118092832,0,0,0,0,0,0,0,0,0,0,0,0,0.000157878118092832,0,0,0,0,0,0,0,0,0,0,0,0,0,0,0,0,0,0.000157878118092832,0,0,0,0.000157878118092832,0,0,0,0,0,0,0,0,0,0,0.000157878118092832,0,0.000473634354278497,0.000631512472371329,0.000315756236185665,0,0,0,0,0,0,0,0,0,0,0,0,0,0,0,0,0,0,0,0,0,0,0,0,0,0,0,0,0,0,0,0,0,0,0,0,0,0.000157878118092832,0,0,0,0.000157878118092832,0.000315756236185665,0,0.000315756236185665,0,0.000947268708556994,0.000473634354278497,0,0,0.000157878118092832,0,0,0.000157878118092832,0,0,0.000315756236185665,0,0.000157878118092832,0.000157878118092832,0,0.000789390590464162,0,0,0,0.000157878118092832,0,0,0,0,0,0,0,0,0,0,0,0,0,0,0,0,0,0,0,0,0,0,0,0,0,0,0,0,0.000157878118092832,0,0,0,0.000157878118092832,0.000157878118092832,0.000315756236185665,0,0,0,0,0,0,0,0,0,0,0,0,0,0,0,0,0,0,0,0,0,0,0,0,0,0,0,0,0,0,0,0,0,0,0,0,0,0,0.00252604988948532,0.000315756236185665,0,0,0.000157878118092832,0
"P2850",0,0,0,0,0,0,0,0,0,0,0,0,0,0,0,0,0,0,0,0,0,0,0,0,0,0,0,0,0,0,0,0,0,0,0,0,0,0,0,0,0,0,0,0,0,0,0,0,0,0,0,0,0,0.000157878118092832,0,0,0,0,0,0,0,0,0,0,0,0,0,0,0,0,0,0,0,0,0,0,0,0,0,0,0,0,0,0,0,0,0,0,0,0,0,0,0,0,0,0,0,0,0,0,0,0,0,0,0,0,0,0,0,0,0,0,0,0,0,0,0,0,0,0,0,0,0,0,0,0,0,0,0,0,0,0,0,0,0,0,0,0,0,0,0,0,0,0,0,0,0,0,0,0,0,0,0,0,0,0,0,0,0,0,0,0,0,0,0,0,0,0,0,0,0,0,0,0,0,0,0,0,0,0,0,0,0,0,0,0,0,0,0,0,0,0,0,0,0,0,0,0,0,0,0,0,0,0,0,0,0,0,0,0,0,0,0,0,0,0,0,0,0,0,0,0,0,0,0,0,0,0,0,0,0,0,0,0,0,0,0,0,0,0,0,0,0,0,0,0,0,0,0,0,0,0,0,0,0,0,0,0,0,0,0
"P2870",0,0,0,0,0,0,0,0,0,0,0.000157878118092832,0,0,0,0,0,0,0,0,0,0,0,0,0,0,0,0,0,0,0,0,0,0,0,0,0,0.000157878118092832,0,0,0,0,0,0.000157878118092832,0,0,0,0,0.000473634354278497,0.000157878118092832,0.000157878118092832,0,0,0,0,0,0,0,0,0,0,0,0,0,0,0,0,0,0,0,0,0,0,0,0,0,0,0,0,0,0,0.000157878118092832,0,0,0,0,0,0,0,0,0,0,0,0,0,0,0,0,0,0,0,0,0,0,0,0,0,0.000157878118092832,0,0,0,0,0,0,0,0,0,0,0,0,0,0,0,0.000157878118092832,0,0,0,0,0,0,0,0.000157878118092832,0,0,0,0,0,0.000157878118092832,0,0,0,0,0,0,0.000157878118092832,0,0,0.000157878118092832,0,0.000157878118092832,0,0,0,0,0,0,0,0,0,0,0,0,0,0,0,0.000157878118092832,0,0,0,0,0,0,0,0,0,0,0,0,0,0,0,0,0,0,0,0,0,0,0,0,0,0,0,0,0,0,0,0,0,0,0,0,0,0,0,0,0,0,0,0,0,0,0,0,0,0,0,0,0,0,0,0,0.000315756236185665,0,0,0,0,0,0,0,0,0,0.000157878118092832,0,0,0,0,0,0,0,0,0,0,0,0,0,0,0,0,0,0,0,0,0,0,0,0,0,0,0.000157878118092832,0,0
"P2957",0.000157878118092832,0,0.00236817177139249,0,0.000157878118092832,0.000157878118092832,0,0.000315756236185665,0.00331544047994948,0.00252604988948532,0,0,0,0,0.000473634354278497,0.000157878118092832,0.00363119671613514,0,0.00394695295232081,0.000157878118092832,0,0,0.000947268708556994,0,0,0.000315756236185665,0.00157878118092832,0,0.000473634354278497,0,0.000473634354278497,0.000315756236185665,0,0,0,0,0,0,0.00363119671613514,0,0,0,0,0,0,0,0,0,0,0,0,0,0,0,0,0,0,0,0.00252604988948532,0,0,0,0,0,0,0,0,0,0,0,0,0,0,0,0,0,0,0,0,0,0,0,0.000473634354278497,0.00157878118092832,0,0,0,0,0,0,0.000789390590464162,0,0,0,0,0,0,0,0,0,0.000157878118092832,0,0,0,0,0,0,0,0.000631512472371329,0.00157878118092832,0,0,0,0,0,0,0,0.000473634354278497,0,0,0.000631512472371329,0,0,0,0,0,0,0,0,0,0,0,0,0,0,0.000315756236185665,0.00205241553520682,0.00394695295232081,0,0,0,0,0,0.00110514682664983,0.00110514682664983,0.000473634354278497,0,0.00299968424376381,0,0,0,0.000157878118092832,0,0.000473634354278497,0.000789390590464162,0,0.000947268708556994,0,0.00157878118092832,0,0.000315756236185665,0,0,0.00110514682664983,0,0.00252604988948532,0.00457846542469214,0.00378907483422798,0,0.000315756236185665,0.000157878118092832,0,0,0.00268392800757815,0,0,0,0,0,0.000473634354278497,0,0,0,0.00221029365329965,0,0,0,0,0.00126302494474266,0,0,0,0,0,0,0.00142090306283549,0.000947268708556994,0.00378907483422798,0,0,0,0,0,0,0,0,0.000315756236185665,0,0,0,0.000315756236185665,0,0,0.000473634354278497,0,0,0,0.000315756236185665,0,0.000789390590464162,0,0,0,0,0.00315756236185665,0,0,0,0,0,0,0,0,0,0,0,0,0,0,0,0.000315756236185665,0.000315756236185665,0,0,0,0,0,0,0,0,0.00126302494474266,0,0.000157878118092832,0,0.000789390590464162,0.00252604988948532,0,0,0,0,0
"P3264",0,0,0,0,0,0,0,0,0,0,0,0,0,0,0,0,0,0,0,0,0,0,0,0,0,0.000315756236185665,0,0,0,0,0,0,0,0,0,0,0,0,0,0,0,0,0,0,0,0,0,0,0,0,0,0,0,0,0,0,0,0,0,0,0,0,0,0,0,0,0,0.000157878118092832,0,0,0,0,0,0,0,0,0,0,0,0,0.000473634354278497,0,0,0,0,0.000315756236185665,0,0,0,0,0,0.000157878118092832,0.000157878118092832,0,0,0,0,0.000315756236185665,0,0,0.000157878118092832,0,0,0.000473634354278497,0,0,0,0,0,0,0.000473634354278497,0,0,0,0,0,0.000157878118092832,0.000157878118092832,0.000157878118092832,0,0,0.000157878118092832,0,0,0,0.000157878118092832,0,0,0,0,0,0,0.000157878118092832,0,0,0,0.000157878118092832,0,0.000157878118092832,0,0,0,0,0.000157878118092832,0,0,0,0,0,0,0,0,0,0,0,0,0,0,0,0,0,0,0,0,0,0.000157878118092832,0,0,0,0,0.000157878118092832,0,0,0,0,0,0,0,0,0,0,0,0.000157878118092832,0,0,0,0,0,0,0,0,0,0,0,0,0,0.000157878118092832,0,0,0,0,0,0,0,0,0,0,0,0,0,0,0,0,0,0,0,0,0,0,0,0,0,0.000157878118092832,0,0,0,0,0,0,0,0,0,0,0,0,0,0,0,0,0,0,0,0,0,0,0,0,0,0,0,0,0,0,0,0.000157878118092832,0.000315756236185665,0,0,0,0,0
"P3288",0,0,0,0,0,0,0,0,0,0.000157878118092832,0,0,0,0,0,0,0,0.000157878118092832,0,0.000631512472371329,0,0.000157878118092832,0,0,0,0.000157878118092832,0.000631512472371329,0,0,0,0,0,0,0,0,0,0,0,0,0,0,0,0,0,0,0,0,0.000157878118092832,0,0,0,0,0,0,0,0,0,0,0,0,0,0,0,0,0,0,0.000157878118092832,0,0,0,0,0,0,0,0,0,0,0,0,0.000315756236185665,0.000157878118092832,0,0,0,0,0.000315756236185665,0,0,0,0,0.000157878118092832,0,0.000157878118092832,0,0,0,0,0.000157878118092832,0,0,0,0,0,0.000473634354278497,0,0,0,0,0,0,0.000157878118092832,0.000157878118092832,0,0,0,0,0.000157878118092832,0,0.000631512472371329,0,0,0,0,0,0,0.000157878118092832,0,0,0.000157878118092832,0,0,0,0,0.000473634354278497,0,0,0,0,0.000315756236185665,0,0,0.000157878118092832,0,0.000157878118092832,0,0,0,0,0,0,0,0,0,0,0,0,0,0,0,0,0,0,0,0,0,0,0,0,0,0,0,0,0,0.000157878118092832,0,0,0,0.000157878118092832,0,0,0,0,0,0,0,0,0,0,0,0,0,0.000157878118092832,0,0,0,0,0,0.000157878118092832,0,0,0,0.000157878118092832,0,0.000157878118092832,0,0,0,0.000157878118092832,0,0,0,0,0.000789390590464162,0.000157878118092832,0,0,0.000157878118092832,0,0,0,0,0,0,0,0,0,0,0.000157878118092832,0,0,0,0,0,0,0.000157878118092832,0,0,0,0,0,0,0,0,0,0,0,0,0,0,0,0,0,0.000157878118092832,0,0.000157878118092832,0.000473634354278497,0,0.000157878118092832,0,0.000157878118092832,0
"P3400",0.000315756236185665,0,0.000789390590464162,0.000315756236185665,0.00299968424376381,0.000315756236185665,0.000789390590464162,0,0.00378907483422798,0,0,0,0,0,0,0,0.00205241553520682,0,0,0,0.00410483107041364,0,0,0,0,0,0,0,0.00394695295232081,0,0,0,0,0,0,0,0,0,0.00884117461319861,0,0,0,0.00868329649510578,0,0,0,0,0.00157878118092832,0,0,0,0,0,0,0,0,0,0,0,0,0,0,0,0,0,0,0,0,0,0,0.00236817177139249,0,0,0,0,0,0,0,0,0,0,0,0,0,0,0,0,0.00110514682664983,0,0,0,0,0.000315756236185665,0,0,0,0,0,0,0,0,0,0,0,0,0,0,0,0,0,0,0,0,0,0,0.00173665929902116,0,0,0,0,0.00157878118092832,0,0,0.000157878118092832,0,0,0,0,0,0,0,0.00268392800757815,0,0,0,0,0,0,0,0,0,0,0,0,0,0,0,0,0,0,0.00189453741711399,0.00284180612567098,0.000157878118092832,0.000631512472371329,0,0,0,0.00473634354278497,0.000947268708556994,0,0.000315756236185665,0,0,0.00126302494474266,0,0.000473634354278497,0,0,0,0.000157878118092832,0.000157878118092832,0,0,0,0,0.000157878118092832,0,0.00378907483422798,0,0,0,0,0,0,0,0,0,0,0.000157878118092832,0,0,0.00378907483422798,0,0.00142090306283549,0,0,0,0,0,0,0,0.00126302494474266,0,0,0,0,0.00299968424376381,0,0,0,0.00173665929902116,0,0.00157878118092832,0.00157878118092832,0.00126302494474266,0.000157878118092832,0.000315756236185665,0.000315756236185665,0,0.00410483107041364,0.000473634354278497,0.00236817177139249,0.000631512472371329,0,0,0,0,0.00126302494474266,0,0,0,0,0,0,0,0,0,0,0,0.000315756236185665,0.000473634354278497,0,0,0,0,0,0,0,0,0,0,0.00110514682664983,0,0.000631512472371329,0,0,0,0,0,0,0
"P3404",0,0,0.000473634354278497,0,0.00363119671613514,0,0,0.000157878118092832,0.000789390590464162,0,0.000473634354278497,0.000315756236185665,0,0,0.00126302494474266,0,0,0.00142090306283549,0,0,0,0,0,0,0,0,0,0,0,0,0.000789390590464162,0.00126302494474266,0,0,0,0,0,0,0.00110514682664983,0,0,0,0.0161035680454689,0,0,0,0,0,0,0,0,0,0,0,0,0,0,0,0.00789390590464162,0.000157878118092832,0,0,0,0,0,0.00110514682664983,0,0,0,0.000157878118092832,0,0,0,0,0,0,0,0.0143669087464477,0,0,0,0,0.00110514682664983,0.00236817177139249,0,0,0,0.000473634354278497,0,0,0.000473634354278497,0,0.000631512472371329,0,0,0,0,0,0,0,0.000789390590464162,0,0,0.000315756236185665,0,0,0.000315756236185665,0,0.000631512472371329,0.00710451531417746,0,0,0.00126302494474266,0.00315756236185665,0.0183138616987686,0,0,0.000157878118092832,0,0,0.00426270918850647,0.000631512472371329,0.000157878118092832,0.00205241553520682,0,0.000157878118092832,0.000631512472371329,0,0,0,0,0.00742027155036312,0.00173665929902116,0.00299968424376381,0,0,0,0,0,0,0,0,0,0.000315756236185665,0.00299968424376381,0.000947268708556994,0.000631512472371329,0,0.00126302494474266,0.0112093463845911,0,0,0,0,0,0,0.00110514682664983,0,0,0.000315756236185665,0.000157878118092832,0,0,0.000473634354278497,0.00410483107041364,0.00173665929902116,0,0.00284180612567098,0.0236817177139249,0.000157878118092832,0,0,0.0148405431007262,0,0,0,0,0.022576570887275,0,0.000157878118092832,0,0,0,0.0097884433217556,0,0,0,0,0.00221029365329965,0,0,0.000315756236185665,0,0,0,0,0.000315756236185665,0.00442058730659931,0,0,0,0,0,0,0.000157878118092832,0.000157878118092832,0.00315756236185665,0.000315756236185665,0,0.000157878118092832,0.000315756236185665,0,0,0.00473634354278497,0.00126302494474266,0.000157878118092832,0.000789390590464162,0.000157878118092832,0,0.00331544047994948,0.000157878118092832,0.00189453741711399,0.0058414903694348,0.000789390590464162,0,0,0,0,0,0,0.000789390590464162,0,0,0.000631512472371329,0,0,0,0,0,0,0,0.000631512472371329,0,0,0.000157878118092832,0,0,0,0.00868329649510578,0,0.00331544047994948,0,0.000157878118092832,0,0,0.000315756236185665,0,0,0.0170508367540259,0,0
"P3424",0,0,0,0,0,0,0,0,0,0,0,0,0,0,0,0,0,0,0,0,0,0,0,0,0,0,0,0,0,0,0,0,0,0,0,0,0,0,0.00126302494474266,0,0,0,0,0,0,0,0,0,0,0,0,0,0,0,0,0,0,0,0,0,0,0,0,0,0,0,0,0,0,0,0,0,0,0,0,0,0,0,0.00142090306283549,0,0,0,0,0,0,0,0,0,0,0,0,0,0,0,0,0,0,0,0,0,0,0,0,0,0,0,0,0,0,0,0,0,0,0,0,0,0,0,0,0,0,0,0,0,0,0,0,0,0,0,0,0,0,0,0,0,0,0,0,0,0,0,0,0,0,0,0,0,0,0,0,0,0,0,0,0,0,0,0,0,0,0,0,0,0,0,0,0,0,0,0,0,0,0,0,0,0,0,0,0,0,0,0,0,0,0,0,0,0,0,0,0,0,0,0,0,0,0,0,0,0,0,0,0,0,0,0,0,0,0,0,0,0,0,0,0,0,0,0,0,0,0,0,0,0,0,0,0,0,0,0,0,0,0,0,0,0,0,0,0,0,0,0,0,0,0,0,0,0,0,0,0,0,0,0,0,0,0,0,0,0
"P3427",0,0,0,0,0,0,0,0,0,0,0,0,0,0,0,0,0.000157878118092832,0,0,0,0,0,0,0,0,0,0,0,0,0,0,0,0,0,0,0,0,0,0.000157878118092832,0,0,0,0,0,0,0,0,0,0,0,0,0,0,0,0,0,0,0,0,0,0,0,0,0,0,0,0,0,0,0,0,0,0,0,0,0,0,0,0,0,0,0,0,0,0,0,0,0,0,0,0,0,0,0,0,0,0,0,0,0,0,0,0,0,0,0,0,0,0,0,0,0,0,0,0.000157878118092832,0,0,0,0,0,0,0,0,0,0,0,0.000157878118092832,0,0,0,0,0,0,0,0,0,0,0,0,0,0,0,0,0,0,0,0,0,0,0,0,0,0,0,0,0,0,0,0,0,0,0,0,0,0,0,0,0,0,0,0,0,0,0,0,0.000157878118092832,0,0,0,0,0,0,0,0,0,0,0,0,0,0,0,0,0,0,0,0,0,0,0,0,0,0,0,0,0,0,0,0,0,0,0,0,0,0,0,0,0,0,0,0,0,0,0,0,0,0,0,0,0,0,0,0,0,0,0,0,0,0,0,0,0,0,0,0,0,0,0,0,0,0,0,0,0,0,0,0,0,0,0,0,0
"P3428",0,0,0,0,0,0.00110514682664983,0,0,0,0,0,0,0,0,0,0,0,0,0,0,0,0,0,0,0,0,0,0,0,0,0,0,0,0,0,0,0,0,0.00126302494474266,0.0686769813703821,0,0,0,0,0,0,0,0,0,0,0,0,0,0,0,0.00157878118092832,0,0,0,0,0,0,0,0,0,0,0,0,0,0,0,0,0,0,0,0,0,0,0,0,0,0,0.000315756236185665,0,0,0,0.00410483107041364,0,0,0,0,0,0,0,0,0,0,0,0,0,0,0,0,0,0,0,0,0,0,0,0,0,0,0.00331544047994948,0,0,0,0,0,0,0,0,0,0,0,0,0,0,0,0,0,0,0,0,0,0,0,0,0,0,0,0,0,0,0,0,0,0,0,0,0.000157878118092832,0,0,0,0,0.00473634354278497,0,0,0,0,0,0,0,0,0,0,0,0,0,0.000315756236185665,0.000473634354278497,0,0,0,0,0,0,0,0,0,0,0,0,0,0,0,0,0,0,0,0,0.000157878118092832,0,0,0,0,0,0,0,0,0,0,0,0,0,0,0.00410483107041364,0,0,0.000631512472371329,0,0,0,0,0,0,0,0,0,0,0,0,0.00110514682664983,0,0,0,0,0,0,0,0,0,0,0,0,0,0,0,0,0,0,0,0,0,0,0,0,0,0,0,0,0,0,0.000631512472371329,0,0,0,0,0,0,0
"P3429",0,0,0,0.000315756236185665,0.000315756236185665,0.000157878118092832,0,0,0.000631512472371329,0,0.000157878118092832,0,0,0,0.000631512472371329,0,0,0.000473634354278497,0.000631512472371329,0,0.00110514682664983,0.000157878118092832,0,0,0,0,0.000315756236185665,0,0.000157878118092832,0,0.000947268708556994,0,0,0,0,0,0,0,0.000473634354278497,0,0,0,0,0,0,0,0,0,0,0,0,0,0,0,0,0,0,0,0,0,0.00505209977897063,0,0,0,0.00205241553520682,0,0,0,0,0,0,0,0,0,0,0,0,0,0,0,0,0.000315756236185665,0,0,0,0,0,0,0,0,0,0,0,0,0,0,0,0,0,0,0.000157878118092832,0,0,0,0,0,0,0,0,0,0,0,0,0.00157878118092832,0.000157878118092832,0.000789390590464162,0,0,0,0,0,0,0,0,0,0,0,0,0,0,0,0.000315756236185665,0,0,0.000157878118092832,0,0,0,0,0,0,0,0,0,0,0,0,0,0,0,0,0,0,0.000157878118092832,0,0,0,0.00110514682664983,0.00268392800757815,0.000315756236185665,0.00268392800757815,0,0.00189453741711399,0.000789390590464162,0,0,0.000315756236185665,0.000473634354278497,0,0.000947268708556994,0.000157878118092832,0.000157878118092832,0.000315756236185665,0,0.000789390590464162,0.000473634354278497,0,0.00173665929902116,0,0.000157878118092832,0,0,0,0,0,0,0,0,0,0,0,0,0,0,0,0.000631512472371329,0,0.000315756236185665,0,0,0,0,0,0,0,0,0.000157878118092832,0,0,0,0.000157878118092832,0,0,0,0,0,0.000631512472371329,0,0,0,0.000157878118092832,0,0,0,0,0,0,0,0,0,0.000157878118092832,0,0.000157878118092832,0,0,0,0,0,0,0.000315756236185665,0.000157878118092832,0,0,0,0,0,0,0,0,0,0,0,0,0,0,0.000157878118092832,0.000473634354278497,0.000789390590464162,0.000631512472371329,0,0
"P3449",0.000157878118092832,0,0.000473634354278497,0,0,0,0.000315756236185665,0,0,0,0.00442058730659931,0,0,0,0.00126302494474266,0.00221029365329965,0,0.00205241553520682,0,0,0,0,0,0,0,0.00126302494474266,0.00126302494474266,0,0,0,0.000947268708556994,0.00520997789706347,0,0,0,0,0,0,0.00126302494474266,0,0,0,0,0,0,0,0,0,0,0,0.00963056520366277,0,0,0,0,0.00252604988948532,0,0.0579412693400695,0.000631512472371329,0.00110514682664983,0,0,0.00157878118092832,0,0.000789390590464162,0.0432586043574361,0.00710451531417746,0,0,0,0.000947268708556994,0,0,0,0,0,0,0.0262077676034102,0,0.0599936848752763,0.018787496053047,0,0.00142090306283549,0,0,0.00947268708556994,0,0.000315756236185665,0,0,0.0290495737290811,0,0,0,0,0.000157878118092832,0,0.0419955794126934,0.000157878118092832,0,0.000473634354278497,0,0,0.0205241553520682,0,0,0.000473634354278497,0,0,0,0.00157878118092832,0.00126302494474266,0,0,0,0,0.000157878118092832,0,0,0.00142090306283549,0,0.00315756236185665,0,0,0,0.00678875907799179,0.00142090306283549,0,0.000315756236185665,0.00142090306283549,0.0053678560151563,0,0.00789390590464162,0,0,0.00189453741711399,0,0,0,0,0,0.000157878118092832,0,0.00268392800757815,0,0.000315756236185665,0,0.00110514682664983,0.00505209977897063,0,0,0,0,0,0.000473634354278497,0,0,0,0,0,0,0,0,0,0,0.00126302494474266,0,0,0,0,0,0,0,0.00142090306283549,0,0,0,0,0,0.000315756236185665,0,0,0,0,0,0,0,0.000157878118092832,0.000315756236185665,0,0,0,0,0.00268392800757815,0,0,0.00173665929902116,0,0.000157878118092832,0,0,0,0,0,0,0,0,0.0149984212188191,0.0290495737290811,0.0159456899273761,0,0,0.00126302494474266,0.000947268708556994,0.000157878118092832,0,0.00615724660562046,0.000789390590464162,0,0.000473634354278497,0,0,0,0,0,0,0,0,0,0.00142090306283549,0.000315756236185665,0.00410483107041364,0,0,0.00394695295232081,0.00520997789706347,0.00299968424376381,0.000473634354278497,0.00110514682664983,0,0,0.00347331859804231,0,0.00142090306283549,0,0,0,0,0.00363119671613514,0.00189453741711399,0.000789390590464162,0.000789390590464162,0,0,0,0.000315756236185665,0,0.0129460056836123,0,0.0315756236185665,0.00520997789706347
"P3452",0,0,0,0,0,0,0,0,0,0,0.000157878118092832,0,0.000157878118092832,0,0.000157878118092832,0,0,0.000473634354278497,0,0,0,0,0,0,0,0,0,0,0,0,0.000157878118092832,0.000315756236185665,0,0,0,0,0,0,0.000947268708556994,0,0,0,0.00963056520366277,0,0,0,0,0,0,0,0,0,0,0,0,0.000789390590464162,0,0,0.000157878118092832,0,0,0,0,0,0,0,0,0,0,0,0,0,0,0,0,0,0,0,0,0,0,0,0,0,0,0,0,0,0,0,0,0,0,0,0,0,0,0,0,0,0.000157878118092832,0,0,0,0,0,0,0,0,0,0,0,0,0,0,0,0,0,0,0,0,0,0,0,0,0,0,0,0,0,0,0,0.000473634354278497,0.000157878118092832,0,0,0.000315756236185665,0,0,0,0,0,0,0.000473634354278497,0.000157878118092832,0,0.000157878118092832,0,0,0,0,0,0,0,0,0,0,0,0,0,0,0,0,0,0.000157878118092832,0,0,0,0,0,0,0,0,0,0,0,0,0,0,0.000157878118092832,0,0,0,0.000473634354278497,0,0,0,0,0,0.000157878118092832,0,0,0,0,0,0,0,0.000315756236185665,0,0,0,0,0,0,0,0.000157878118092832,0,0,0,0,0,0,0,0,0,0,0,0,0,0.00457846542469214,0,0.000631512472371329,0.0121566150931481,0,0.00678875907799179,0.00520997789706347,0.000157878118092832,0.000947268708556994,0,0,0.000315756236185665,0,0,0,0.00110514682664983,0,0,0.00347331859804231,0,0,0,0.000315756236185665,0,0,0,0,0,0,0,0,0.000315756236185665,0,0,0,0,0,0,0,0,0,0
"P3548",0,0,0,0,0,0,0,0,0,0,0,0,0,0,0,0,0,0,0,0,0,0,0,0,0,0,0,0,0,0,0,0,0,0,0,0,0,0,0,0,0,0,0,0,0,0,0,0,0.000157878118092832,0,0,0,0,0,0,0.000473634354278497,0,0,0,0,0,0,0,0,0,0,0,0,0,0,0,0,0,0,0,0,0,0,0,0,0,0,0,0,0,0,0,0,0,0,0,0,0,0,0,0,0,0,0,0,0,0,0,0,0,0,0,0,0,0,0,0,0,0,0,0,0,0,0,0,0,0,0,0,0,0,0,0,0,0,0,0,0,0,0,0,0,0,0,0,0,0,0,0,0,0,0,0,0,0,0,0,0,0,0,0,0,0,0,0,0,0,0,0,0,0,0,0,0,0,0,0,0,0,0,0,0,0,0,0,0,0,0,0,0,0,0,0,0,0,0,0,0,0,0,0,0,0,0,0,0,0,0,0,0,0,0,0,0,0,0,0,0,0,0,0,0,0,0,0,0,0,0,0,0,0,0,0.000157878118092832,0,0,0,0,0,0,0,0,0,0,0,0,0,0,0,0,0,0,0,0,0,0,0,0,0,0,0,0,0,0,0,0,0
"P3549",0,0,0,0,0,0,0,0,0,0,0,0,0,0,0,0,0,0,0,0,0,0,0,0,0,0,0,0,0,0,0,0,0,0,0,0,0,0,0.000315756236185665,0,0,0,0,0,0,0,0,0,0,0,0,0,0,0,0,0,0,0,0,0,0,0,0,0,0,0,0,0,0,0,0,0,0,0,0,0,0,0,0,0,0,0,0,0,0,0,0,0,0,0,0,0,0,0,0,0,0,0,0,0,0,0,0,0,0,0,0,0,0,0,0,0,0,0,0,0,0,0,0,0,0,0,0,0,0,0,0,0,0,0,0,0,0,0,0,0,0,0,0,0,0,0,0,0,0,0,0,0,0,0,0,0,0,0,0,0,0,0,0,0,0,0,0,0,0,0,0,0,0,0,0,0,0,0,0,0,0,0,0,0,0,0,0,0,0,0,0,0,0,0,0,0,0,0,0,0,0,0,0,0,0,0,0,0,0,0,0,0,0,0,0,0,0,0,0,0,0,0,0,0,0,0,0,0,0,0,0,0,0,0,0,0,0,0,0,0,0,0,0,0,0,0,0,0,0,0,0,0,0,0,0,0,0,0,0,0,0,0,0,0,0
"P3603",0,0,0,0,0,0,0,0,0,0,0,0,0,0,0,0,0,0,0,0,0,0,0,0,0,0,0,0,0,0,0,0,0,0,0,0,0,0,0,0,0.0153141774550047,0,0,0,0,0,0,0,0.000157878118092832,0,0,0,0,0,0,0,0,0,0,0,0,0,0,0,0,0,0,0,0,0,0,0,0,0,0,0,0,0,0,0,0,0,0,0,0,0,0,0,0,0,0,0,0,0,0,0,0,0,0,0,0,0,0,0,0,0,0,0,0,0,0,0,0,0,0,0,0,0,0,0,0,0,0,0,0,0,0,0,0,0,0,0,0,0,0,0,0,0,0,0,0,0,0,0,0,0,0,0,0,0,0,0,0,0,0,0,0,0.000315756236185665,0,0,0,0,0,0,0,0,0,0,0,0,0,0,0,0,0,0,0,0,0,0,0,0,0,0,0,0,0,0,0,0,0,0,0,0,0,0,0,0,0,0,0,0,0,0,0,0,0.00110514682664983,0,0,0,0,0,0,0,0.000315756236185665,0,0,0,0,0,0.000947268708556994,0.000947268708556994,0.000315756236185665,0,0,0,0,0,0,0,0,0,0,0,0,0,0,0,0,0,0,0,0,0,0,0,0,0,0,0,0,0,0,0.000157878118092832,0,0,0,0,0,0,0
"P3609",0,0,0,0,0,0,0,0,0,0,0,0,0,0,0,0,0,0,0,0,0,0,0,0,0,0,0,0,0,0,0,0,0,0,0,0,0,0,0.000157878118092832,0,0,0,0,0,0,0,0,0,0,0,0,0,0,0,0,0,0,0,0,0,0,0,0,0,0,0,0,0,0,0,0,0,0,0,0,0,0,0,0,0,0,0,0,0,0,0,0,0,0,0,0,0,0,0,0,0,0,0,0,0,0.000157878118092832,0,0,0,0,0,0,0,0,0,0,0,0,0,0,0,0,0,0,0,0,0,0,0,0,0,0,0,0,0,0,0,0,0,0,0,0,0,0,0,0,0,0,0,0,0,0,0,0,0,0,0,0,0,0,0,0,0,0,0,0,0,0,0,0,0,0,0,0,0,0,0,0,0,0,0,0,0,0,0,0,0,0,0.000157878118092832,0,0,0,0,0,0,0,0,0,0,0,0,0,0,0,0,0,0,0,0,0,0,0,0.000157878118092832,0,0,0,0,0,0,0,0,0,0,0,0,0,0,0,0,0,0,0,0,0.000157878118092832,0.000157878118092832,0,0,0.000315756236185665,0,0,0,0,0,0,0,0,0,0,0,0,0,0,0,0,0,0,0,0,0,0,0,0,0,0,0,0
"P3694",0,0,0,0,0,0,0,0,0,0,0,0,0,0,0,0,0,0,0,0,0,0,0,0,0,0,0,0,0,0,0,0,0,0,0,0,0,0,0.000157878118092832,0,0,0,0,0,0,0,0,0,0,0,0,0,0,0,0,0,0,0,0,0,0,0,0,0,0,0,0,0,0,0,0,0,0,0,0,0,0,0,0,0,0,0,0,0,0,0,0,0,0,0,0,0,0,0,0,0,0,0,0,0,0,0,0,0,0,0,0,0,0,0,0,0,0,0,0,0,0,0,0,0,0,0,0,0,0,0,0,0,0,0,0,0,0,0,0,0,0,0,0,0,0,0,0,0,0,0,0,0,0,0,0,0,0,0,0,0,0,0,0,0,0,0,0,0,0,0,0,0,0,0,0,0,0,0,0,0,0,0,0,0,0,0,0,0,0,0,0,0,0,0,0,0,0,0,0,0,0,0,0,0,0,0,0,0,0,0,0,0,0,0,0,0,0,0,0,0,0,0,0,0,0,0,0,0,0,0,0,0,0,0,0,0,0,0,0,0,0,0,0,0,0,0,0,0,0,0,0,0,0,0,0,0,0,0,0,0,0,0,0,0,0
"P3719",0,0,0,0,0,0,0,0,0,0,0,0,0,0,0,0,0,0,0,0,0,0,0,0,0,0,0,0,0,0,0,0,0,0,0,0,0,0,0,0,0,0.000157878118092832,0,0,0,0,0,0,0,0,0,0,0,0,0,0,0,0,0,0,0,0,0,0,0,0,0,0,0,0,0,0,0,0,0,0,0,0,0,0,0,0,0,0,0,0,0,0,0,0,0,0,0,0,0,0,0,0,0,0,0,0,0,0,0,0,0,0,0,0,0,0,0,0,0,0,0,0,0,0,0,0,0,0,0,0,0,0,0,0,0,0,0,0,0,0,0,0,0,0,0,0,0,0,0,0,0,0,0,0,0,0,0,0,0,0,0,0,0,0,0,0,0,0,0,0,0,0,0,0,0,0,0,0,0,0,0,0,0,0,0,0,0,0,0,0,0,0,0,0,0,0,0,0,0,0,0,0,0,0,0,0,0,0,0,0,0,0,0,0,0,0,0,0,0,0,0,0,0,0,0,0,0,0,0,0,0,0,0,0,0,0,0,0,0,0,0,0,0,0,0,0,0,0,0,0,0,0,0,0,0,0,0,0,0,0,0,0,0,0,0
"P3725",0,0,0,0,0,0,0,0,0,0,0,0,0,0,0,0,0,0,0,0,0,0,0,0,0,0,0,0,0,0,0.000157878118092832,0,0,0,0,0,0,0,0,0,0,0,0,0,0,0,0,0,0,0,0,0,0,0,0,0,0,0,0,0,0,0,0,0,0,0,0,0,0,0,0,0,0,0,0,0,0,0,0,0,0,0,0,0,0,0,0,0,0,0,0,0,0,0,0,0,0,0,0,0,0,0,0,0,0,0,0,0,0,0,0,0,0,0,0,0,0,0,0,0,0,0,0,0,0,0,0,0,0,0,0,0,0,0,0,0,0,0,0,0,0,0,0,0,0,0,0,0,0,0,0,0,0,0,0,0,0,0,0,0,0,0,0,0,0,0,0,0,0,0,0,0,0,0,0,0,0,0,0,0,0,0,0,0,0,0,0,0,0,0,0,0,0,0,0,0,0,0,0,0,0,0,0,0,0,0,0,0,0,0,0.000157878118092832,0,0,0,0,0,0,0,0,0,0,0,0,0,0,0,0,0,0,0,0,0,0,0,0,0,0,0,0,0,0,0,0,0,0,0,0,0,0,0,0,0,0,0,0,0,0,0,0,0,0
"P3771",0,0,0,0,0,0,0,0,0,0,0,0,0,0,0,0,0,0,0,0,0,0,0,0,0,0,0.000157878118092832,0,0,0,0,0,0,0,0,0,0,0,0.000157878118092832,0,0,0,0,0,0,0,0,0,0,0,0,0,0,0,0,0,0,0,0,0,0,0,0,0,0,0,0,0,0,0,0,0,0,0,0,0,0,0,0,0,0,0,0,0,0,0,0,0,0,0,0,0,0,0,0,0,0,0,0,0,0,0,0,0,0,0,0,0,0,0,0,0,0,0,0,0,0,0,0,0,0,0,0,0,0,0,0,0,0,0,0,0,0,0,0,0,0,0,0,0,0,0,0,0,0,0,0,0,0,0,0,0,0,0,0,0,0,0,0,0,0,0,0,0,0,0,0,0,0,0,0,0,0,0,0,0,0,0,0,0,0,0,0,0,0,0,0,0,0,0,0,0,0,0,0,0,0,0,0,0,0,0,0,0,0,0,0,0,0,0,0,0,0,0,0,0,0,0,0,0,0,0,0,0,0,0,0,0,0,0,0,0,0,0,0,0,0,0,0,0,0,0,0,0,0,0,0,0,0,0,0,0,0,0,0,0,0,0,0,0,0
"P3794",0,0,0,0,0,0,0,0,0,0,0,0,0,0,0,0,0,0,0,0,0,0,0,0,0,0,0,0,0,0,0.000157878118092832,0,0,0,0,0,0,0,0,0,0,0,0,0,0,0,0,0,0,0,0,0,0,0,0,0,0,0,0,0,0,0,0,0,0,0,0,0,0,0,0,0,0,0,0,0,0,0,0,0,0,0,0,0,0,0,0,0,0,0,0,0,0,0,0,0,0,0,0,0,0,0,0,0,0,0,0,0,0,0,0,0,0,0,0,0,0,0,0,0,0,0,0,0,0,0,0,0,0,0,0,0,0,0,0,0,0,0,0,0,0,0,0,0,0,0,0,0,0,0,0,0,0,0,0,0,0,0,0,0,0,0,0,0,0,0,0,0,0,0,0,0,0,0,0,0,0,0,0,0,0,0,0,0,0,0,0,0,0,0,0,0,0,0,0,0,0,0,0,0,0,0,0,0,0,0,0,0,0,0,0,0,0,0,0,0,0,0,0,0,0,0,0,0,0,0,0,0,0,0,0,0,0,0,0,0,0,0,0,0,0,0,0,0,0,0,0,0,0,0,0,0,0,0,0,0,0,0,0,0,0
"P3811",0,0,0,0,0,0,0,0,0,0,0,0,0,0,0,0,0,0,0,0,0,0,0,0,0,0,0,0,0,0,0,0,0,0,0,0,0,0,0,0.0184717398168614,0,0,0,0,0,0,0,0,0,0,0,0,0,0,0,0,0,0,0,0,0,0,0,0,0.0110514682664983,0,0,0,0,0,0,0,0,0,0,0,0,0,0,0,0,0,0,0,0,0,0,0,0,0,0,0,0,0,0,0,0,0,0,0,0,0,0,0,0,0,0,0,0,0,0,0,0,0,0,0,0,0,0,0,0,0,0,0,0,0,0,0,0,0,0,0,0,0,0,0,0,0,0,0,0,0,0,0,0,0,0,0,0,0,0,0,0,0,0,0,0,0,0,0,0,0,0,0,0,0,0,0,0,0,0,0,0,0,0,0,0,0,0,0,0,0,0,0,0,0,0,0,0,0,0,0,0,0,0,0,0,0,0,0,0,0,0,0,0,0,0,0,0,0,0,0,0,0.000315756236185665,0,0,0.000631512472371329,0,0,0,0,0,0,0,0,0,0,0,0,0,0,0,0,0,0,0,0,0,0,0,0,0,0,0,0,0,0,0,0,0,0,0,0,0,0,0,0,0,0,0,0
"P3841",0,0,0,0,0,0,0,0,0,0,0,0,0,0,0,0,0,0,0,0,0,0,0,0,0,0,0,0,0,0,0,0,0,0,0,0,0,0,0,0.000157878118092832,0,0,0,0,0,0,0,0,0,0,0,0,0,0.000157878118092832,0,0,0,0,0,0,0,0,0,0,0,0,0,0,0,0,0,0,0,0,0,0,0,0,0,0,0,0,0,0,0,0,0,0,0,0,0,0,0,0,0,0,0,0,0,0,0,0,0,0,0,0,0,0,0,0,0,0,0,0,0,0,0,0,0,0,0,0,0,0,0,0,0,0,0,0,0,0,0,0,0,0,0,0,0,0,0,0,0,0,0,0,0,0,0,0,0,0,0,0,0,0,0,0,0,0.000473634354278497,0,0,0,0,0,0,0,0,0,0,0,0,0,0,0,0,0,0,0,0,0,0,0,0,0,0,0,0,0,0,0,0,0,0,0,0,0,0,0,0,0,0,0,0,0,0,0.000157878118092832,0,0,0,0,0,0,0,0,0,0,0,0,0.00142090306283549,0.00205241553520682,0.0143669087464477,0,0,0,0,0,0,0,0,0.000157878118092832,0.000157878118092832,0,0,0,0,0,0,0.00221029365329965,0,0,0,0,0,0,0,0,0,0,0,0,0,0,0,0,0,0,0,0,0,0
"P3956",0,0,0,0,0,0,0,0,0,0,0.000473634354278497,0,0,0,0,0,0,0,0,0,0,0,0,0,0,0,0,0,0,0,0,0,0,0,0,0,0,0,0,0,0,0,0,0,0,0,0,0,0,0,0,0,0,0,0,0,0,0,0,0,0,0,0,0,0,0,0,0,0,0,0,0,0.000473634354278497,0,0,0,0,0,0.000789390590464162,0,0,0.00568361225134196,0,0,0,0,0,0,0,0,0,0,0,0,0,0,0,0,0,0,0.000789390590464162,0,0,0,0,0,0,0.000315756236185665,0,0,0,0,0,0,0,0,0,0,0,0,0,0,0,0,0,0,0,0,0,0,0,0,0,0,0,0,0,0,0,0,0,0,0,0,0,0,0,0,0,0,0,0,0,0,0,0,0,0,0,0,0,0,0,0,0,0,0,0,0,0,0,0,0,0,0,0,0,0,0,0,0.000157878118092832,0,0,0,0,0,0,0,0,0,0,0,0,0,0,0,0,0,0,0,0,0,0,0,0,0,0,0,0,0,0,0,0,0,0,0,0,0,0,0,0,0,0,0,0,0,0,0,0,0,0,0,0,0,0,0,0,0,0,0,0,0,0,0,0,0,0,0,0,0,0,0,0,0,0.000157878118092832,0,0,0.000157878118092832,0.00157878118092832,0,0
"P4015",0,0,0,0.00520997789706347,0,0,0,0,0,0,0,0,0,0,0,0,0,0,0,0,0,0,0,0,0,0,0,0,0,0,0,0,0,0,0,0,0,0,0,0,0,0,0,0.00268392800757815,0,0,0,0,0,0,0,0,0,0,0,0,0,0,0,0,0,0,0,0,0,0,0,0,0,0,0,0,0,0,0.00189453741711399,0,0,0,0,0,0,0,0,0,0,0,0,0,0,0,0,0,0,0,0,0,0,0,0,0,0,0,0,0,0,0,0,0,0,0,0,0,0,0,0,0,0,0,0,0,0,0,0,0,0,0,0,0,0,0,0,0,0,0,0,0,0,0,0,0,0,0,0,0,0,0,0,0,0,0,0,0,0,0,0,0,0,0,0,0,0,0,0,0,0,0,0,0,0,0,0,0,0,0,0,0,0,0,0,0,0,0,0,0,0,0,0,0,0,0,0,0,0,0,0,0,0,0,0,0,0,0,0,0,0,0,0,0,0,0,0,0,0,0,0,0.000947268708556994,0,0,0,0,0,0,0,0,0,0,0,0,0,0,0,0,0,0,0,0,0,0,0,0,0,0,0,0,0,0,0,0,0,0,0,0,0,0,0,0,0,0,0.000631512472371329,0,0
"P4175",0.000631512472371329,0.00221029365329965,0.000157878118092832,0.000473634354278497,0.000631512472371329,0.00852541837701295,0,0.000157878118092832,0.0298389643195453,0.00110514682664983,0,0,0,0,0.000631512472371329,0.000157878118092832,0.00284180612567098,0.00647300284180613,0.00947268708556994,0.0198926428796969,0.00836754025892011,0.00347331859804231,0,0.00173665929902116,0,0,0.0208399115882539,0.00505209977897063,0.0140511525102621,0,0.00173665929902116,0.000473634354278497,0,0,0,0,0,0,0,0,0.00378907483422798,0,0,0,0,0.0101041995579413,0,0,0.00157878118092832,0,0.00284180612567098,0.489895800442059,0.00899905273129144,0,0,0.000947268708556994,0.000157878118092832,0.00142090306283549,0,0.000473634354278497,0.0345753078623303,0,0,0,0.00189453741711399,0.024471108304389,0.0102620776760341,0,0,0,0,0,0,0,0,0,0,0.0176823492263972,0.00710451531417746,0,0.0465740448373855,0.084780549415851,0.000631512472371329,0,0,0.0058414903694348,0,0,0.616987685506789,0,0.0170508367540259,0.00994632143984844,0,0,0,0,0.000315756236185665,0,0,0,0.00205241553520682,0,0.000473634354278497,0.00142090306283549,0,0.000473634354278497,0,0,0.0238395958320177,0.0053678560151563,0.00994632143984844,0.000157878118092832,0.000315756236185665,0,0.0369434796337228,0,0.0232080833596464,0.00157878118092832,0.0224186927691822,0.00678875907799179,0.00726239343227029,0.0173665929902116,0.00947268708556994,0.00820966214082728,0,0.0391537732870224,0.0175244711083044,0.233028102305021,0.04515314177455,0.0247868645405747,0.0178402273444901,0.0258920113672245,0.142090306283549,0.246447742342911,0.0432586043574361,0.20903062835491,0.0127881275655194,0.00378907483422798,0.0127881275655194,0.0265235238395958,0.00663088095989896,0.023523839595832,0.0148405431007262,0.182664982633407,0.0352068203347016,0.000473634354278497,0.00505209977897063,0.00157878118092832,0.00442058730659931,0.00252604988948532,0.00110514682664983,0.0108935901484054,0.00773602778654878,0.000631512472371329,0.000631512472371329,0,0.00647300284180613,0.00663088095989896,0.00568361225134196,0,0.00221029365329965,0.000473634354278497,0.000789390590464162,0,0,0.00378907483422798,0.00142090306283549,0,0.000157878118092832,0,0,0,0,0.00773602778654878,0,0,0,0,0,0,0,0.000473634354278497,0,0,0.000315756236185665,0,0,0,0,0,0,0.0148405431007262,0,0,0,0.000157878118092832,0,0,0,0.000157878118092832,0.000789390590464162,0.00631512472371329,0.00126302494474266,0,0.00142090306283549,0.00173665929902116,0,0.00142090306283549,0.00757814966845595,0,0.0214714240606252,0,0,0,0.000315756236185665,0.00347331859804231,0.00426270918850647,0.000157878118092832,0.00126302494474266,0.000473634354278497,0.000157878118092832,0.000947268708556994,0.000631512472371329,0.000947268708556994,0.00426270918850647,0.00394695295232081,0.0127881275655194,0.00363119671613514,0.000947268708556994,0.00473634354278497,0.00568361225134196,0.00315756236185665,0.000947268708556994,0,0.00426270918850647,0.00157878118092832,0.00157878118092832,0.00236817177139249,0.00157878118092832,0.00868329649510578,0.00410483107041364,0.000315756236185665,0.00221029365329965,0,0,0,0,0,0.0408904325860436,0.000157878118092832,0.0879381117777076,0.00568361225134196,0.0284180612567098,0.0203662772339754,0.0456267761288285,0.000157878118092832,0.0123144932112409,0.0298389643195453,0,0,0
"P4202",0,0,0,0,0,0.000315756236185665,0,0,0.000473634354278497,0,0,0,0,0,0,0,0,0,0,0,0,0,0,0,0,0,0,0,0,0,0,0,0,0,0,0,0,0,0,0,0,0,0,0,0,0,0,0,0,0,0,0,0,0,0,0,0,0,0,0,0,0,0,0,0,0,0,0,0,0,0,0,0,0,0,0,0,0,0,0,0,0,0,0,0,0,0,0,0,0,0,0,0,0,0,0,0,0,0,0,0,0,0,0,0,0,0,0,0,0,0,0,0,0,0,0,0,0,0,0,0.000157878118092832,0,0,0,0,0,0,0,0,0,0,0,0,0,0,0,0,0,0,0,0,0,0,0,0,0,0,0,0,0,0,0,0,0,0,0,0,0,0,0,0,0,0,0,0,0,0,0,0,0,0,0,0,0,0,0,0,0,0,0,0,0,0,0,0,0,0,0,0,0,0,0,0,0,0,0,0,0,0,0,0,0,0,0,0,0,0,0,0,0,0,0,0,0,0,0,0,0,0,0,0,0,0,0,0,0,0,0,0,0,0,0,0,0,0,0,0,0,0,0,0,0,0,0,0,0,0,0,0,0,0,0,0,0,0,0,0,0,0,0,0
"P4381",0,0,0,0,0,0,0,0,0,0,0,0,0,0,0,0,0,0,0,0,0,0,0,0,0,0,0,0,0,0,0,0,0,0,0,0,0,0,0,0,0.000157878118092832,0,0,0,0,0,0,0,0,0,0,0,0,0,0,0,0,0,0,0,0,0,0,0,0,0,0,0,0,0,0,0,0,0,0,0,0,0,0,0,0,0,0,0,0,0,0,0,0,0,0,0,0,0,0,0,0,0,0,0,0,0,0,0,0,0,0,0,0,0,0,0,0,0,0,0,0,0,0,0,0,0,0,0,0,0,0,0,0,0,0,0,0,0,0,0,0,0,0,0,0,0,0,0,0,0,0,0,0,0,0,0,0,0,0,0,0,0,0,0,0,0,0,0,0,0,0,0,0,0,0,0,0,0,0,0,0,0,0,0,0,0,0,0,0,0,0,0,0,0,0,0,0,0,0,0,0,0,0,0,0,0,0,0,0,0,0,0,0,0,0,0,0,0,0,0,0,0,0,0,0,0,0,0,0,0,0,0,0,0,0,0,0,0,0,0,0,0,0,0,0,0,0,0,0,0,0,0,0,0,0,0,0,0,0,0,0,0,0,0,0
"P4424",0,0,0,0,0,0,0,0,0,0,0,0,0,0,0,0,0,0,0,0,0,0,0,0,0,0,0.000473634354278497,0,0,0,0,0,0,0,0,0,0,0,0,0,0,0,0,0,0,0,0,0,0,0,0,0,0,0,0.000157878118092832,0,0,0,0,0.000631512472371329,0,0,0,0,0,0,0,0,0,0,0,0,0,0,0,0,0,0,0,0,0,0,0,0,0,0,0,0,0,0,0,0,0,0,0,0,0,0,0,0,0,0,0,0,0,0,0,0,0,0,0,0,0,0,0,0,0,0,0,0,0,0,0,0,0,0,0,0,0,0,0,0,0,0,0,0,0,0,0,0,0,0,0,0,0,0,0,0,0,0,0,0,0,0,0,0,0,0,0,0,0,0,0,0,0,0,0,0,0,0,0,0,0,0,0,0,0,0,0,0,0,0,0,0,0,0,0,0,0,0,0,0,0,0,0,0.000157878118092832,0.000157878118092832,0,0,0,0.000157878118092832,0,0,0,0,0,0,0,0,0,0,0,0,0,0,0,0,0,0,0,0,0,0,0,0,0,0,0,0,0,0.000157878118092832,0,0,0.000789390590464162,0,0,0,0,0,0,0,0,0,0,0,0.000157878118092832,0,0,0,0,0,0,0,0,0,0,0,0,0,0,0
"P4474",0.000157878118092832,0,0,0.00126302494474266,0,0.00473634354278497,0,0.000315756236185665,0,0,0,0,0,0,0,0,0.00110514682664983,0.000947268708556994,0,0.000157878118092832,0.000157878118092832,0,0,0.00110514682664983,0,0.000157878118092832,0,0,0,0,0,0.000631512472371329,0,0,0,0,0,0,0,0,0,0.0097884433217556,0,0,0,0,0,0,0,0,0,0,0,0,0,0,0,0,0,0,0,0,0,0,0.000473634354278497,0,0,0,0,0,0,0,0,0,0,0,0,0,0,0,0,0,0,0.000631512472371329,0,0,0,0,0,0,0,0,0,0,0,0,0,0,0,0,0.000157878118092832,0,0,0,0,0.000789390590464162,0,0,0.000631512472371329,0,0,0,0,0,0.000157878118092832,0,0,0,0,0.00142090306283549,0,0,0.000631512472371329,0.000157878118092832,0,0,0.00363119671613514,0,0,0,0.000947268708556994,0,0,0,0,0,0.0104199557941269,0,0,0,0,0,0,0,0,0,0,0,0.000315756236185665,0,0,0,0.000473634354278497,0.000157878118092832,0,0,0.000157878118092832,0,0,0,0.000157878118092832,0,0,0.00252604988948532,0.00268392800757815,0.00899905273129144,0,0.00363119671613514,0,0.000315756236185665,0.000157878118092832,0,0,0,0.000315756236185665,0.00142090306283549,0,0,0,0,0,0,0,0,0,0,0,0.000157878118092832,0,0.000315756236185665,0,0,0,0,0,0,0,0.00142090306283549,0,0,0,0,0,0,0,0,0,0,0,0,0,0,0,0.000315756236185665,0.000157878118092832,0,0.00126302494474266,0,0,0.000789390590464162,0.000315756236185665,0,0,0,0,0,0,0,0,0,0.00552573413324913,0,0.000631512472371329,0.00173665929902116,0,0.00110514682664983,0.00663088095989896,0,0,0,0,0.000157878118092832,0.000157878118092832,0,0,0,0,0,0,0,0,0.000789390590464162,0,0.000473634354278497,0,0,0,0,0,0,0.000157878118092832
"P4476",0,0,0,0,0,0,0,0,0,0,0,0,0,0,0,0,0,0,0,0,0,0,0,0,0,0,0,0,0,0,0,0,0,0,0,0,0,0,0,0,0,0.0232080833596464,0,0,0,0,0,0,0,0,0,0,0,0,0,0,0,0,0,0,0,0.000157878118092832,0,0,0,0,0,0,0,0,0,0,0,0,0,0,0,0,0,0,0,0,0,0,0,0,0,0,0,0,0,0,0,0,0,0,0.000631512472371329,0,0,0,0,0,0,0,0,0,0,0,0,0,0,0,0,0,0,0,0,0,0,0.000631512472371329,0.000473634354278497,0,0,0.000157878118092832,0,0,0,0,0,0,0,0,0,0,0,0,0,0,0,0,0,0,0,0,0,0,0,0,0,0,0,0,0,0,0,0,0,0,0,0,0,0,0,0,0,0,0,0,0,0,0,0,0,0,0,0,0,0,0,0,0,0,0,0,0,0,0,0,0,0,0,0,0,0,0,0,0,0,0,0,0.00142090306283549,0.000631512472371329,0,0,0,0,0,0,0,0,0,0,0,0,0.000157878118092832,0,0,0,0,0,0,0,0,0,0,0,0,0,0,0,0,0,0.000473634354278497,0.000315756236185665,0,0,0,0,0,0,0,0,0,0,0,0,0,0,0,0,0.000631512472371329,0.000789390590464162,0,0,0,0,0,0,0,0,0
"P4506",0,0,0,0,0,0,0,0,0,0,0,0,0,0,0,0,0,0,0,0,0,0,0,0,0,0,0,0,0,0,0,0,0,0,0,0,0,0,0,0,0,0,0,0,0,0,0.000157878118092832,0,0.000157878118092832,0,0.000315756236185665,0,0,0,0,0,0,0,0,0,0,0,0,0,0,0,0,0,0,0,0,0,0,0,0,0,0,0,0,0,0,0,0,0,0,0,0,0,0,0,0,0,0,0,0,0,0,0,0,0,0,0,0,0,0,0,0,0,0,0,0,0,0,0,0,0,0,0,0,0,0,0,0,0,0,0,0,0,0,0,0,0,0,0,0,0,0,0,0,0,0,0,0,0,0,0,0,0,0,0,0,0,0,0,0,0,0,0,0,0,0,0,0,0,0,0,0,0,0,0,0,0,0,0,0,0,0,0,0,0,0,0,0,0,0,0.000315756236185665,0,0,0,0,0,0,0,0,0,0,0,0,0,0,0,0,0,0,0,0,0,0,0,0,0,0,0,0,0,0,0,0,0,0,0,0,0,0,0,0,0,0.000315756236185665,0,0,0,0.000157878118092832,0,0,0,0,0,0,0,0,0,0,0,0,0,0,0,0,0,0,0,0,0,0,0,0,0,0,0,0,0
"P4719",0,0,0,0,0,0,0,0,0,0,0,0,0,0,0,0,0,0,0,0,0,0,0,0,0,0,0,0,0,0,0,0,0,0,0,0,0,0,0,0,0,0,0,0,0,0,0,0,0,0,0,0,0,0,0,0,0,0,0,0,0,0,0,0,0,0,0,0,0,0,0,0,0,0,0,0,0,0,0,0,0,0,0,0,0,0.000157878118092832,0,0,0,0,0,0,0,0,0,0,0,0,0,0,0,0,0,0,0,0,0,0,0,0,0,0,0,0,0,0,0.000157878118092832,0,0.000157878118092832,0,0,0,0,0,0,0,0,0,0,0,0,0,0,0,0,0,0,0,0,0,0,0,0,0,0,0,0,0,0,0,0,0,0,0,0,0,0,0,0,0,0,0,0,0,0,0,0,0,0,0,0,0,0,0,0,0,0,0,0,0,0,0,0,0,0,0,0,0,0,0,0,0,0,0,0,0,0,0,0,0,0,0,0,0,0,0,0,0,0,0,0,0,0,0,0,0,0,0,0,0,0,0,0,0,0,0,0,0,0,0,0,0,0,0,0,0,0,0,0,0,0,0,0,0.000157878118092832,0,0,0,0,0,0,0,0,0,0,0,0,0,0,0,0,0
"P4793",0,0,0,0,0,0,0,0,0,0,0,0,0,0,0,0,0,0,0,0,0,0,0,0,0,0,0,0,0,0,0,0,0,0,0,0,0,0,0,0,0,0,0,0,0,0,0,0,0,0,0,0,0,0,0,0,0,0,0,0,0,0,0,0,0,0,0,0,0,0,0,0,0,0,0,0,0,0,0,0,0,0,0,0,0,0,0,0,0,0,0,0,0,0,0,0,0,0,0,0,0,0,0,0,0,0,0,0,0,0,0,0,0,0,0.000157878118092832,0,0,0,0,0,0,0,0,0,0,0,0,0,0,0,0,0,0,0,0,0,0,0,0,0,0,0,0,0,0,0,0,0,0,0,0,0,0,0,0,0,0,0,0,0,0,0,0,0,0,0,0,0,0,0,0,0,0,0,0,0,0,0,0,0,0,0,0,0,0,0,0,0,0,0,0,0,0,0,0,0,0,0,0,0,0,0,0,0,0,0,0,0,0,0,0,0,0,0,0,0,0,0,0.000157878118092832,0,0,0,0,0,0,0,0,0,0,0,0,0,0,0,0,0,0.000157878118092832,0,0,0,0,0,0,0,0,0,0,0,0,0,0,0,0,0,0,0,0,0,0,0,0
"P4890",0,0,0,0,0,0,0,0,0,0,0,0,0,0,0,0,0,0,0,0,0,0,0,0,0,0,0,0,0,0,0,0,0,0,0,0,0,0,0,0,0,0.000157878118092832,0,0,0,0,0,0,0,0,0,0,0,0,0,0,0,0,0,0,0,0,0,0,0,0,0.000315756236185665,0,0,0,0,0,0,0,0,0,0,0.000473634354278497,0,0,0,0.000157878118092832,0,0,0,0,0,0,0,0,0,0,0,0,0,0,0.000157878118092832,0,0,0,0,0,0,0,0,0,0,0,0,0,0,0,0,0,0,0.000157878118092832,0,0,0,0,0,0,0,0,0,0,0,0,0,0,0,0,0,0,0,0,0,0,0,0,0,0,0,0,0,0,0,0,0,0,0,0,0,0,0,0,0,0,0,0,0,0,0,0,0,0,0,0.000157878118092832,0,0,0,0,0.000157878118092832,0,0,0,0,0,0,0,0,0.000157878118092832,0,0,0,0,0,0,0,0,0,0,0,0,0,0,0,0,0,0,0,0,0,0,0,0,0,0.000315756236185665,0,0,0,0,0,0,0,0,0,0,0,0,0,0,0,0,0,0,0,0,0,0,0,0,0,0,0,0,0,0,0,0,0,0,0,0,0,0,0,0,0,0,0,0,0,0,0,0,0,0,0,0,0
"P4891",0,0,0,0,0,0,0,0,0,0,0,0,0,0,0,0,0,0,0,0,0,0,0,0,0,0,0,0,0,0,0,0,0,0,0,0,0,0,0,0,0,0,0,0,0,0,0,0,0,0,0,0,0,0,0,0,0,0,0,0,0,0,0,0,0,0,0,0,0,0,0,0,0,0,0,0,0,0,0,0,0,0,0,0,0,0.000157878118092832,0,0,0,0,0,0,0,0,0,0,0,0,0,0,0,0,0,0,0,0,0,0,0.000157878118092832,0,0.000157878118092832,0,0,0,0,0,0,0,0.000473634354278497,0,0,0,0,0,0,0,0,0,0,0,0.000157878118092832,0,0,0,0,0,0,0,0,0,0,0,0,0,0,0,0,0,0,0,0,0,0,0,0,0.000157878118092832,0,0,0,0,0,0,0,0,0,0,0,0,0,0,0,0,0,0,0,0.000157878118092832,0,0,0,0,0,0,0,0,0,0,0,0,0,0,0,0,0,0,0,0,0.000157878118092832,0,0,0,0,0,0,0,0,0,0,0,0,0,0,0,0,0,0,0,0,0,0,0,0,0,0,0,0,0,0,0,0,0,0,0,0,0,0,0,0,0,0,0,0,0,0,0,0,0,0,0,0,0,0,0,0,0,0,0,0,0,0,0.000157878118092832,0
"P4916",0,0,0,0.00157878118092832,0.00142090306283549,0.0195768866435112,0,0,0.00631512472371329,0.00157878118092832,0.000947268708556994,0,0.000157878118092832,0,0.000157878118092832,0,0,0.00110514682664983,0.00110514682664983,0,0.00363119671613514,0,0,0,0,0,0,0.000157878118092832,0.00473634354278497,0,0,0,0,0,0,0,0,0,0,0,0,0,0,0,0,0,0,0,0,0,0,0,0,0,0,0,0,0,0,0,0,0.000157878118092832,0,0,0,0,0.00284180612567098,0,0,0,0,0,0,0,0,0.00426270918850647,0,0,0,0,0,0,0.00236817177139249,0.0048942216608778,0,0,0.000157878118092832,0,0,0,0,0,0,0,0,0,0,0,0,0,0,0,0,0,0,0,0,0,0.000631512472371329,0,0,0,0.000947268708556994,0.00410483107041364,0.0142090306283549,0,0,0.00299968424376381,0,0,0,0.000947268708556994,0.00473634354278497,0.000157878118092832,0,0,0.0127881275655194,0,0,0,0.000631512472371329,0,0,0.000947268708556994,0.00221029365329965,0,0.00363119671613514,0,0,0,0,0,0,0.00252604988948532,0,0,0.0334701610356805,0,0.00157878118092832,0.0200505209977897,0.000315756236185665,0,0,0,0.000631512472371329,0,0,0,0.00189453741711399,0.00457846542469214,0.00173665929902116,0.00520997789706347,0,0.00820966214082728,0,0.0101041995579413,0.00236817177139249,0.0192611304073255,0.000157878118092832,0.00820966214082728,0.00899905273129144,0.000947268708556994,0,0,0.00252604988948532,0.00205241553520682,0,0.000157878118092832,0,0.00142090306283549,0.00631512472371329,0,0,0,0,0,0,0.000157878118092832,0.00252604988948532,0,0,0,0,0,0.00110514682664983,0,0,0.00236817177139249,0,0,0,0,0,0,0,0,0.000473634354278497,0,0.000473634354278497,0.000315756236185665,0.000315756236185665,0,0,0,0,0.000157878118092832,0,0,0,0,0.00173665929902116,0,0,0,0,0,0,0,0,0,0,0,0,0,0,0,0.000473634354278497,0,0,0.000789390590464162,0,0,0,0,0,0,0,0,0,0.000631512472371329,0.000157878118092832,0,0,0,0,0,0,0,0,0,0
"P4994",0,0,0,0,0,0,0,0,0,0,0,0,0,0,0.000157878118092832,0.000157878118092832,0,0,0,0,0,0,0,0,0,0,0,0,0,0,0,0.000157878118092832,0,0,0,0,0,0,0,0,0,0,0.000157878118092832,0,0,0,0,0,0,0,0,0,0,0,0,0,0,0,0,0,0,0.000157878118092832,0,0,0,0,0,0,0,0,0,0,0,0,0,0.00110514682664983,0,0,0,0,0,0,0,0,0,0,0,0,0,0,0,0,0,0,0,0.000157878118092832,0,0,0,0,0,0,0,0,0,0,0,0,0,0,0,0,0,0,0,0,0,0,0,0,0,0,0,0,0,0,0,0,0,0,0,0,0,0,0,0,0,0,0,0,0,0,0,0,0,0.000789390590464162,0,0,0.000315756236185665,0,0,0,0,0,0.000473634354278497,0,0,0,0,0,0,0,0,0,0,0,0,0,0,0,0,0,0,0,0,0,0,0.0827281338806441,0,0,0,0,0,0,0,0,0,0,0,0.000315756236185665,0,0,0,0,0,0,0,0,0,0,0,0,0,0,0,0,0,0,0,0,0,0,0,0,0,0,0,0,0,0,0,0,0,0,0,0,0,0,0,0,0,0,0,0,0,0,0,0,0,0,0,0.00552573413324913,0,0,0,0,0,0,0,0,0,0,0,0,0,0,0,0,0,0,0
"P5001",0,0,0.00599936848752763,0.0748342279760025,0,0.00189453741711399,0,0.00110514682664983,0.000631512472371329,0.000157878118092832,0.000473634354278497,0.00742027155036312,0,0,0,0,0,0,0.00221029365329965,0,0.00221029365329965,0.000631512472371329,0,0,0,0,0,0.0945689927376066,0,0,0,0,0,0,0,0,0,0,0,0,0,0,0,0.00252604988948532,0,0,0,0,0,0,0,0,0,0,0,0,0,0,0,0,0,0,0,0,0,0,0,0,0,0,0,0,0,0,0.0336280391537733,0,0,0,0,0,0,0,0.00236817177139249,0.000631512472371329,0,0,0,0,0,0,0,0,0,0,0,0,0,0,0,0,0,0,0,0,0,0,0,0,0,0.00236817177139249,0,0,0,0.0097884433217556,0,0.0151562993369119,0,0,0,0,0,0,0,0,0,0,0,0,0,0,0,0,0,0,0,0,0,0,0,0,0,0,0,0,0,0,0,0,0,0.000789390590464162,0,0,0,0.00315756236185665,0,0,0,0.000157878118092832,0.000157878118092832,0.0108935901484054,0.00110514682664983,0.000473634354278497,0,0.00820966214082728,0,0,0.00268392800757815,0,0,0.00268392800757815,0.000315756236185665,0,0.0134196400378907,0,0,0.000789390590464162,0,0,0.0217871802968109,0,0,0,0,0.000315756236185665,0,0,0,0,0.00836754025892011,0,0,0,0,0,0,0,0,0,0,0,0,0,0,0,0,0,0,0,0,0,0,0,0,0,0.000789390590464162,0.00678875907799179,0,0,0.000157878118092832,0,0,0,0,0,0,0,0,0,0,0,0,0,0,0,0,0,0,0,0,0.000947268708556994,0.00236817177139249,0,0,0,0,0,0,0,0,0,0,0,0,0,0,0,0,0,0,0,0
"P5187",0,0,0,0,0,0.000157878118092832,0,0.000157878118092832,0.000631512472371329,0,0,0,0,0,0,0,0.000315756236185665,0.000631512472371329,0.00110514682664983,0.000157878118092832,0.000473634354278497,0,0,0.000631512472371329,0,0,0.000157878118092832,0,0,0,0.000157878118092832,0.000315756236185665,0,0,0,0,0,0,0,0,0,0,0,0,0,0,0,0,0.000157878118092832,0,0,0,0,0,0,0,0,0.00157878118092832,0,0,0,0,0,0,0,0.00268392800757815,0.00520997789706347,0,0,0,0,0,0,0,0,0,0,0.121881907167667,0,0.000157878118092832,0.000157878118092832,0.000157878118092832,0,0.000157878118092832,0,0,0,0,0,0,0.000157878118092832,0,0,0,0,0,0,0.000473634354278497,0,0,0.000473634354278497,0,0,0,0,0.000157878118092832,0,0,0,0.00189453741711399,0.000315756236185665,0.00410483107041364,0,0.00110514682664983,0.00284180612567098,0.00520997789706347,0,0.000315756236185665,0,0,0.000473634354278497,0,0,0.000315756236185665,0,0,0,0,0,0,0.000157878118092832,0.00252604988948532,0,0,0,0,0,0,0,0,0,0,0,0,0,0.000157878118092832,0.000157878118092832,0,0.000157878118092832,0,0,0.000947268708556994,0,0.000157878118092832,0.000157878118092832,0.000157878118092832,0,0,0.00110514682664983,0,0.000789390590464162,0.000157878118092832,0,0.000157878118092832,0,0,0.00189453741711399,0.00221029365329965,0,0.00126302494474266,0,0.000473634354278497,0.0131038838017051,0,0.00221029365329965,0.000157878118092832,0,0,0,0,0.00221029365329965,0.00110514682664983,0.000631512472371329,0.000157878118092832,0,0,0,0,0.000157878118092832,0,0,0,0,0,0.000157878118092832,0.000157878118092832,0.000157878118092832,0,0.000157878118092832,0,0,0,0,0,0,0,0,0.00599936848752763,0.00363119671613514,0.000315756236185665,0.000157878118092832,0,0,0.000789390590464162,0,0,0.000157878118092832,0,0,0,0,0.000157878118092832,0,0,0,0,0,0,0,0,0.000157878118092832,0,0,0,0,0,0.000157878118092832,0,0,0.000157878118092832,0.000473634354278497,0,0,0,0,0,0,0,0,0,0,0,0,0,0.000315756236185665,0,0.000157878118092832,0,0,0,0
"P5203",0.000473634354278497,0,0,0,0,0,0,0,0,0,0,0,0,0,0,0,0,0,0,0,0,0,0,0,0,0,0,0,0,0,0,0,0,0,0,0,0,0,0,0,0,0,0,0.000947268708556994,0,0,0,0,0,0,0,0,0,0,0,0,0,0,0,0,0,0,0,0,0,0,0,0,0,0,0,0,0,0,0,0,0,0,0,0.000947268708556994,0,0,0.000157878118092832,0,0.000473634354278497,0.000157878118092832,0,0,0,0,0,0,0,0,0,0,0,0,0,0,0,0,0,0,0,0.000315756236185665,0,0,0,0,0,0,0.000315756236185665,0,0,0,0,0,0,0,0,0,0,0,0,0,0,0,0,0,0,0,0,0,0,0,0,0,0,0,0,0,0,0,0,0,0,0,0,0,0,0,0.000157878118092832,0,0,0,0,0,0,0,0,0,0,0,0,0,0,0,0,0,0,0,0,0,0,0,0,0,0,0,0.000157878118092832,0,0,0,0,0,0,0,0,0,0,0,0,0,0,0,0,0,0,0,0,0,0,0.000315756236185665,0.000473634354278497,0,0,0,0,0,0,0,0,0,0,0,0,0,0,0,0,0.000315756236185665,0,0,0,0,0,0,0,0.000157878118092832,0,0,0,0,0,0,0.000631512472371329,0,0,0,0,0,0,0,0,0,0,0,0,0,0,0,0,0,0,0,0,0,0,0,0
"P5233",0,0,0,0,0,0,0,0,0,0,0,0,0,0,0,0,0.000947268708556994,0,0,0,0,0,0,0,0,0,0,0,0,0,0,0,0,0,0,0,0,0,0,0,0,0,0,0,0,0,0,0,0,0,0,0,0,0,0,0,0,0,0,0,0,0,0,0,0,0,0,0,0,0,0,0,0,0,0,0,0,0,0,0,0,0,0,0,0,0,0,0,0,0,0,0,0,0,0,0,0,0,0,0,0,0,0,0,0,0,0,0,0,0,0,0,0,0,0,0,0,0,0,0,0,0,0,0,0,0,0,0,0,0,0,0,0,0,0,0,0,0,0,0,0,0,0,0,0,0,0,0,0,0,0,0,0,0,0,0,0,0,0,0,0,0,0,0,0,0,0,0,0,0,0,0,0,0,0,0,0,0,0,0,0,0,0,0,0,0,0,0,0,0,0,0,0,0,0,0,0,0,0.000157878118092832,0,0,0,0,0,0,0,0,0,0,0,0,0,0,0,0,0,0,0,0.000315756236185665,0,0,0,0,0,0,0,0.000631512472371329,0,0,0,0.000315756236185665,0,0.000789390590464162,0,0,0,0,0,0,0,0.000157878118092832,0,0,0,0,0,0,0,0,0,0,0,0,0,0,0,0,0,0,0,0
"P5282",0.000157878118092832,0,0,0,0,0,0,0,0,0,0,0,0,0,0,0,0,0,0,0,0,0,0,0,0,0,0,0,0,0,0,0,0,0,0,0,0,0,0,0,0,0,0,0,0,0,0,0,0,0.000157878118092832,0,0,0,0,0,0,0,0,0,0,0,0,0,0,0,0,0,0,0,0,0,0,0,0,0,0,0,0,0,0,0.000157878118092832,0,0,0,0,0,0,0,0,0,0,0,0,0,0,0,0,0,0,0,0,0,0,0,0,0,0,0,0,0,0,0,0,0,0,0,0,0,0,0,0,0,0,0,0,0,0,0,0,0,0,0,0,0,0,0,0,0,0,0,0,0,0,0,0,0,0,0,0,0,0,0,0,0,0,0,0,0,0,0,0,0,0,0,0,0,0,0,0,0,0,0,0,0,0,0,0,0,0,0,0,0,0,0,0,0,0,0,0,0,0,0,0,0,0,0,0,0,0,0,0,0,0,0,0,0,0,0,0,0,0,0,0,0,0,0,0,0,0,0,0,0,0,0,0,0,0,0,0,0,0,0,0,0,0,0,0.000157878118092832,0,0,0,0,0,0,0,0,0,0,0,0,0,0,0,0,0,0,0,0,0,0,0,0
"P5433",0,0,0,0,0,0,0,0,0.000315756236185665,0,0,0,0,0,0.000157878118092832,0,0,0,0.000947268708556994,0,0,0,0,0,0,0,0,0,0,0,0,0,0,0,0,0,0,0,0,0,0,0,0,0,0.00221029365329965,0,0,0,0,0,0,0,0,0,0,0.000157878118092832,0,0,0,0,0,0,0,0,0,0,0,0,0,0,0,0.0123144932112409,0.00394695295232081,0,0,0,0,0,0,0,0,0,0,0,0,0,0,0,0,0,0,0,0,0,0,0,0,0,0,0,0,0,0,0,0,0,0,0,0.000157878118092832,0,0,0,0,0,0,0,0,0,0,0,0,0,0,0,0,0,0,0,0,0,0,0,0,0,0,0,0,0,0,0,0,0,0,0,0,0,0,0,0,0,0,0,0,0,0,0,0,0,0,0,0,0,0,0,0,0.000157878118092832,0,0,0,0,0,0,0,0,0,0,0,0,0,0,0,0,0,0,0,0,0,0,0,0,0,0,0,0,0.00142090306283549,0,0,0,0,0,0,0,0,0,0,0,0,0,0,0,0,0,0,0,0,0,0,0,0,0,0,0,0.00299968424376381,0,0,0,0,0,0,0,0.0184717398168614,0.000473634354278497,0.00189453741711399,0,0.00599936848752763,0.000157878118092832,0.00189453741711399,0,0.000157878118092832,0,0,0,0,0,0,0,0,0,0,0,0,0,0,0,0,0,0,0,0,0,0
"P5455",0,0,0,0,0,0,0,0,0,0,0,0,0,0,0,0,0,0,0,0,0.000157878118092832,0,0,0,0,0,0,0,0,0,0,0,0,0,0,0,0,0,0,0,0,0,0,0,0,0,0,0,0,0,0,0,0,0,0,0,0,0,0,0,0,0,0,0,0,0,0,0,0,0,0.000157878118092832,0,0,0,0,0,0,0,0,0,0,0,0,0,0,0,0,0,0,0,0,0,0,0,0,0,0,0,0,0,0,0,0,0,0,0,0,0,0,0,0,0,0,0,0,0,0,0,0,0,0,0,0,0,0,0,0.000157878118092832,0,0,0,0,0,0,0,0,0,0,0,0,0,0,0,0,0,0,0,0,0,0,0,0,0,0,0,0,0,0,0,0,0,0,0,0,0,0,0,0,0,0,0,0,0,0,0,0,0,0,0.000157878118092832,0,0,0,0,0,0,0,0,0,0,0,0,0,0,0,0,0,0,0,0,0,0,0,0,0,0,0,0,0,0,0,0,0,0,0,0,0,0,0,0,0,0,0,0,0,0,0,0,0,0,0,0,0,0,0,0,0,0,0,0,0,0,0,0,0,0,0,0,0,0,0,0,0,0,0,0,0,0,0,0,0,0,0.000157878118092832
"P5520",0,0,0.00236817177139249,0,0,0.00457846542469214,0,0,0.0145247868645406,0,0,0,0,0,0,0,0.00331544047994948,0,0.00568361225134196,0.000157878118092832,0.0110514682664983,0,0,0,0,0,0,0,0.0107357120303126,0,0,0,0,0,0,0,0,0,0,0,0,0,0,0,0,0,0,0,0,0,0,0,0,0,0,0,0,0,0,0,0,0,0,0,0,0,0,0,0,0,0,0,0,0,0,0,0,0,0,0,0,0.000315756236185665,0,0,0,0,0,0,0,0,0,0,0,0,0,0,0,0,0,0,0,0,0,0,0,0,0,0,0,0,0,0,0,0,0,0,0,0,0,0,0,0,0,0.000315756236185665,0,0,0,0,0,0,0,0,0,0,0.00663088095989896,0,0,0,0,0,0,0,0,0,0,0,0,0,0,0,0,0.000631512472371329,0,0.000157878118092832,0,0,0,0,0,0,0,0.00284180612567098,0,0.00173665929902116,0,0,0,0,0,0.00110514682664983,0.000947268708556994,0.00173665929902116,0,0,0,0.0053678560151563,0,0.0249447426586675,0.00331544047994948,0,0,0,0,0,0,0,0,0,0,0,0,0,0,0,0,0,0,0,0,0,0,0,0,0,0,0,0,0,0,0,0,0,0,0,0,0,0,0,0,0,0,0,0,0,0,0,0,0,0,0,0.00410483107041364,0,0,0,0,0,0,0,0,0.00615724660562046,0.000789390590464162,0,0,0,0,0,0,0,0,0,0,0,0.000157878118092832,0,0.000315756236185665,0,0,0,0,0,0
"P5608",0,0,0,0,0,0,0,0,0,0,0,0,0,0,0,0,0,0,0,0,0,0,0,0,0,0,0,0,0,0,0,0,0,0,0,0,0,0,0,0,0,0,0,0,0,0.000157878118092832,0,0,0,0,0,0,0,0,0,0,0,0,0,0,0,0,0,0,0,0,0,0,0,0,0.000315756236185665,0,0,0,0,0,0,0.000157878118092832,0,0,0.000473634354278497,0,0,0,0,0,0,0,0,0,0.000315756236185665,0,0,0,0,0,0,0,0,0,0,0,0,0.000315756236185665,0,0,0,0,0,0,0,0,0,0,0,0,0,0,0,0,0,0,0,0,0,0,0,0,0,0,0.000157878118092832,0,0,0,0,0,0,0,0,0,0,0,0,0,0,0,0,0,0,0,0,0,0,0,0,0,0,0,0,0,0,0,0,0,0,0.000157878118092832,0,0,0,0,0,0,0,0,0,0,0,0,0,0,0,0,0,0,0,0,0,0,0,0,0,0,0,0,0,0,0,0,0,0,0,0,0,0,0,0,0,0,0,0,0,0,0,0,0,0,0,0,0,0,0.000157878118092832,0,0,0,0,0,0,0,0,0.000631512472371329,0,0,0,0,0,0,0,0,0,0,0,0,0.000157878118092832,0,0,0,0,0,0,0,0,0,0,0.000157878118092832,0,0,0,0,0,0,0
"P5705",0,0,0,0,0,0,0,0,0,0,0,0,0,0,0,0,0,0,0,0,0,0,0,0,0,0,0,0.000157878118092832,0,0,0,0,0,0,0,0,0,0,0,0,0,0,0,0,0,0,0,0,0,0,0,0,0,0,0,0,0,0,0,0,0,0,0,0,0,0,0,0,0,0,0,0,0,0,0,0,0,0,0,0,0,0,0,0,0,0,0,0,0,0,0,0,0,0,0,0,0,0,0,0,0,0,0,0,0,0,0,0,0,0,0,0,0,0,0,0,0,0,0,0,0,0,0,0,0,0,0,0,0,0,0,0,0,0,0,0,0.000315756236185665,0,0,0,0,0,0,0,0,0,0,0,0,0,0,0,0,0,0,0,0,0,0,0,0,0,0,0.000157878118092832,0,0,0.000157878118092832,0.000157878118092832,0,0,0,0,0,0,0,0,0,0,0,0,0,0,0,0,0,0,0,0,0,0,0,0,0,0,0,0,0,0,0,0,0,0,0,0,0,0,0,0,0,0,0,0,0,0,0,0,0,0,0,0,0,0,0,0,0,0,0,0,0,0,0,0,0,0,0,0,0,0,0,0,0,0,0,0,0,0,0,0,0,0,0,0,0,0,0,0,0,0,0,0,0
"P5775",0,0,0,0,0,0.000157878118092832,0,0,0,0,0,0,0,0,0,0,0,0.000157878118092832,0.000157878118092832,0.000157878118092832,0.000157878118092832,0,0,0,0,0,0,0,0,0,0,0,0,0,0,0,0,0,0,0,0,0,0,0,0,0,0,0,0,0,0,0,0,0,0,0,0,0,0.000157878118092832,0,0,0,0,0,0,0,0,0,0,0,0,0,0,0,0,0,0,0,0,0,0,0,0,0,0,0,0,0,0,0,0,0,0,0,0,0,0,0,0,0,0,0,0,0,0,0,0,0,0,0,0,0,0,0,0,0,0,0,0,0,0,0,0,0,0,0,0,0,0,0,0,0,0,0,0,0,0,0,0,0,0,0,0,0,0,0,0,0,0,0,0,0,0,0,0,0,0,0,0,0,0,0,0,0,0,0,0,0,0,0.000315756236185665,0.000157878118092832,0,0,0,0,0,0,0,0,0,0,0,0,0,0,0.000947268708556994,0,0,0.000157878118092832,0,0,0,0,0,0,0,0,0,0,0,0,0,0,0,0,0,0,0,0,0,0,0,0,0,0,0,0,0,0,0,0,0,0,0,0,0,0,0,0,0,0,0,0,0,0,0,0,0,0,0,0,0.000157878118092832,0,0,0,0,0,0,0,0,0,0,0,0,0,0,0,0,0,0,0
"P5892",0,0,0,0,0,0,0,0,0,0,0,0,0,0,0,0,0,0,0,0,0,0,0,0,0,0,0,0,0,0,0,0,0,0,0,0,0,0,0,0,0,0,0,0,0,0,0,0,0.000157878118092832,0,0,0,0,0,0,0,0,0,0,0,0,0,0,0,0,0,0,0,0,0,0,0,0,0,0,0,0,0,0,0,0,0,0,0,0,0.000315756236185665,0,0,0,0,0,0,0,0,0,0,0,0,0,0,0,0,0,0,0,0,0,0,0,0,0,0,0,0,0,0,0,0,0.000473634354278497,0,0,0,0,0,0,0,0,0,0,0,0,0,0,0,0,0,0,0,0,0,0,0,0,0,0,0,0,0,0,0,0,0,0,0,0,0,0,0,0,0,0,0,0,0,0,0,0,0,0,0,0,0,0,0,0,0,0,0,0,0,0,0,0,0,0,0,0,0,0,0,0,0,0,0,0,0,0,0,0,0,0,0,0,0,0,0,0,0,0,0,0,0,0,0,0,0,0,0,0,0,0,0,0,0,0,0,0,0,0,0,0,0,0,0,0,0,0,0,0,0,0,0,0,0,0,0,0,0,0,0,0,0,0,0,0,0,0,0,0,0,0
"P5915",0,0,0,0,0,0,0,0,0,0,0,0,0,0,0,0,0,0,0,0,0,0,0,0,0,0,0.000315756236185665,0,0,0,0,0.000157878118092832,0,0,0,0,0,0,0,0,0,0,0,0,0,0,0,0,0,0,0,0,0,0,0,0,0,0,0,0,0,0,0,0,0.000315756236185665,0,0,0,0,0,0.000157878118092832,0,0,0,0,0,0,0,0,0,0.000157878118092832,0,0,0,0,0.00189453741711399,0,0.000157878118092832,0,0,0,0,0,0,0,0,0,0,0,0,0,0,0,0,0,0,0,0,0.000157878118092832,0,0.000947268708556994,0,0,0,0,0,0.00110514682664983,0,0.00299968424376381,0,0,0,0.000473634354278497,0,0,0.000315756236185665,0,0,0.000157878118092832,0.000157878118092832,0.000157878118092832,0,0,0.000157878118092832,0,0,0,0,0,0,0,0,0,0,0,0,0,0,0,0,0,0,0,0,0.000157878118092832,0,0,0,0,0,0,0,0,0,0,0,0,0,0,0,0,0,0,0,0,0.000157878118092832,0,0,0,0,0,0,0,0,0,0,0.000473634354278497,0,0,0,0,0,0,0,0,0.000157878118092832,0.000157878118092832,0,0.000789390590464162,0,0.000157878118092832,0,0,0,0,0,0,0,0,0,0,0,0,0,0,0,0,0,0,0,0,0,0,0,0,0,0,0,0,0,0,0,0,0,0,0,0,0.000157878118092832,0,0,0,0.000315756236185665,0,0.00205241553520682,0,0,0,0,0,0,0,0.000315756236185665,0,0,0,0,0,0.000157878118092832,0,0.000315756236185665,0.000157878118092832
"P5938",0,0,0,0,0,0,0,0,0,0,0,0,0,0,0,0,0,0,0,0,0,0,0,0,0,0,0,0,0,0,0,0,0,0,0,0,0,0,0,0,0,0,0,0,0,0.000157878118092832,0,0,0,0,0,0,0,0,0,0,0,0,0,0,0,0,0,0,0,0,0,0,0,0,0.000157878118092832,0,0,0,0,0,0,0,0,0,0,0,0,0,0,0,0,0,0,0,0,0,0,0,0,0,0,0,0,0,0,0,0,0,0,0,0,0,0,0,0,0,0,0,0,0,0,0,0,0,0,0,0,0,0,0,0,0,0,0,0,0,0,0,0,0,0,0,0,0,0,0,0,0,0,0,0,0,0,0,0,0,0,0,0,0,0,0,0.000157878118092832,0.000157878118092832,0,0,0,0,0,0,0,0,0,0,0,0,0,0,0,0,0,0,0,0,0,0,0,0,0,0,0.000157878118092832,0,0,0,0,0,0,0,0,0,0,0,0.000157878118092832,0,0,0.000157878118092832,0,0,0,0,0,0,0,0,0,0,0,0,0,0,0.000157878118092832,0,0,0,0,0,0,0,0,0,0,0,0,0,0,0,0,0,0,0,0,0.000157878118092832,0,0,0,0,0,0,0,0,0,0,0,0,0,0,0,0,0,0,0,0,0,0,0
"P5959",0,0,0,0,0,0,0,0,0,0,0,0,0,0,0,0,0,0,0,0,0,0,0,0,0,0,0,0,0,0,0,0,0,0,0,0,0,0,0,0,0,0,0,0,0,0,0,0,0,0,0,0,0,0,0,0,0,0,0,0,0,0,0,0,0,0,0,0,0,0,0,0,0,0,0,0,0,0,0,0,0,0,0,0,0,0.000157878118092832,0,0,0,0,0,0,0,0,0,0,0,0,0,0,0,0,0,0,0,0,0,0,0,0,0,0,0,0,0,0,0,0,0,0,0,0,0,0,0,0,0,0,0,0,0,0,0,0,0,0,0,0,0,0,0,0,0,0,0,0,0,0,0,0,0,0,0,0,0,0,0,0,0,0,0,0,0,0,0,0,0,0,0,0,0,0,0,0,0,0,0,0,0,0,0,0,0,0,0,0,0,0,0,0,0,0,0,0,0,0,0,0,0,0,0,0,0,0,0,0,0,0,0,0,0,0,0,0,0,0,0,0,0,0,0,0,0,0,0,0,0,0,0,0,0,0,0,0,0,0,0,0,0,0,0,0,0,0,0,0,0,0,0,0,0,0,0,0,0,0,0,0,0,0,0
"P5989",0,0,0,0,0,0,0,0,0.000315756236185665,0,0,0,0,0,0,0,0,0,0,0,0,0,0,0,0,0,0,0,0,0,0,0,0,0,0,0,0,0,0,0,0,0,0,0,0,0,0,0,0,0,0,0,0,0,0,0,0,0,0,0,0,0,0,0,0,0,0,0,0,0,0,0,0,0,0,0,0,0,0,0,0,0,0,0,0,0.000157878118092832,0,0,0,0,0,0,0,0,0,0,0,0,0,0,0,0,0,0,0,0,0,0,0,0,0,0,0,0,0,0,0,0,0,0,0,0,0,0,0,0,0,0,0,0,0,0,0,0,0,0,0,0,0,0,0,0,0,0,0,0,0,0,0,0,0,0,0,0,0,0,0,0,0,0,0,0,0,0,0,0,0,0,0.000157878118092832,0,0,0,0,0,0,0.000157878118092832,0,0,0,0,0,0,0,0,0,0,0,0,0,0,0,0,0,0,0,0,0,0,0.000157878118092832,0,0,0,0,0,0,0,0,0,0,0,0,0,0,0,0,0,0,0,0,0,0,0,0,0,0,0,0,0,0,0,0,0,0,0,0,0,0,0,0,0,0,0,0,0,0,0,0,0,0,0,0,0,0,0,0,0,0,0,0,0,0
"P6027",0,0,0,0,0,0,0,0,0,0,0,0,0,0,0,0,0,0,0,0,0,0,0,0,0,0,0,0,0,0,0,0,0,0,0,0,0,0,0,0,0,0,0,0,0,0,0,0,0,0,0,0,0,0,0,0,0,0,0,0,0,0,0,0,0,0,0,0,0,0,0,0,0,0,0.0135775181559836,0,0,0,0,0,0,0,0.000473634354278497,0,0,0,0,0,0,0,0,0,0,0,0,0,0,0,0,0,0,0,0,0,0,0,0,0,0,0,0,0,0,0,0,0.0585727818124408,0,0.000157878118092832,0,0,0,0,0,0,0,0,0,0,0.000157878118092832,0,0,0,0,0,0,0,0,0,0,0,0,0,0,0,0,0,0,0,0,0.000947268708556994,0.000315756236185665,0,0,0,0,0,0,0,0,0,0,0,0,0,0.000157878118092832,0.000157878118092832,0.000157878118092832,0,0,0.000157878118092832,0,0,0.000315756236185665,0,0,0,0,0,0,0,0,0,0,0,0,0,0,0,0,0,0,0,0,0,0,0,0,0,0,0,0,0,0,0,0,0,0,0,0,0,0,0,0,0,0.000631512472371329,0,0,0,0,0,0,0,0,0,0,0,0,0,0,0,0,0,0,0,0,0,0,0.000157878118092832,0,0,0.000157878118092832,0,0,0,0,0,0,0,0,0,0.000157878118092832,0,0.000315756236185665,0,0.000157878118092832,0.000631512472371329,0.000947268708556994,0,0,0,0
"P6189",0,0,0,0,0,0,0,0,0,0,0,0,0,0,0,0,0,0,0,0,0,0,0,0,0,0,0,0,0,0,0,0,0,0,0,0,0,0,0,0,0,0,0,0,0,0,0,0,0,0,0,0,0,0,0,0,0.000157878118092832,0,0,0,0,0,0,0,0,0,0,0,0,0,0,0,0,0,0,0,0,0,0,0,0,0,0,0,0,0,0,0,0,0,0,0,0,0,0,0,0,0,0,0,0,0,0,0,0,0,0,0,0,0,0,0,0,0,0,0,0,0,0,0,0,0,0,0,0,0,0,0,0,0,0,0,0,0,0,0,0,0,0,0,0,0,0,0,0,0,0,0,0,0,0,0,0,0,0,0,0,0,0,0,0,0,0,0,0,0,0,0,0,0,0,0,0,0,0,0,0,0,0,0,0,0,0,0,0,0,0,0,0,0,0,0,0,0,0,0,0,0,0,0,0,0,0,0,0,0,0,0,0,0,0,0,0,0,0,0,0,0,0,0,0,0,0,0,0,0,0,0,0,0,0,0,0,0,0,0,0,0,0,0,0,0,0,0,0,0,0,0,0,0,0,0,0,0,0,0,0,0,0,0,0
"P6213",0,0,0,0,0,0,0,0,0,0,0,0,0,0,0,0,0,0,0,0,0,0,0,0,0,0,0,0,0,0,0,0,0,0,0,0,0,0,0,0,0,0,0,0,0,0,0,0,0.000315756236185665,0,0.000157878118092832,0,0.000947268708556994,0.000157878118092832,0,0,0,0,0,0,0,0,0,0,0,0,0,0,0,0,0,0,0,0,0,0,0,0.000157878118092832,0,0,0,0,0,0,0,0,0,0,0,0,0,0,0,0,0,0,0,0,0,0,0,0,0,0,0,0,0,0,0,0,0,0,0,0,0,0,0,0,0,0,0,0,0,0,0,0,0,0,0,0,0,0,0,0,0,0,0,0,0,0,0,0,0,0,0,0,0,0,0,0,0,0,0,0,0,0,0,0,0,0,0,0,0,0,0,0,0,0,0,0,0,0,0,0,0,0,0,0,0,0,0,0,0,0,0,0,0,0,0,0,0,0,0,0,0,0,0,0,0,0,0,0,0,0,0,0,0,0,0,0,0,0,0,0.000157878118092832,0,0,0,0,0,0,0,0,0,0,0.000157878118092832,0,0,0,0,0,0,0.000157878118092832,0,0,0,0,0,0,0,0,0,0,0,0,0,0,0,0,0,0,0,0,0,0,0,0,0,0,0,0,0
"P6278",0,0,0,0,0,0,0,0,0,0,0,0,0,0,0,0,0,0,0,0,0,0,0,0,0,0,0,0,0,0,0,0,0,0,0,0,0,0,0,0,0,0,0,0,0,0,0,0,0,0,0,0.000157878118092832,0,0,0,0,0,0,0,0,0,0,0,0,0,0,0,0,0,0,0,0,0,0,0,0,0,0,0,0,0,0,0,0,0,0,0,0,0,0,0,0,0,0,0,0,0,0,0,0,0,0,0,0,0,0,0,0,0,0,0,0,0,0,0,0,0,0,0,0,0,0,0,0,0,0,0,0,0,0,0,0,0,0,0,0,0,0,0,0,0,0,0,0,0,0,0,0,0,0,0,0,0,0,0,0,0,0,0,0,0,0,0,0,0,0,0,0,0,0,0,0,0,0,0,0,0,0,0,0,0,0,0,0,0,0,0,0,0,0,0,0,0,0,0,0,0,0,0,0,0,0,0,0,0,0,0,0,0,0,0,0,0,0,0,0,0,0,0,0,0,0,0,0,0,0,0,0,0,0,0,0,0,0,0,0,0,0,0,0,0,0,0,0,0,0,0,0,0,0,0,0,0,0,0,0,0,0,0,0,0
"P6324",0,0,0,0,0,0,0,0,0,0,0,0,0,0,0,0,0,0,0,0,0,0,0,0,0,0,0,0,0,0,0,0,0,0,0,0,0,0,0,0,0,0,0,0,0,0,0,0,0,0,0,0,0,0,0,0,0,0,0,0,0,0,0,0,0,0.000157878118092832,0,0,0,0,0,0,0,0,0,0,0,0,0,0,0,0,0,0,0,0.000157878118092832,0,0,0,0,0,0,0,0,0,0,0,0,0,0,0,0,0,0,0,0,0,0,0,0,0,0,0,0,0,0,0,0,0,0,0,0,0,0,0,0,0,0,0,0,0,0,0,0,0,0,0,0,0,0,0,0,0,0,0,0,0,0,0,0,0,0,0,0,0,0,0,0,0,0,0,0,0,0,0,0,0,0,0,0,0,0,0,0,0,0,0,0,0,0,0,0,0,0,0,0,0,0,0,0,0,0,0,0,0,0,0,0,0,0,0,0,0,0,0,0,0,0,0,0,0,0,0,0,0,0,0,0,0,0,0,0,0,0,0,0,0,0,0,0,0,0,0,0,0,0,0,0,0,0,0,0,0,0,0,0,0,0,0,0,0,0,0,0,0,0,0,0,0,0,0
"P6522",0,0,0,0,0,0,0,0,0,0,0,0,0,0,0,0,0,0,0,0,0,0,0,0,0,0,0,0,0,0,0,0,0,0,0,0,0,0,0,0,0,0,0,0,0,0,0,0.000157878118092832,0.000315756236185665,0,0,0,0,0,0,0,0,0,0,0,0,0,0,0,0,0,0,0,0,0,0,0,0,0,0,0,0,0,0,0,0,0,0,0,0,0,0,0,0,0,0,0,0,0,0,0,0,0,0,0,0,0,0,0,0,0,0,0,0,0,0,0,0,0,0,0,0,0,0,0,0,0,0,0,0,0,0,0,0,0,0,0,0,0,0,0,0,0,0,0,0,0,0,0,0,0,0,0,0,0,0,0,0,0,0,0,0,0,0,0,0,0,0,0,0,0,0,0,0,0,0,0,0,0,0,0,0,0,0,0,0,0,0,0,0,0,0,0,0,0,0,0,0,0,0,0,0,0,0,0,0,0,0,0,0,0,0,0,0,0,0,0,0,0,0,0,0,0,0,0,0,0,0,0,0,0,0,0,0,0,0,0,0,0,0,0,0,0,0,0,0,0,0,0,0,0,0,0,0,0,0,0,0,0,0,0,0,0,0,0,0
"P6547",0.000157878118092832,0,0.00299968424376381,0,0,0,0,0,0,0,0.00173665929902116,0,0,0,0,0,0.00268392800757815,0,0,0,0,0.000157878118092832,0,0,0,0,0,0,0,0,0,0,0,0,0,0,0,0,0,0,0,0,0,0,0,0,0,0.000315756236185665,0,0,0,0,0,0,0,0,0,0,0,0,0,0,0,0,0,0,0,0,0,0,0,0,0,0,0,0,0,0,0,0,0,0,0,0,0,0,0,0,0,0,0,0,0,0,0,0,0,0,0,0,0,0,0,0,0,0,0,0.000315756236185665,0,0,0,0.0118408588569624,0,0.00457846542469214,0.0672560783075466,0.0399431638774866,0,0,0,0,0,0,0,0,0,0,0,0,0,0,0,0,0,0,0,0,0,0,0,0,0,0,0,0,0,0,0,0,0,0,0,0,0,0.000315756236185665,0,0,0,0.000473634354278497,0,0.0230502052415535,0.00142090306283549,0,0,0.0129460056836123,0,0,0.0053678560151563,0,0,0.00299968424376381,0.000315756236185665,0.00221029365329965,0,0,0.000947268708556994,0.00505209977897063,0,0,0,0,0,0,0,0,0,0,0,0,0,0,0,0,0,0,0,0,0,0,0,0,0,0,0,0,0,0,0,0,0,0,0,0,0,0,0.000157878118092832,0,0,0,0,0.00142090306283549,0,0,0,0,0,0,0,0,0,0,0.00426270918850647,0,0.000315756236185665,0,0,0,0.00126302494474266,0.00110514682664983,0,0,0.00110514682664983,0.000315756236185665,0,0,0,0,0,0,0,0,0,0,0,0,0,0.000473634354278497,0.000947268708556994,0,0,0,0
"P6732",0,0,0,0,0,0,0,0,0,0,0,0,0,0,0,0,0,0,0,0,0,0,0,0,0,0,0,0,0,0,0,0,0,0,0,0,0,0,0,0,0,0,0,0,0,0,0,0,0,0,0,0,0,0,0,0,0,0,0,0,0,0,0,0,0,0,0,0,0,0,0,0,0,0,0,0,0,0,0,0,0,0,0,0,0,0,0,0,0,0,0,0,0,0,0,0,0,0,0,0,0,0,0,0,0,0,0,0,0,0,0,0,0,0,0,0,0,0,0,0,0,0,0,0,0,0,0,0,0,0,0,0,0,0,0,0,0,0,0,0,0,0,0,0,0,0,0,0,0,0,0,0,0,0,0,0,0,0,0,0,0,0,0,0,0,0,0,0,0,0,0,0,0,0,0,0,0,0,0,0,0,0,0,0,0,0,0,0,0,0,0,0,0,0,0,0,0,0,0,0,0,0,0,0,0,0,0,0,0,0,0,0,0,0,0,0,0,0,0,0,0,0,0,0,0,0,0,0,0,0,0,0,0,0,0,0,0,0,0,0,0,0.000315756236185665,0,0,0,0.000157878118092832,0,0,0,0,0,0,0,0,0,0,0,0,0,0,0
"P6783",0,0,0,0,0,0,0,0,0,0,0,0,0,0,0,0,0,0,0,0,0,0,0,0,0,0,0,0,0,0,0,0,0,0,0,0,0,0,0,0,0,0,0,0,0,0,0,0,0,0,0,0,0,0,0,0,0,0,0,0,0,0,0,0,0,0,0,0,0,0,0,0,0,0,0,0,0,0,0,0,0,0,0,0,0,0,0,0,0,0,0,0,0,0,0,0,0,0,0,0,0,0,0,0,0,0,0,0,0,0,0,0,0,0,0,0,0,0,0,0,0,0.000789390590464162,0,0,0,0,0,0,0,0,0,0,0,0,0,0,0,0,0,0,0,0,0,0.000157878118092832,0,0,0,0,0,0,0,0,0,0,0,0,0,0,0,0,0,0,0,0,0,0.000631512472371329,0,0,0.0101041995579413,0,0,0,0,0,0,0,0,0,0,0,0,0,0,0,0,0,0,0,0,0,0,0.000157878118092832,0,0,0,0,0,0,0,0,0,0,0,0,0,0,0,0,0,0,0,0,0,0,0,0,0,0,0,0,0,0,0,0,0.000157878118092832,0,0,0,0.000157878118092832,0,0,0,0,0,0,0,0,0,0,0,0,0.000157878118092832,0,0,0,0,0,0,0,0,0,0,0,0,0,0,0,0,0,0,0
"P6800",0,0,0,0,0,0,0,0,0,0,0,0,0,0,0,0,0,0,0,0,0,0,0,0,0,0,0,0,0,0,0,0,0,0,0,0,0,0,0,0,0,0,0,0,0,0,0,0,0.0410483107041364,0,0,0,0.0209977897063467,0.00647300284180613,0,0,0,0,0,0,0,0,0,0,0,0,0,0,0,0,0,0,0,0,0,0,0,0,0,0,0,0,0,0,0.000157878118092832,0,0,0,0,0,0,0,0,0,0,0,0,0,0,0,0,0,0,0,0,0,0,0,0,0,0,0,0,0,0,0,0,0,0,0,0,0,0,0,0,0,0,0,0,0,0,0,0,0,0,0,0,0,0,0,0,0,0,0,0,0,0,0,0,0,0,0,0,0,0,0,0,0,0,0,0,0,0,0,0,0,0,0,0,0,0,0,0,0,0,0,0,0,0,0,0,0,0,0,0,0,0,0,0,0,0,0,0,0,0,0.00221029365329965,0.000157878118092832,0,0.000473634354278497,0,0,0,0,0,0,0,0,0,0,0,0,0,0,0,0,0,0.000315756236185665,0,0,0,0,0,0,0,0,0,0,0,0,0,0,0,0,0,0,0,0,0,0,0,0,0,0,0,0,0,0,0,0,0.000315756236185665,0,0,0,0,0,0,0,0,0,0,0
"P6803",0,0,0,0,0,0,0,0,0,0,0,0,0,0,0,0,0,0,0,0,0,0,0,0,0,0,0,0,0,0,0,0.000157878118092832,0,0,0,0,0,0,0,0,0,0,0,0,0,0,0,0,0.00221029365329965,0,0,0,0,0,0,0,0,0,0,0,0,0.000157878118092832,0,0,0,0,0,0,0,0,0,0,0,0,0,0,0,0,0,0,0,0,0,0,0,0,0,0,0,0,0,0,0,0,0,0,0.000157878118092832,0,0,0,0,0,0,0,0,0.000157878118092832,0,0,0,0,0,0,0,0,0,0,0,0,0,0,0,0,0,0,0,0,0,0,0,0,0,0,0,0,0,0,0,0,0,0,0,0,0,0,0,0,0,0,0,0,0,0,0,0,0,0,0,0,0,0,0,0,0,0,0,0,0,0,0,0,0,0,0,0,0,0,0,0,0,0,0,0,0,0,0,0,0,0,0,0,0,0,0,0,0,0,0,0.00299968424376381,0,0,0,0,0,0,0,0,0,0,0,0,0,0.000315756236185665,0.000473634354278497,0,0,0,0,0,0,0,0,0,0,0,0,0,0,0,0,0,0,0,0,0.000157878118092832,0,0,0,0,0,0,0,0.000157878118092832,0.000315756236185665,0,0,0,0,0,0,0,0,0,0,0,0,0,0,0,0,0,0
"P6883",0,0,0,0,0,0,0,0,0,0,0,0,0,0,0,0,0,0,0,0,0,0,0,0,0,0,0,0,0,0,0,0,0,0,0,0,0,0,0,0,0,0,0,0,0,0,0,0,0,0,0,0,0,0,0,0,0,0,0.000315756236185665,0,0,0,0,0,0.000157878118092832,0,0,0,0,0,0,0,0,0,0,0,0,0,0,0,0,0,0,0,0,0.000473634354278497,0,0,0,0,0,0,0,0,0,0,0,0,0,0,0,0,0,0,0,0,0,0,0.000157878118092832,0,0,0,0,0,0,0,0.000315756236185665,0,0.000473634354278497,0,0,0,0.000157878118092832,0,0,0,0,0,0,0,0.000157878118092832,0,0,0,0,0,0,0,0,0,0,0,0,0,0,0,0,0,0,0,0,0,0,0,0,0,0,0,0,0,0,0,0,0,0,0,0,0,0,0,0,0,0,0,0,0.000157878118092832,0.000157878118092832,0,0,0,0,0,0,0,0,0,0,0,0,0,0,0,0,0,0,0,0,0,0.000315756236185665,0,0,0,0,0,0,0,0,0,0,0,0,0,0,0,0,0,0,0,0,0,0,0,0,0,0,0,0,0,0,0,0,0,0,0,0,0,0,0,0,0,0,0,0,0.000157878118092832,0,0,0,0,0,0,0,0,0,0,0,0,0,0,0,0,0
"P6926",0,0,0,0,0,0,0,0,0,0,0,0,0,0,0,0,0,0,0,0,0,0,0,0,0,0,0,0,0,0,0,0,0,0,0,0,0,0,0,0,0,0,0,0,0,0,0,0,0,0,0,0,0,0,0,0,0,0,0,0,0,0,0,0,0,0,0,0,0,0,0,0,0,0,0,0,0,0,0,0,0,0,0,0,0,0,0,0,0,0,0,0,0,0,0,0,0,0,0,0,0,0,0,0,0,0,0,0,0,0,0,0,0,0,0,0,0,0,0,0,0,0,0,0,0,0,0,0,0,0,0,0,0,0,0,0,0,0,0,0,0,0,0,0,0,0,0,0,0,0,0,0,0,0,0,0,0,0,0,0,0,0,0,0,0,0,0,0,0,0,0,0,0,0,0,0,0,0,0,0,0,0,0,0,0,0,0,0,0,0,0,0,0,0,0,0,0,0,0,0,0,0,0,0.000157878118092832,0,0,0,0,0,0,0,0,0,0,0,0,0,0,0,0,0,0,0,0,0,0,0.000157878118092832,0,0,0,0,0,0,0,0,0,0,0,0,0,0,0,0,0,0,0,0,0,0,0,0,0,0,0.000157878118092832,0,0,0,0,0,0,0
"P6929",0,0,0,0,0,0,0,0,0,0,0,0,0,0,0,0,0,0,0,0,0,0,0,0,0,0,0,0,0,0,0,0,0,0,0,0,0,0,0,0,0,0,0,0,0,0,0,0,0,0,0,0,0.000157878118092832,0,0,0,0,0,0,0,0,0,0,0,0,0,0,0,0,0,0,0,0,0.000315756236185665,0,0,0,0,0,0,0,0,0,0,0,0,0,0,0,0,0,0,0,0,0,0,0,0,0,0,0,0,0,0,0,0,0,0,0,0,0,0,0,0,0,0,0,0,0,0,0,0,0,0,0,0,0,0,0,0,0,0,0,0,0,0,0,0,0,0,0,0,0,0,0,0,0,0,0,0,0,0,0,0,0,0,0,0,0,0,0,0,0,0,0,0,0,0,0,0,0,0,0,0,0,0,0,0,0,0,0,0,0,0,0,0,0,0.000157878118092832,0,0,0,0,0,0,0,0,0,0,0,0,0,0,0,0,0,0,0,0,0,0,0,0,0,0,0,0,0,0,0,0,0,0,0,0,0,0,0,0,0,0,0,0,0,0,0,0,0,0,0,0,0,0.000157878118092832,0,0,0,0,0,0,0,0,0,0,0,0,0,0,0,0,0,0,0
"P6967",0,0,0,0,0,0,0,0,0,0,0,0,0,0,0,0,0,0,0,0,0,0,0,0,0,0,0.000157878118092832,0,0,0,0,0,0,0,0,0,0,0,0,0,0,0,0,0,0,0,0,0,0,0,0,0,0,0,0,0,0,0,0,0,0,0,0,0,0,0,0,0,0,0,0,0,0,0,0,0,0,0,0,0,0,0,0,0,0,0,0,0,0,0,0,0,0,0,0,0,0,0,0,0,0,0,0,0,0,0,0,0,0,0,0,0.00520997789706347,0.00252604988948532,0,0,0,0,0,0,0,0,0,0,0,0,0,0,0,0,0,0,0,0,0,0,0,0,0,0,0,0,0,0,0,0,0,0,0,0,0,0,0,0,0,0,0,0,0,0,0,0,0,0,0,0,0,0,0,0,0,0,0,0,0,0,0,0,0,0,0,0,0,0,0,0,0,0,0,0,0,0,0,0,0,0,0,0,0,0,0,0,0,0,0,0,0,0,0,0,0,0,0,0,0,0,0,0,0,0,0,0,0,0,0,0,0,0,0,0,0,0,0,0,0,0,0,0,0,0,0,0,0,0,0,0,0,0,0,0,0,0,0,0,0,0.00457846542469214,0.0149984212188191,0.0149984212188191,0,0,0,0
"P7285",0,0,0,0,0,0.000157878118092832,0,0,0,0,0,0,0,0,0,0,0,0,0,0,0,0,0,0,0,0,0,0,0,0,0,0,0,0,0,0,0,0,0,0,0,0,0,0,0,0,0,0,0,0.000157878118092832,0,0,0,0,0,0,0,0,0,0,0,0,0,0,0,0,0,0,0,0,0,0,0,0,0,0,0,0,0,0,0,0,0,0,0,0,0,0,0,0,0,0,0,0,0,0,0,0,0,0,0,0,0,0,0,0,0,0,0,0,0,0,0,0,0,0,0,0,0,0,0,0,0,0,0,0,0,0,0,0,0,0,0,0,0,0,0,0,0,0,0,0,0,0,0,0,0,0,0,0,0,0,0,0,0,0.000157878118092832,0,0,0,0,0,0,0,0.000157878118092832,0,0,0,0.000157878118092832,0,0,0,0,0,0,0,0,0,0.000157878118092832,0,0,0,0,0,0,0,0,0,0,0,0,0,0,0,0,0,0,0,0,0,0,0,0,0,0,0,0,0,0,0.000157878118092832,0,0,0,0,0,0,0,0,0,0,0,0,0,0,0,0,0,0,0,0,0,0,0,0,0,0,0,0,0,0,0,0,0,0,0,0,0,0,0,0,0,0,0,0,0,0,0,0,0.000631512472371329,0,0,0
"P7355",0,0,0,0,0,0,0,0,0,0,0,0,0,0,0,0,0,0,0,0,0,0,0,0,0,0,0,0,0,0,0,0,0,0,0,0,0,0,0,0,0,0,0,0,0,0,0,0,0,0,0.0159456899273761,0,0,0,0,0,0,0,0,0,0,0,0,0,0,0,0,0,0,0,0,0,0,0,0,0,0,0,0,0.0138932743921692,0.00284180612567098,0,0,0,0,0,0,0,0,0,0.00284180612567098,0,0,0,0,0,0,0,0,0,0,0,0,0,0,0,0,0,0,0,0,0,0,0,0,0,0,0,0,0,0,0,0,0,0,0,0,0,0,0,0,0,0,0,0,0,0,0,0,0,0,0,0,0,0,0,0,0,0,0,0,0,0,0,0,0,0,0,0,0,0,0,0,0,0,0,0,0,0,0,0,0,0,0,0,0,0,0,0,0,0,0,0,0,0,0,0,0,0,0,0.000157878118092832,0,0,0,0,0,0,0,0,0,0,0,0,0,0,0,0,0.000157878118092832,0,0,0,0,0,0,0,0,0,0,0,0,0,0,0,0,0,0,0,0,0,0,0,0,0,0,0,0,0,0,0,0,0,0,0,0,0,0,0,0,0,0,0,0,0,0,0,0,0,0,0,0,0
"P7405",0,0,0,0,0,0,0,0,0,0,0,0,0,0,0,0,0,0,0,0,0,0,0,0,0,0,0,0,0,0,0,0,0,0,0,0,0,0,0,0,0,0,0,0,0,0,0,0,0,0,0,0,0,0,0,0,0,0,0,0,0,0,0,0,0,0,0,0,0,0,0,0,0,0,0,0,0,0,0,0,0,0,0,0,0,0,0,0,0,0,0,0,0,0,0,0,0,0,0,0,0,0,0,0,0,0,0,0,0,0,0,0,0,0,0,0,0,0,0,0,0,0,0,0,0,0,0,0,0,0,0,0,0,0,0,0,0,0,0,0,0,0,0,0,0,0,0,0,0,0,0,0,0,0,0,0,0,0,0,0,0,0,0,0,0,0,0,0,0,0,0,0,0,0,0,0,0,0,0,0,0,0,0,0,0,0,0,0,0,0,0,0,0,0,0,0,0,0,0,0,0,0,0,0,0,0,0,0,0,0,0,0,0,0,0,0,0,0,0,0,0,0,0,0,0,0,0,0,0,0,0,0,0,0,0,0,0,0,0,0,0,0.000315756236185665,0,0,0,0,0,0,0,0,0,0,0,0,0,0,0,0,0,0,0
"P7558",0,0,0,0,0,0,0,0,0.000157878118092832,0,0,0,0,0,0,0,0,0,0,0,0,0,0,0,0,0,0,0,0,0,0,0,0,0,0,0,0,0,0,0,0,0,0,0,0,0,0,0,0,0,0,0,0,0.000157878118092832,0,0,0,0,0,0,0,0,0,0,0,0,0,0,0,0,0,0,0,0,0,0,0,0,0,0.000157878118092832,0,0,0,0,0,0,0,0,0,0,0,0,0,0,0,0,0,0,0,0,0,0,0,0,0,0,0,0,0,0,0,0,0,0,0,0,0,0,0,0,0,0,0,0,0,0,0,0,0,0.000157878118092832,0.000157878118092832,0,0,0,0,0,0,0,0,0,0,0,0,0,0,0,0,0,0,0,0,0,0,0,0,0,0,0,0,0,0,0,0,0,0,0,0,0,0,0,0,0,0,0,0,0,0,0,0,0,0,0,0,0,0,0,0,0,0,0,0,0,0,0,0,0,0,0,0,0,0,0,0,0,0,0,0,0,0,0,0,0,0,0.000157878118092832,0,0,0,0,0,0,0,0,0,0,0,0,0,0,0,0,0,0,0,0,0,0,0,0,0,0,0,0,0,0,0,0,0,0,0,0,0,0,0,0,0,0,0,0,0,0,0
"P7583",0,0,0,0,0,0,0,0,0,0,0,0,0,0,0,0,0,0,0,0,0,0,0,0,0,0,0,0,0,0,0,0,0,0,0,0,0,0,0,0,0,0,0,0,0,0,0,0,0,0,0.000157878118092832,0,0,0,0,0,0,0,0,0,0,0,0,0,0,0,0,0,0,0,0,0,0,0,0,0,0,0,0,0,0,0,0,0,0,0,0,0,0,0,0,0,0,0,0,0,0,0,0,0,0,0,0,0,0,0,0,0,0,0,0,0,0,0,0.0249447426586675,0,0,0,0,0,0,0,0,0,0,0,0,0,0,0,0,0,0,0,0,0,0,0,0,0,0,0,0,0,0,0,0,0,0,0,0,0,0,0,0,0,0,0,0,0,0,0,0,0,0,0,0,0,0,0,0,0,0,0,0,0,0,0,0,0,0,0,0,0,0,0,0,0,0,0,0,0,0,0,0,0,0,0,0,0,0,0,0,0,0,0,0,0,0,0,0,0,0,0,0,0.000157878118092832,0,0,0,0,0,0,0,0,0,0,0,0,0,0,0,0,0,0,0,0,0,0,0,0,0,0,0,0,0,0,0,0,0,0,0,0,0,0,0.000157878118092832,0,0,0,0,0,0
"P7612",0.000157878118092832,0.00173665929902116,0.000315756236185665,0.000789390590464162,0.000947268708556994,0.00173665929902116,0.000157878118092832,0.00426270918850647,0.0162614461635617,0,0,0,0,0,0,0,0.00331544047994948,0.000157878118092832,0.00568361225134196,0.00599936848752763,0.00410483107041364,0.00442058730659931,0,0.000315756236185665,0,0,0,0.00205241553520682,0.0123144932112409,0.000947268708556994,0,0,0,0,0,0,0,0,0,0,0,0,0,0,0,0,0,0,0,0,0,0.00189453741711399,0,0,0,0,0,0,0,0,0,0,0,0,0,0,0,0,0,0,0,0,0,0,0,0,0,0,0,0,0,0,0,0,0,0,0,0,0,0,0,0,0,0,0,0,0,0,0,0,0.000473634354278497,0.00442058730659931,0,0,0,0,0,0,0,0.000157878118092832,0,0.0058414903694348,0,0.0142090306283549,0.00615724660562046,0.000315756236185665,0,0,0,0,0,0,0,0.0303125986738238,0.407009788443322,0,0,0,0,0,0,0,0,0,0,0,0,0,0,0,0,0,0,0,0,0,0,0,0,0,0.00189453741711399,0.00110514682664983,0,0,0,0,0,0,0,0,0.000315756236185665,0.000157878118092832,0,0.000157878118092832,0,0,0,0,0,0,0,0,0,0,0,0,0,0,0,0,0,0,0,0,0,0,0,0,0.000789390590464162,0,0,0,0,0.00189453741711399,0,0,0,0,0,0,0,0,0,0,0,0,0,0,0,0,0,0,0,0,0.000947268708556994,0.00505209977897063,0.00473634354278497,0.000631512472371329,0,0,0,0,0.00268392800757815,0,0,0.00189453741711399,0,0,0,0,0.000157878118092832,0,0,0,0,0,0,0,0,0.0110514682664983,0.00189453741711399,0,0,0,0,0,0,0,0.00173665929902116,0,0.0129460056836123,0,0.00694663719608462,0.0213135459425324,0,0,0.000315756236185665,0,0,0,0
"P7613",0,0,0,0,0,0,0,0,0,0,0,0,0,0,0,0,0,0,0,0,0,0,0,0,0,0,0,0,0,0,0,0,0,0,0,0,0,0,0,0,0,0,0,0,0,0,0,0,0,0,0,0.0104199557941269,0,0,0,0,0,0,0,0,0,0,0,0,0,0,0,0,0,0,0,0,0,0,0,0,0,0,0,0,0,0,0,0,0,0,0,0,0,0.000157878118092832,0,0,0,0,0,0,0,0,0,0,0,0,0,0,0,0,0,0,0,0,0,0,0,0,0,0,0,0,0,0,0,0,0,0,0,0,0,0,0,0,0,0,0,0,0,0,0,0,0,0,0,0,0,0,0,0,0,0,0,0,0,0,0,0,0,0,0,0,0,0,0,0,0,0,0,0,0,0,0,0,0,0,0,0,0,0,0,0,0,0,0,0,0,0,0,0,0,0,0,0,0,0.00221029365329965,0,0,0,0,0,0,0,0,0,0,0,0,0,0,0.00110514682664983,0,0,0,0.00126302494474266,0,0,0,0,0,0,0,0,0.000157878118092832,0,0,0.00110514682664983,0,0,0,0,0,0,0,0,0,0,0,0,0,0,0,0,0,0,0,0,0,0,0,0,0,0,0,0,0,0,0.000315756236185665,0,0,0,0,0,0,0
"P7648",0,0,0,0,0,0,0,0,0,0,0,0,0,0,0,0,0,0,0,0,0,0,0,0,0,0,0,0,0,0,0,0,0,0,0,0,0,0,0,0,0,0,0,0,0,0,0,0,0,0,0,0,0,0,0,0,0,0,0,0,0,0,0,0,0,0,0,0,0,0,0,0,0,0,0,0,0,0,0,0,0,0,0,0,0,0,0,0,0,0,0,0,0,0,0,0,0,0,0,0,0,0,0,0,0,0,0,0,0,0,0,0,0,0,0,0,0,0,0,0,0,0,0,0,0,0,0,0,0,0,0,0,0,0,0,0,0,0,0,0,0,0,0,0,0,0,0,0,0,0,0,0,0,0,0,0,0,0,0,0,0,0,0,0,0,0,0,0,0,0,0,0,0,0,0,0,0,0,0,0,0,0,0,0,0,0,0,0,0,0,0.000157878118092832,0,0,0,0,0,0,0,0,0,0.000157878118092832,0,0,0,0,0,0,0,0,0,0,0,0,0,0,0,0,0,0,0,0,0.000157878118092832,0,0,0,0,0,0,0,0,0,0,0,0,0,0,0,0,0,0,0,0,0,0,0,0,0,0,0,0,0,0,0,0,0,0,0,0,0,0,0
"P7843",0,0,0,0,0,0,0,0,0,0,0,0,0,0,0,0,0,0,0,0,0,0,0,0,0,0,0,0,0,0,0,0,0,0,0,0,0,0,0,0,0,0,0,0,0,0,0,0,0,0,0,0,0,0,0,0,0,0,0,0,0,0,0,0,0,0,0,0,0,0,0,0,0,0,0,0,0,0,0,0,0,0,0,0,0,0,0,0,0,0,0,0,0,0,0,0,0,0,0,0,0,0,0,0,0,0,0.000157878118092832,0,0,0,0,0,0,0,0,0,0,0,0,0,0,0,0,0,0,0,0,0,0,0,0,0,0,0,0,0,0,0,0,0,0,0,0,0,0,0,0,0,0,0,0,0,0,0,0,0,0,0,0,0,0,0,0,0,0,0,0,0,0,0,0,0,0,0,0,0,0,0,0,0,0,0,0,0,0,0,0,0,0,0,0,0,0,0,0,0,0,0,0,0,0,0,0,0,0,0,0,0,0,0,0,0,0,0,0,0,0,0,0,0,0,0,0,0,0,0,0,0,0,0,0,0,0,0,0.000157878118092832,0,0,0,0,0,0,0,0,0,0,0,0,0,0,0,0,0,0,0,0,0,0,0,0,0,0
"P7971",0,0,0,0,0,0,0,0,0,0,0,0,0,0,0,0,0,0,0,0,0,0,0,0,0,0,0,0,0,0,0,0,0,0,0,0,0,0,0,0,0,0,0,0,0,0,0,0,0,0,0,0,0.4977897063467,0.000789390590464162,0,0,0,0,0,0,0,0,0,0,0,0,0.000315756236185665,0,0,0,0,0,0,0,0,0,0,0.00552573413324913,0.000631512472371329,0,0,0,0,0,0,0,0,0,0,0,0,0,0,0,0,0,0,0.000157878118092832,0,0,0.000947268708556994,0,0,0.000157878118092832,0,0,0,0,0,0,0,0,0,0,0,0,0,0,0,0,0,0,0,0,0,0,0,0,0,0,0,0,0,0,0,0,0,0,0,0,0,0,0,0,0,0,0,0,0,0,0,0,0,0,0,0,0,0,0,0,0,0,0,0,0,0,0,0,0,0,0,0,0,0,0,0,0,0,0,0,0,0,0,0,0,0,0,0,0,0,0,0,0.00189453741711399,0,0,0,0,0,0,0,0,0,0,0.0116829807388696,0.000473634354278497,0,0,0.00173665929902116,0.00457846542469214,0,0,0.000157878118092832,0,0,0,0,0,0,0.000157878118092832,0,0,0,0,0,0,0,0,0,0.000473634354278497,0,0,0,0,0,0,0,0,0,0,0,0,0,0,0,0,0,0,0,0,0,0,0,0,0,0,0,0,0,0,0,0
"P8067",0,0,0,0,0.00236817177139249,0,0.00205241553520682,0,0,0,0,0,0,0,0,0,0,0,0,0,0,0,0,0,0,0,0.00142090306283549,0,0,0,0,0,0,0,0,0,0,0,0,0,0,0,0,0,0,0,0,0,0,0,0,0,0,0,0,0,0,0,0,0,0,0,0,0,0,0,0,0,0,0,0,0,0,0,0,0,0,0,0,0,0,0,0,0,0,0,0.00852541837701295,0,0,0,0,0,0.00394695295232081,0,0,0,0,0,0,0,0,0.00742027155036312,0,0,0,0,0,0,0,0.000157878118092832,0,0.000789390590464162,0,0,0.0101041995579413,0,0,0,0,0,0.000789390590464162,0,0,0,0,0,0,0,0,0,0,0,0,0,0,0,0,0,0,0,0,0,0,0,0,0,0,0,0,0,0.000947268708556994,0,0.000789390590464162,0,0,0,0,0,0,0,0,0,0,0.00157878118092832,0,0,0,0,0,0,0,0,0,0,0,0,0,0,0,0,0,0,0,0,0,0,0,0,0,0,0,0.000473634354278497,0,0,0,0,0,0.00915693084938428,0,0,0,0,0,0,0,0,0,0,0,0,0.00157878118092832,0,0,0.00410483107041364,0,0,0,0,0,0,0,0,0.000473634354278497,0,0,0,0,0,0,0,0,0,0,0,0,0,0,0,0,0,0,0,0,0,0,0,0,0,0,0,0,0,0,0,0,0,0.000947268708556994,0,0,0,0
"P8155",0,0,0,0,0,0,0,0,0,0,0,0,0,0,0,0,0,0,0,0,0,0,0,0,0,0,0,0,0,0,0,0,0,0,0,0,0,0,0,0,0,0,0,0,0,0,0,0,0,0,0,0,0,0.00805178402273445,0,0,0,0,0,0,0,0,0,0,0,0,0.00157878118092832,0,0,0,0,0,0,0,0,0,0,0,0,0,0,0,0,0,0,0.000157878118092832,0,0,0,0,0,0,0,0,0,0,0,0,0,0,0,0,0,0,0,0,0,0,0,0,0.000315756236185665,0,0,0,0,0,0,0,0,0,0,0,0,0,0,0,0,0,0,0,0,0,0,0,0,0,0,0,0,0,0,0,0,0,0,0,0,0,0,0,0,0,0,0,0,0,0,0,0,0,0,0,0,0,0,0,0,0,0,0,0,0,0,0,0,0,0,0,0,0,0,0,0,0,0,0,0,0,0,0,0,0,0,0,0,0,0,0,0,0,0,0,0,0,0,0,0,0,0.00110514682664983,0.00110514682664983,0,0,0,0,0,0,0,0,0,0,0,0,0,0,0,0,0,0,0,0,0,0,0,0,0,0,0,0,0,0,0,0,0,0,0,0,0,0,0,0,0,0,0,0,0,0,0,0.00205241553520682,0,0.00520997789706347,0.00173665929902116
"P8196",0,0,0.00157878118092832,0,0,0.000157878118092832,0,0.000157878118092832,0.000473634354278497,0,0,0,0,0,0,0,0,0,0.000473634354278497,0,0.000473634354278497,0,0,0,0,0,0,0,0,0,0,0,0,0,0,0,0,0,0,0,0,0,0,0,0,0,0,0,0,0,0,0,0,0,0,0,0,0,0,0,0,0,0,0,0,0,0,0,0,0,0,0,0,0,0,0,0,0,0.00552573413324913,0,0,0,0,0,0,0,0,0,0,0,0,0,0,0,0,0,0,0,0,0,0.00236817177139249,0,0,0,0,0,0,0,0,0,0,0,0,0.000789390590464162,0,0,0,0,0,0,0,0,0,0,0,0,0,0,0,0,0,0,0,0,0,0,0,0,0,0,0,0,0,0,0,0,0,0,0,0,0,0,0,0.000157878118092832,0,0,0,0,0,0.00157878118092832,0,0,0,0.00505209977897063,0,0,0.000157878118092832,0.000947268708556994,0,0.000157878118092832,0,0.000789390590464162,0,0,0,0.000473634354278497,0.0138932743921692,0,0,0,0.000631512472371329,0,0,0,0,0,0,0,0,0,0,0,0,0,0,0,0,0,0,0,0,0,0,0,0,0,0,0,0,0,0,0,0,0,0,0,0,0,0,0,0,0,0,0,0,0,0,0,0,0,0,0,0,0.000947268708556994,0,0,0,0,0,0.00126302494474266,0,0,0,0,0,0,0,0,0,0,0,0,0,0,0,0,0,0,0,0,0
"P8217",0,0,0.00347331859804231,0,0,0,0,0,0,0,0.00994632143984844,0.0437322387117146,0.0048942216608778,0.0385222608146511,0,0.00221029365329965,0,0.00836754025892011,0,0,0,0,0,0,0,0.0107357120303126,0,0,0,0.00378907483422798,0.000315756236185665,0.0105778339122198,0,0,0,0,0,0,0,0,0,0,0,0,0,0,0,0,0,0,0,0,0,0,0,0,0,0,0,0,0,0,0,0,0,0,0,0,0,0,0.00473634354278497,0,0,0,0,0.00284180612567098,0,0,0,0,0,0,0,0,0.00173665929902116,0,0,0,0,0,0,0,0,0.0659930533628039,0,0.173823808020208,0,0,0.00963056520366277,0.00568361225134196,0,0,0.000157878118092832,0,0,0,0.000157878118092832,0,0,0,0,0,0,0,0,0,0,0,0,0,0,0.00442058730659931,0.00173665929902116,0,0,0,0,0,0,0,0,0,0,0,0,0,0,0,0,0,0,0,0,0,0,0.0048942216608778,0,0.00615724660562046,0,0,0,0,0,0,0.000631512472371329,0,0,0,0,0,0,0,0,0.000315756236185665,0.000157878118092832,0,0,0,0,0,0,0,0,0,0,0,0,0,0,0,0,0,0,0,0,0,0,0,0,0,0,0,0,0,0,0,0,0,0,0,0,0,0,0,0.00110514682664983,0.00284180612567098,0,0,0,0,0,0,0,0,0,0,0.000157878118092832,0,0.00552573413324913,0,0,0,0,0,0,0,0.00157878118092832,0,0,0,0,0,0,0.0142090306283549,0,0.00173665929902116,0,0,0,0,0,0.14824755288917,0,0,0,0,0,0,0,0,0,0,0,0,0,0,0,0,0,0,0
"P8333",0,0,0,0,0,0,0,0,0,0,0,0,0,0,0,0.000315756236185665,0,0,0,0,0,0,0,0,0,0,0,0,0,0,0,0,0,0,0,0,0,0,0,0,0,0,0,0,0,0,0,0,0,0,0,0,0,0,0.000473634354278497,0,0,0,0,0,0,0,0,0,0,0,0,0,0,0,0,0,0,0,0,0,0,0,0,0,0,0,0,0,0,0,0,0,0,0,0,0,0,0,0,0,0,0,0,0,0,0,0,0,0,0,0,0,0,0,0,0,0,0,0,0,0,0,0,0,0,0,0,0,0,0,0,0,0,0,0,0,0,0,0,0,0,0,0,0,0,0,0,0,0,0,0,0,0.000473634354278497,0,0,0,0,0,0,0,0,0,0,0,0,0,0,0,0,0,0,0,0,0,0,0,0,0,0,0,0,0,0,0,0,0,0,0,0,0,0,0,0,0,0,0,0,0,0,0,0,0,0,0,0,0,0,0,0,0,0,0,0,0,0,0,0,0,0,0,0,0,0,0,0,0,0,0,0,0,0,0,0,0,0,0,0,0,0,0,0,0,0,0,0,0,0,0,0,0,0,0,0,0,0,0,0,0,0,0,0,0,0,0,0
"P8335",0,0,0,0,0,0,0,0,0,0,0,0,0,0,0,0,0,0,0,0,0,0,0,0,0,0,0,0,0,0,0,0,0,0,0,0,0,0,0,0,0,0,0,0,0,0,0,0,0,0,0,0,0,0,0.00520997789706347,0,0,0,0,0,0,0,0,0,0,0,0,0,0,0,0,0,0,0,0,0,0,0,0,0,0,0,0,0,0,0,0,0,0,0,0,0,0,0,0,0,0,0,0,0,0,0,0,0,0,0,0,0,0,0,0,0,0,0,0,0,0,0,0,0,0,0,0,0,0,0,0,0,0,0,0,0,0,0,0,0,0,0,0,0,0,0,0,0,0,0,0,0,0,0,0,0,0,0,0,0,0,0,0,0,0,0,0,0,0,0,0,0,0,0,0,0,0,0,0,0,0,0,0,0,0,0,0,0,0,0,0,0,0,0,0,0,0,0,0,0,0,0,0,0,0,0,0,0,0,0,0,0,0,0,0,0,0,0,0,0,0,0,0,0,0,0,0,0,0,0,0,0,0,0,0,0,0,0,0,0,0,0,0,0,0,0,0,0,0,0,0,0,0,0,0,0,0,0,0,0,0,0,0,0,0
"P8336",0,0,0,0,0,0,0,0,0,0,0,0,0,0,0,0,0,0,0,0,0,0,0,0,0,0,0,0,0,0,0,0,0,0,0,0,0,0,0,0,0,0,0,0,0,0,0,0,0,0,0,0,0,0,0.000631512472371329,0,0,0,0,0,0,0,0,0,0,0,0,0,0,0,0,0,0,0,0,0,0,0,0,0,0,0,0,0,0,0,0,0,0,0,0,0,0,0,0,0,0,0,0,0.00189453741711399,0,0,0.000315756236185665,0,0,0,0,0,0,0,0,0,0,0,0,0,0,0,0,0,0,0.00110514682664983,0,0,0,0,0,0,0,0,0,0,0,0,0,0,0,0,0,0,0,0,0,0,0,0,0,0,0.000315756236185665,0,0,0,0,0,0,0,0,0,0,0,0,0,0,0,0,0,0,0,0,0,0,0,0,0,0,0,0,0,0,0,0,0,0,0,0,0,0,0,0,0,0,0,0,0,0,0,0,0,0,0,0,0.00331544047994948,0,0,0,0,0,0,0,0,0,0,0,0,0,0,0,0,0,0,0,0,0,0,0,0,0,0,0,0,0,0,0,0,0,0,0,0,0,0,0,0,0,0,0,0,0,0,0,0,0,0,0,0,0,0,0,0,0,0,0
"P8343",0,0,0,0,0,0.00189453741711399,0,0,0,0,0,0,0,0,0,0,0,0,0,0,0,0.000157878118092832,0,0,0,0,0,0,0,0,0,0,0,0,0,0,0,0,0,0,0,0,0,0,0,0,0,0,0,0,0,0,0,0,0.000157878118092832,0,0,0,0,0,0,0,0,0,0,0,0,0,0,0,0,0,0,0,0,0,0,0,0,0,0,0,0,0,0,0,0,0,0,0,0,0,0,0,0,0,0,0,0,0,0,0,0,0,0,0,0,0,0,0,0,0,0,0,0,0,0,0,0,0,0,0,0,0,0,0,0,0,0,0,0,0,0,0.00110514682664983,0,0,0,0,0,0,0,0,0,0,0,0,0,0,0,0,0,0,0,0,0,0,0,0,0,0,0,0,0,0,0,0,0,0,0,0,0,0,0,0,0,0,0,0,0,0,0,0,0,0,0,0,0,0,0,0,0,0,0,0,0.00884117461319861,0,0,0,0,0,0,0,0,0,0,0,0,0,0,0,0,0,0,0,0,0,0,0,0,0,0,0,0,0,0,0,0,0,0,0,0.00110514682664983,0,0,0.000157878118092832,0,0,0,0.000315756236185665,0,0,0,0,0,0,0,0,0,0,0,0,0.000157878118092832,0,0,0,0,0,0,0,0.00173665929902116,0,0.00315756236185665
"P8347",0,0,0,0,0,0,0,0,0,0,0,0,0,0,0,0,0,0.000631512472371329,0,0,0,0,0,0,0,0,0,0,0,0,0,0,0,0,0,0,0,0,0,0,0,0,0,0,0,0,0,0,0,0,0,0,0,0,0.000157878118092832,0,0,0,0,0.000947268708556994,0,0.00189453741711399,0,0,0,0,0,0,0,0,0,0,0,0,0,0,0,0,0,0,0,0,0,0,0,0,0,0.00315756236185665,0,0,0,0,0,0,0.000473634354278497,0,0,0,0,0,0,0,0.00221029365329965,0,0.000157878118092832,0.0048942216608778,0.00457846542469214,0,0,0,0,0,0,0,0,0,0,0,0,0,0,0,0,0,0,0,0,0,0,0,0,0,0,0,0,0,0,0,0,0,0,0,0,0,0,0,0.0048942216608778,0,0.00142090306283549,0,0,0,0,0,0.00126302494474266,0,0,0,0,0,0,0,0,0,0,0,0,0,0,0,0,0,0,0,0,0,0,0,0,0,0,0,0,0,0,0,0,0.00142090306283549,0,0.00268392800757815,0,0,0,0,0,0,0,0,0.000315756236185665,0,0,0.00331544047994948,0,0,0,0,0,0,0,0,0,0,0,0,0,0,0,0,0,0,0,0,0,0,0,0,0,0,0,0,0,0,0,0,0,0,0,0,0,0,0,0.000315756236185665,0,0,0,0,0.000473634354278497,0.00268392800757815,0.00915693084938428,0.0217871802968109,0.000473634354278497,0.00205241553520682,0,0,0,0,0,0,0,0,0
"P8369",0,0,0,0,0,0,0,0,0,0,0,0,0,0,0,0,0,0,0,0,0,0,0,0,0,0,0,0,0,0,0,0,0,0,0,0,0,0,0,0,0,0,0,0,0,0,0,0,0,0,0,0,0,0,0.000157878118092832,0,0,0,0,0,0,0,0,0,0,0,0,0,0,0,0,0,0,0,0,0,0,0,0,0,0,0,0,0,0,0,0,0,0,0,0,0,0,0,0,0,0,0,0,0,0,0,0,0,0,0,0,0,0,0,0,0.00110514682664983,0,0,0,0,0,0,0,0,0,0,0,0,0,0,0,0,0,0,0,0,0,0,0,0,0,0,0,0,0,0,0,0,0,0,0,0,0,0,0,0,0,0,0,0,0,0,0,0,0,0,0,0,0,0,0,0,0,0,0,0,0,0,0,0,0,0,0,0,0,0,0,0,0,0,0,0,0,0,0,0,0,0,0,0,0,0,0,0,0,0,0,0,0,0,0,0,0,0,0,0,0,0,0,0,0,0,0,0,0,0,0,0,0,0,0,0,0,0,0,0,0,0,0,0,0,0,0,0,0,0,0,0,0,0,0,0,0,0,0,0,0,0,0,0,0,0,0,0,0
"P8427",0,0,0,0,0,0,0,0,0,0,0,0,0,0,0,0,0.000157878118092832,0,0,0,0,0,0,0,0,0,0,0,0,0,0,0,0,0,0,0,0,0,0,0,0,0,0,0,0,0,0,0,0,0,0,0,0,0,0,0,0,0,0,0,0,0,0,0,0,0,0,0,0,0,0,0,0,0,0,0,0,0,0,0.000157878118092832,0.000157878118092832,0,0,0,0,0,0,0,0,0,0,0,0,0,0,0,0,0,0,0,0,0,0,0,0,0,0,0,0,0,0.000157878118092832,0,0,0,0,0,0,0,0,0,0,0,0,0.000157878118092832,0,0,0,0,0,0,0,0.000473634354278497,0,0,0,0,0,0,0,0,0,0,0,0,0,0,0,0,0,0,0,0,0.000157878118092832,0,0,0,0,0,0.000157878118092832,0,0.000157878118092832,0,0,0,0,0,0,0.000157878118092832,0,0,0,0,0,0.000157878118092832,0,0,0,0,0,0,0,0,0,0,0,0,0,0,0,0,0,0,0,0,0,0,0,0,0,0,0,0,0,0,0,0,0,0,0,0,0,0,0,0,0,0,0,0,0,0,0,0,0,0,0,0,0,0,0,0,0,0,0,0,0,0,0,0,0,0,0,0,0,0,0,0,0,0,0,0,0,0,0,0,0,0,0,0,0,0,0
"P8431",0,0,0,0,0,0.00110514682664983,0,0,0,0,0,0,0,0,0,0,0,0,0,0,0,0,0,0,0,0,0,0,0,0,0,0,0,0,0,0,0,0,0,0,0,0,0,0,0,0,0,0,0,0,0,0,0,0,0.000157878118092832,0,0,0,0,0,0,0,0,0,0,0,0,0,0,0,0,0,0,0,0,0,0,0,0,0,0,0,0,0,0,0,0,0,0,0,0,0,0,0,0,0,0,0,0,0,0,0,0,0,0,0,0,0,0,0,0,0,0,0,0,0,0,0,0,0,0,0,0,0,0,0,0,0,0,0,0,0,0,0.000157878118092832,0,0,0,0,0,0,0,0,0,0,0,0,0,0,0,0,0,0,0,0,0,0,0,0,0,0,0,0,0,0,0,0,0,0,0,0,0,0,0,0,0,0,0,0,0,0,0,0,0,0,0,0,0,0,0,0,0,0,0,0,0.0284180612567098,0,0,0,0,0,0,0,0,0,0,0,0,0,0,0,0,0,0,0,0,0,0,0,0,0,0,0,0,0,0,0,0,0,0,0,0.00284180612567098,0,0,0.000157878118092832,0,0,0,0.000315756236185665,0,0,0,0,0,0,0.000947268708556994,0,0,0,0,0,0,0,0,0,0.000315756236185665,0,0,0,0.00236817177139249,0,0.00236817177139249
"P8437",0,0,0,0,0,0.000473634354278497,0,0,0,0,0,0,0,0,0,0,0,0,0,0,0,0,0,0,0,0,0,0,0,0,0,0,0,0,0,0,0,0,0,0,0,0,0,0,0,0,0,0,0,0,0,0,0,0,0.000315756236185665,0,0,0,0,0,0,0,0,0,0,0,0,0,0,0,0,0,0,0,0,0,0,0,0,0,0,0.000157878118092832,0,0,0,0,0,0,0,0,0,0,0,0,0,0,0,0,0,0,0,0,0,0,0,0,0,0,0,0,0,0,0,0,0,0,0,0,0,0,0,0,0,0,0,0,0,0,0,0,0,0,0,0,0,0,0,0,0,0,0,0,0,0,0,0,0,0,0,0,0,0,0,0,0,0,0,0,0,0,0,0,0,0,0,0,0,0,0,0,0,0,0,0,0,0,0,0,0,0,0,0,0,0,0,0,0,0,0,0,0,0,0,0,0.0107357120303126,0,0,0,0,0,0,0,0,0,0,0,0,0,0,0,0,0,0,0,0,0,0,0,0,0,0,0,0,0,0,0,0,0,0,0,0.00189453741711399,0,0,0,0,0,0,0.000315756236185665,0,0,0,0,0,0,0.000315756236185665,0,0,0,0,0,0,0,0,0,0,0,0,0,0.00142090306283549,0,0
"P8472",0,0,0,0,0,0,0,0,0,0,0,0,0,0,0,0,0,0,0,0,0,0,0,0,0,0,0,0,0,0,0,0,0,0,0,0,0,0,0,0,0,0,0,0,0,0,0,0,0,0,0,0,0,0,0,0,0,0,0,0,0,0,0,0,0,0,0,0,0,0,0,0,0,0,0,0,0,0,0,0,0,0,0,0,0,0,0,0,0,0,0,0,0,0,0,0,0,0,0,0,0,0,0,0,0,0,0,0,0,0,0,0,0,0,0,0,0,0,0,0,0,0,0,0,0,0,0,0,0,0,0,0,0,0.00142090306283549,0,0,0,0,0,0,0,0,0,0,0,0,0,0,0,0,0,0,0,0,0,0,0,0,0,0,0,0,0,0,0,0,0,0,0,0,0,0,0,0,0,0,0,0,0,0,0,0,0,0,0,0,0,0,0,0,0,0,0,0,0.000315756236185665,0,0,0,0,0,0,0,0,0,0,0,0,0,0,0,0,0,0,0,0,0,0,0,0,0,0,0,0,0,0,0,0,0,0,0,0,0,0,0,0,0,0,0,0,0,0,0,0,0,0,0,0,0,0,0,0,0,0,0,0,0,0,0,0.000157878118092832,0,0.000315756236185665
"P8484",0,0,0,0,0,0.000157878118092832,0,0,0,0,0,0,0,0,0,0,0,0,0,0,0,0,0,0,0.000157878118092832,0,0,0,0,0,0,0,0,0,0,0,0,0,0,0,0,0,0,0,0,0,0,0,0,0,0,0,0,0,0,0,0,0,0,0.000157878118092832,0,0,0,0,0,0,0,0,0,0,0,0.000157878118092832,0,0,0,0,0,0,0,0,0,0,0,0,0,0,0,0,0,0,0,0,0,0,0,0,0,0,0,0,0,0,0,0,0,0.000157878118092832,0,0,0,0,0,0,0,0,0,0,0,0,0,0,0,0,0,0,0,0,0,0,0,0,0,0,0,0,0,0,0,0,0,0,0,0,0,0,0,0,0,0,0,0,0,0,0,0,0,0,0,0,0,0,0,0,0,0,0,0,0,0,0,0,0,0,0,0,0,0,0,0,0,0,0,0,0,0,0,0,0,0,0,0,0,0,0,0,0,0,0,0,0,0,0,0,0,0.000473634354278497,0,0,0,0,0,0,0,0,0,0,0,0,0,0,0,0,0,0,0,0,0,0,0,0,0,0,0,0,0,0,0,0,0,0.000315756236185665,0,0,0,0,0,0,0,0,0,0,0,0,0,0,0,0,0,0,0,0,0,0,0
"P8597",0,0,0,0,0,0,0,0,0,0,0,0,0,0,0,0,0,0,0,0,0,0,0,0,0,0,0,0,0,0,0,0,0,0,0,0,0,0,0,0,0,0,0,0,0,0,0,0,0,0,0,0,0,0,0,0,0,0,0,0,0,0,0,0,0,0,0,0,0,0,0,0,0,0,0,0,0,0,0,0,0,0,0,0,0,0,0,0,0,0,0,0,0,0,0,0,0,0,0,0,0,0,0,0,0,0,0,0,0.000157878118092832,0,0,0,0,0,0,0,0,0,0,0,0.000631512472371329,0,0,0,0,0,0,0,0,0,0,0,0,0,0,0,0,0,0,0,0,0,0,0,0,0,0,0,0,0,0,0.000315756236185665,0,0,0,0,0,0,0,0,0,0,0,0,0,0,0,0,0,0,0,0,0,0,0,0,0,0,0,0,0,0,0,0,0,0,0,0,0,0,0,0,0,0,0,0,0,0,0,0,0,0,0,0,0,0,0,0,0,0,0,0,0,0,0,0,0,0,0,0,0,0,0,0,0,0,0,0,0,0,0,0,0,0,0,0,0,0,0,0,0,0,0,0,0,0,0,0,0,0,0,0,0,0,0,0,0,0,0,0,0
"P8620",0,0,0,0,0,0,0,0,0,0,0,0,0,0,0,0,0,0,0,0,0,0,0,0,0,0,0,0,0,0,0,0,0,0,0,0,0,0,0,0,0,0,0,0,0,0,0,0,0,0,0,0,0,0,0,0.00173665929902116,0,0,0,0,0,0,0,0,0,0,0,0,0,0,0,0,0,0,0,0,0,0,0,0,0,0,0,0,0,0,0,0,0,0,0,0,0,0,0,0,0,0,0,0,0,0,0,0,0,0,0,0,0,0,0,0,0,0,0,0,0,0,0,0,0,0,0,0,0,0,0,0,0,0,0,0,0,0,0,0,0,0,0,0,0,0,0,0,0,0,0,0,0,0,0,0,0,0,0,0,0,0,0,0,0,0,0,0,0,0,0,0,0,0,0,0,0,0,0,0,0,0,0,0,0,0,0,0,0.000789390590464162,0,0,0,0,0,0,0,0,0,0,0,0,0,0,0,0,0,0,0,0,0,0,0,0,0,0,0,0,0,0,0,0,0,0,0,0,0,0,0,0,0,0,0,0,0,0,0,0,0,0,0,0,0,0,0,0,0,0,0,0,0,0,0,0,0,0,0,0,0,0,0,0,0,0,0,0
"P8625",0,0,0.000157878118092832,0,0,0,0,0,0,0,0,0,0,0,0,0,0,0,0,0,0,0,0,0,0,0,0,0,0,0,0,0,0,0,0,0,0,0,0,0,0,0,0,0,0,0,0,0,0,0,0,0,0,0,0,0.000947268708556994,0,0,0,0,0,0,0,0,0,0,0,0,0,0,0,0,0,0,0,0,0,0,0,0,0,0.000157878118092832,0,0,0,0,0,0,0,0,0,0,0,0,0,0,0,0,0,0,0,0,0,0,0,0,0,0,0,0,0,0,0,0,0,0,0,0,0,0,0,0,0,0,0,0,0,0,0,0,0,0,0,0,0,0,0,0,0,0,0,0,0,0,0,0,0,0,0,0,0,0,0,0,0,0,0,0,0,0,0,0,0,0,0,0,0,0,0,0,0,0,0,0,0,0,0,0,0,0,0,0,0,0,0,0,0,0,0,0,0,0,0,0,0,0,0,0,0,0,0,0,0,0,0,0,0,0,0,0,0,0,0,0,0,0,0,0,0,0,0,0,0,0,0,0,0,0,0,0,0,0,0,0,0,0,0,0,0,0,0,0,0,0,0,0,0,0,0,0,0,0,0,0,0,0,0,0,0,0,0
"P8630",0,0,0,0,0,0,0,0,0,0,0,0,0,0,0,0,0,0,0,0,0,0,0,0,0,0,0,0,0,0,0,0,0,0,0,0,0,0,0,0,0,0,0,0,0,0,0,0,0,0,0,0,0,0,0,0.000315756236185665,0,0,0,0,0,0,0,0,0,0,0,0,0,0,0,0,0,0,0,0,0,0,0,0,0,0,0,0,0,0,0,0,0,0,0,0,0,0,0,0,0,0,0,0,0,0,0,0,0,0,0,0,0,0,0,0,0,0,0,0,0,0,0,0,0,0,0,0,0,0,0,0,0,0,0,0,0,0,0,0,0,0,0,0,0,0,0,0,0,0,0,0,0,0,0,0,0,0,0,0,0,0,0,0,0,0,0,0,0,0,0,0,0,0,0,0,0,0,0,0,0,0,0,0,0,0,0,0,0,0,0,0,0,0,0,0,0,0,0,0,0,0,0,0,0,0.000157878118092832,0,0,0,0,0,0,0,0,0,0,0,0,0,0,0,0,0,0,0,0,0,0,0,0,0,0,0,0,0,0,0,0,0,0,0,0,0,0,0,0,0,0,0,0,0,0,0,0,0,0,0,0,0,0,0,0,0,0,0
"P8684",0,0,0,0,0,0.000157878118092832,0,0,0,0,0,0,0,0,0,0,0,0,0,0,0,0,0,0,0,0,0,0,0,0,0,0,0,0,0,0,0,0,0,0,0,0,0,0,0,0,0,0,0,0,0,0,0,0,0,0,0,0,0,0,0,0,0,0,0,0,0,0,0,0,0,0,0,0,0,0,0,0,0,0,0,0,0,0,0,0,0,0,0,0,0,0,0,0,0,0,0,0,0,0,0,0,0,0,0,0,0,0,0,0,0,0,0,0,0,0,0,0,0.000157878118092832,0,0,0,0,0,0,0,0,0,0,0,0,0,0,0,0,0,0,0,0,0,0,0,0,0,0,0,0,0,0,0,0,0,0,0,0,0,0.000315756236185665,0,0,0,0,0,0,0.000157878118092832,0,0,0,0,0,0,0,0,0,0,0,0,0,0,0,0,0,0,0,0,0,0,0,0,0,0,0,0,0,0,0,0,0,0,0,0,0,0,0,0,0,0,0,0,0,0,0,0,0,0,0,0,0,0,0,0,0,0,0,0,0,0,0.000157878118092832,0,0,0,0,0,0,0,0,0,0,0,0,0,0,0,0,0,0,0,0,0,0,0,0,0,0,0,0,0,0,0,0,0.000157878118092832,0
"P8720",0,0,0,0,0,0,0,0,0,0,0,0,0,0,0,0,0.000157878118092832,0.000315756236185665,0,0,0,0,0,0,0,0,0,0,0,0,0,0.000157878118092832,0,0,0,0,0,0,0,0,0,0,0,0,0,0,0,0,0,0,0,0,0,0,0,0,0,0,0,0,0,0,0,0,0,0,0,0,0,0,0,0,0,0,0,0,0,0,0,0,0,0.000157878118092832,0,0,0,0,0,0,0,0,0,0,0,0,0,0,0,0,0,0,0,0,0,0,0,0,0,0,0.000315756236185665,0,0,0,0,0,0,0,0,0,0,0,0,0,0,0,0,0,0,0,0,0,0,0,0,0,0,0,0,0,0,0,0,0,0,0,0,0,0,0,0,0,0,0,0,0.000157878118092832,0,0,0,0,0,0.000157878118092832,0,0,0,0,0,0.00110514682664983,0,0,0,0,0,0,0,0,0,0,0,0,0,0,0,0,0.000157878118092832,0,0,0,0,0,0,0,0,0,0.000315756236185665,0,0.000315756236185665,0,0,0,0,0,0,0,0,0,0,0,0,0,0,0,0,0,0,0,0,0,0,0,0,0,0,0,0,0,0,0,0,0,0,0,0.000789390590464162,0.000315756236185665,0,0,0.00126302494474266,0,0,0,0,0,0.000157878118092832,0.000157878118092832,0,0,0,0,0,0,0,0,0,0,0.000157878118092832,0,0,0,0,0,0,0,0
"P8722",0,0,0,0,0,0,0,0,0,0,0,0,0,0,0,0,0,0,0,0,0,0.000473634354278497,0,0,0,0,0,0,0,0,0,0,0,0,0,0,0,0,0,0,0,0,0,0,0,0,0,0,0,0,0,0,0,0,0,0.000157878118092832,0,0,0,0,0,0,0,0,0,0,0,0,0,0,0,0,0,0,0,0,0,0,0,0,0,0,0,0,0,0,0,0,0,0,0,0,0,0,0,0,0,0,0,0,0,0,0,0,0,0,0,0,0,0,0,0,0,0,0,0,0,0,0,0,0,0,0,0,0,0,0,0,0,0,0,0,0,0,0,0,0,0,0,0,0,0,0,0,0,0,0,0,0,0,0,0,0,0,0,0,0,0,0,0,0,0,0,0,0,0,0,0,0,0,0,0,0,0,0,0,0,0,0,0,0,0,0,0.000157878118092832,0,0,0,0,0,0,0,0,0,0,0,0,0,0,0,0,0,0,0,0,0,0,0,0,0,0,0,0,0,0,0,0,0,0,0,0,0,0,0,0,0,0,0,0,0,0,0,0,0,0,0,0,0,0,0,0.000157878118092832,0,0,0,0,0,0,0,0,0,0,0,0,0,0,0,0,0,0,0,0,0
"P8752",0,0,0,0,0,0,0,0,0,0,0,0,0,0,0,0,0,0.000157878118092832,0,0,0,0,0,0,0,0,0,0,0,0,0,0,0,0,0,0,0,0,0,0,0,0,0,0,0,0,0,0,0,0,0,0,0,0,0,0.000315756236185665,0,0,0,0,0,0,0,0,0,0,0,0,0.0191032522892327,0,0,0.00126302494474266,0.000473634354278497,0,0,0,0,0,0,0,0,0,0,0,0,0,0,0,0,0,0,0,0,0,0,0,0,0,0,0,0,0,0,0,0,0,0,0,0.000315756236185665,0,0,0,0,0,0,0,0,0,0,0,0,0,0,0,0,0,0,0,0,0,0,0,0,0,0,0,0,0,0,0,0,0,0,0,0,0,0,0,0,0,0,0,0,0,0,0,0,0,0,0,0,0,0,0,0,0,0,0,0,0,0,0,0,0,0,0,0,0,0,0,0,0,0,0,0,0,0,0,0,0,0,0,0,0,0,0,0,0,0,0,0,0,0,0,0,0,0,0,0,0,0,0,0,0,0,0,0,0,0,0,0,0,0,0,0,0,0,0,0,0,0.000157878118092832,0.000157878118092832,0.000157878118092832,0,0.00236817177139249,0,0,0,0,0,0,0,0,0,0,0,0,0,0,0,0,0,0.000473634354278497,0,0,0,0,0,0,0,0
"P8771",0,0,0,0,0,0,0,0,0,0,0,0,0,0,0,0,0,0,0,0,0,0,0,0,0,0,0,0,0,0,0,0,0,0,0,0,0,0,0,0,0,0,0,0,0,0,0,0,0,0,0,0,0,0,0,0.000157878118092832,0,0,0,0,0,0,0,0,0,0,0,0,0,0,0,0,0,0,0,0,0,0,0,0,0,0,0,0,0,0,0,0,0,0,0,0,0,0,0,0,0,0,0,0,0,0,0,0,0,0,0,0,0,0,0,0,0,0,0,0,0,0,0,0,0,0,0,0,0,0,0,0,0,0,0,0,0,0,0,0,0,0,0,0,0,0,0,0,0,0,0,0,0,0,0,0,0,0,0,0,0,0,0,0,0,0,0,0,0,0,0,0,0,0,0,0,0,0,0,0,0,0,0,0,0,0,0,0,0,0,0,0,0,0,0,0,0,0,0,0,0,0,0,0,0,0,0,0,0,0,0,0,0,0,0,0,0,0,0,0,0,0,0,0,0,0,0,0,0,0,0,0,0,0,0,0,0,0,0,0,0,0,0,0,0,0,0,0,0,0,0,0,0,0,0,0,0,0,0,0,0,0,0,0,0.000157878118092832
"P8790",0,0,0,0.000157878118092832,0,0,0,0,0,0,0,0,0,0,0,0,0,0,0,0,0,0,0,0,0,0,0,0,0,0,0,0,0,0,0,0,0,0,0,0,0,0,0,0,0,0,0,0,0,0,0,0,0,0,0,0.000157878118092832,0,0,0,0,0,0,0,0,0,0,0,0,0,0,0,0,0,0,0,0,0,0,0,0,0,0,0,0,0,0,0,0,0,0,0,0,0,0,0,0,0,0,0,0,0,0,0,0,0,0,0,0,0,0,0,0,0,0,0,0,0,0,0,0,0,0,0,0,0,0,0,0,0,0,0,0,0,0,0,0,0,0,0,0,0,0,0,0,0,0,0,0,0,0,0,0,0,0,0,0,0,0,0,0,0,0,0,0,0,0,0,0,0,0,0,0,0,0,0,0,0,0,0,0,0,0,0,0,0,0,0,0,0,0,0,0,0,0,0,0,0,0,0,0,0,0,0,0,0,0,0,0,0,0,0,0,0,0,0,0,0,0,0,0,0,0,0,0,0,0,0,0,0,0,0,0,0,0,0,0,0,0,0,0,0,0,0,0,0,0,0,0,0,0,0,0,0,0,0,0,0,0,0,0,0
"P8854",0,0,0,0,0,0,0,0,0,0,0,0,0,0,0.000315756236185665,0,0,0,0,0,0,0,0,0,0,0,0,0,0,0,0,0,0,0,0,0,0,0,0,0,0,0,0,0,0,0,0,0,0,0,0,0,0,0,0,0,0,0,0,0,0,0,0,0,0,0,0,0,0,0,0,0,0,0,0,0,0,0,0,0,0,0,0,0,0,0,0,0,0,0,0,0,0,0,0,0,0,0,0,0,0,0,0,0,0,0,0,0,0,0,0,0,0,0,0,0,0,0,0,0,0.000157878118092832,0,0,0,0,0,0,0,0,0,0,0,0,0,0,0,0,0,0,0,0,0,0,0,0,0,0,0,0,0,0,0,0,0,0,0,0,0,0,0,0,0,0,0,0,0,0,0,0,0,0,0,0,0,0,0,0,0,0,0,0,0,0,0,0,0,0,0,0,0,0,0,0,0,0,0,0,0,0,0,0,0.000157878118092832,0,0,0,0,0,0,0,0,0,0,0,0,0,0,0,0,0,0,0,0,0,0,0,0,0,0,0,0,0,0,0.000157878118092832,0,0,0,0,0,0,0.000315756236185665,0,0,0,0,0,0,0,0,0,0,0,0,0,0,0,0,0,0,0,0,0
"P8855",0,0,0,0,0,0,0,0,0,0,0,0,0,0,0,0,0,0,0,0,0,0,0,0,0,0,0,0,0,0,0.000157878118092832,0,0,0,0,0,0,0,0,0,0,0,0,0,0,0,0,0,0,0,0,0,0,0,0,0,0,0,0,0,0,0,0,0,0,0.000157878118092832,0,0,0,0,0,0,0,0,0,0,0,0,0,0,0,0,0,0,0,0,0,0,0,0,0,0,0,0,0,0,0,0,0,0,0,0,0,0,0,0,0,0,0,0,0,0,0,0,0,0,0,0,0,0,0,0.000157878118092832,0,0,0,0,0,0,0.000315756236185665,0,0,0,0,0,0,0,0,0,0,0,0,0,0,0,0,0,0,0,0,0,0,0,0,0,0,0,0,0,0,0,0,0,0,0,0,0,0,0,0,0,0,0,0,0,0,0,0,0,0,0,0,0,0,0,0,0,0,0,0,0,0,0,0,0,0,0,0,0,0,0,0,0,0,0,0,0,0.000157878118092832,0,0,0,0,0,0,0,0,0,0,0,0,0,0,0,0,0,0,0,0,0,0,0,0,0,0,0,0,0,0,0,0,0,0,0,0,0,0,0,0,0,0,0,0,0,0,0,0,0,0,0,0,0,0
"P9013",0,0,0,0,0,0.000157878118092832,0,0,0,0,0,0,0,0,0,0,0,0,0,0,0,0,0,0,0,0,0.000315756236185665,0,0,0,0,0,0,0,0,0,0,0,0,0,0,0,0,0,0,0,0,0,0,0,0,0,0,0,0,0,0.000473634354278497,0,0.000315756236185665,0,0,0,0,0,0,0,0,0,0,0,0,0,0,0,0,0,0,0.000157878118092832,0,0.000157878118092832,0,0,0,0,0,0,0,0,0,0,0,0,0,0,0,0,0,0,0,0,0,0,0,0,0,0,0,0,0,0,0,0,0,0.000157878118092832,0,0,0.000157878118092832,0,0,0,0.000157878118092832,0,0,0,0,0,0,0,0,0,0,0,0,0,0,0,0,0,0,0,0,0,0,0,0.000157878118092832,0,0,0,0,0,0,0,0,0,0,0,0,0,0,0,0,0,0,0,0,0.000157878118092832,0,0,0,0,0,0,0,0,0,0,0,0,0,0,0,0,0,0,0,0,0,0,0,0,0,0,0,0,0,0,0,0.000157878118092832,0,0,0,0,0,0,0,0,0,0,0.000157878118092832,0,0,0,0,0,0,0,0,0,0,0,0,0,0,0,0,0,0,0,0,0,0,0,0,0,0,0,0,0,0,0,0.000157878118092832,0,0,0,0,0,0,0,0,0,0,0,0,0,0,0,0,0,0,0,0
"P9249",0,0,0,0,0,0,0,0,0,0,0,0,0,0,0,0,0,0,0,0,0,0,0,0,0,0,0,0,0,0,0,0,0,0,0,0,0,0,0,0,0,0,0,0,0,0,0,0,0,0,0,0,0,0,0,0,0,0,0,0,0,0,0,0,0,0,0,0,0,0,0,0,0,0,0,0,0,0,0,0.000473634354278497,0,0,0,0,0,0,0,0,0,0,0.000157878118092832,0,0,0,0,0,0,0.000157878118092832,0,0,0,0,0,0,0,0,0,0,0,0,0,0,0,0,0,0,0,0,0,0,0,0,0,0,0,0,0,0,0,0,0,0,0,0,0,0,0,0,0,0,0,0,0,0.000157878118092832,0,0,0,0,0,0,0,0,0,0,0,0,0,0,0,0,0,0,0,0,0,0,0,0,0,0,0,0,0,0,0,0,0,0,0,0,0,0,0,0,0,0,0,0,0,0,0,0,0,0,0,0,0,0,0,0,0,0,0,0,0,0,0,0.000315756236185665,0.000157878118092832,0.000157878118092832,0,0,0,0,0,0,0,0,0,0,0,0,0,0,0,0,0,0,0,0,0,0,0,0,0,0,0,0,0,0,0,0,0,0,0,0,0,0,0,0,0,0,0,0,0,0,0,0.000157878118092832,0,0.000315756236185665,0
"P9296",0,0,0,0,0,0,0,0,0,0,0,0,0,0,0,0,0,0,0,0,0,0,0,0,0,0,0,0,0,0,0,0,0,0,0,0,0,0,0,0,0,0,0,0,0,0,0,0,0,0,0,0,0,0,0,0,0,0,0,0,0,0,0,0,0,0,0,0,0,0,0,0,0,0,0,0,0,0,0,0,0,0,0,0,0,0,0,0,0,0,0,0,0,0,0,0,0.000157878118092832,0,0,0,0,0,0,0,0,0,0,0,0,0,0,0,0,0,0,0,0,0,0,0,0,0,0,0,0,0,0,0,0,0,0,0,0,0,0,0,0,0,0,0,0,0,0.000157878118092832,0,0,0,0,0,0,0,0,0,0,0,0,0,0,0,0,0,0,0,0,0,0,0,0,0,0,0,0,0,0,0,0,0,0,0,0,0,0,0,0,0,0,0,0,0,0,0,0,0,0,0,0,0,0,0,0,0,0,0,0,0,0,0,0,0,0,0,0,0,0,0,0,0,0,0,0,0,0,0,0,0,0,0,0,0,0,0,0,0,0,0,0,0,0,0,0,0,0,0,0,0,0,0,0,0,0,0,0,0,0,0,0,0,0,0,0,0,0
"P9334",0,0,0,0,0,0,0,0,0,0,0,0,0,0,0,0,0,0,0,0,0,0,0,0,0,0,0,0,0,0,0,0.000157878118092832,0,0,0,0,0,0,0,0,0,0,0,0,0,0,0,0,0,0,0,0,0,0,0,0,0,0,0,0,0,0,0,0,0,0,0,0,0,0,0,0,0,0,0,0,0,0,0,0,0,0,0,0,0,0,0,0,0,0,0,0,0,0,0,0,0,0,0,0,0,0,0,0,0,0,0,0,0,0,0,0,0,0,0,0,0,0,0,0,0,0,0,0,0,0,0,0,0,0,0,0,0,0,0,0,0,0,0,0,0,0,0,0,0,0,0,0,0,0,0,0,0,0,0,0,0,0,0,0,0,0,0,0,0,0,0,0,0,0,0,0,0,0,0,0,0,0,0,0,0,0,0,0,0,0,0,0,0,0,0,0,0,0,0,0,0,0,0,0,0,0,0,0,0,0,0,0,0,0,0,0,0,0,0,0,0,0,0,0,0,0,0,0,0,0,0,0,0,0,0,0,0,0,0,0,0,0,0,0,0,0,0,0,0,0,0,0,0,0,0,0,0,0,0,0,0,0,0,0,0.000157878118092832
"P9387",0,0,0,0,0,0,0,0,0,0,0,0,0,0,0,0,0,0,0,0,0,0,0,0,0,0,0,0,0,0.000157878118092832,0,0,0,0,0,0,0,0,0,0,0,0,0,0,0,0,0,0,0,0,0,0,0,0,0,0,0,0,0,0,0,0,0,0,0,0,0,0,0,0,0.000157878118092832,0,0,0,0,0,0,0,0,0,0,0.000157878118092832,0,0,0,0,0,0,0,0,0,0,0,0,0,0,0,0,0,0,0,0,0,0,0,0,0,0,0,0,0,0,0,0,0,0,0,0,0,0,0,0,0,0,0,0,0,0,0,0,0,0,0,0,0,0,0,0,0,0,0,0,0,0,0,0,0,0,0,0,0,0,0,0,0,0,0,0,0,0,0,0,0,0,0,0,0,0,0,0,0,0,0,0,0,0,0,0,0,0,0,0,0,0,0,0,0,0,0,0,0,0.000315756236185665,0,0,0,0,0,0,0,0.000157878118092832,0,0,0,0.000789390590464162,0,0,0.000157878118092832,0,0,0,0,0,0,0,0,0,0,0,0,0,0,0,0,0,0,0,0,0,0,0,0,0,0,0,0.000157878118092832,0,0,0,0,0,0,0,0,0,0,0,0,0,0,0,0,0,0,0,0,0,0,0,0,0,0
"P9648",0.000631512472371329,0,0,0,0,0,0,0,0.000473634354278497,0,0,0,0,0,0,0,0,0,0,0,0,0,0,0,0,0,0,0,0,0,0,0,0,0,0,0,0,0,0,0,0,0,0,0,0,0,0,0,0,0,0,0,0,0,0,0,0,0,0,0.000789390590464162,0,0,0,0,0,0,0,0,0,0,0,0,0,0,0,0,0,0,0,0,0,0,0,0,0,0,0,0,0,0,0,0,0,0,0,0,0,0,0,0,0,0.000315756236185665,0,0,0,0,0,0,0,0.257183454373224,0,0,0,0,0.00473634354278497,0.000789390590464162,0,0,0,0,0.0129460056836123,0,0,0.000631512472371329,0,0,0,0,0,0,0,0.00189453741711399,0,0,0,0,0,0,0,0,0,0,0,0,0,0,0,0,0,0,0.000157878118092832,0.000631512472371329,0.000789390590464162,0.000473634354278497,0,0,0,0.00142090306283549,0.000789390590464162,0,0,0,0,0,0,0,0,0,0,0,0,0,0,0,0,0,0,0,0,0,0,0,0,0.00268392800757815,0,0,0,0,0.00221029365329965,0,0.0955162614461636,0.00347331859804231,0,0,0,0,0,0,0,0,0,0,0,0,0,0,0.00299968424376381,0,0,0,0.000315756236185665,0,0,0.000157878118092832,0.00284180612567098,0.000631512472371329,0.000315756236185665,0,0,0,0,0,0,0,0,0,0,0,0,0,0,0,0,0,0,0,0,0,0,0,0,0,0,0,0,0,0,0,0,0,0,0,0,0.00221029365329965,0,0,0,0,0,0,0
"P9773",0,0,0,0,0,0,0,0.000315756236185665,0,0,0,0,0,0,0,0,0,0,0,0,0,0,0,0,0,0,0,0,0,0,0,0,0,0,0,0,0,0,0,0,0,0,0,0,0,0,0,0,0,0,0,0,0,0,0,0,0,0,0,0,0,0,0,0,0,0,0,0,0,0,0,0,0,0,0,0,0,0,0,0,0,0,0,0,0,0,0,0,0,0,0,0,0,0,0,0,0,0,0,0,0,0,0,0,0,0,0,0,0,0,0,0,0,0,0,0,0,0,0,0,0,0,0,0,0,0,0,0,0,0,0,0,0,0,0,0,0,0,0,0,0,0,0,0,0,0,0,0,0,0,0,0,0,0,0,0,0,0,0,0,0,0,0,0,0,0,0,0.000157878118092832,0,0,0,0,0,0,0,0,0,0,0,0,0,0,0,0,0,0,0,0,0,0,0,0.000473634354278497,0,0,0,0,0,0,0,0,0,0,0,0,0,0,0.0246289864224818,0,0,0,0.00110514682664983,0,0,0,0,0,0,0,0,0,0,0,0,0,0,0,0,0,0,0,0,0,0,0,0,0,0,0,0,0,0,0,0,0,0,0,0,0,0,0,0,0,0,0,0,0.000315756236185665,0.0773602778654878,0,0,0,0
"P9775",0.000157878118092832,0,0,0,0,0,0,0.000789390590464162,0,0,0,0,0,0,0,0,0,0,0.000157878118092832,0,0,0,0,0,0,0,0,0,0.000157878118092832,0,0,0,0,0,0,0,0,0,0,0,0,0,0,0,0,0,0,0,0,0,0,0,0,0,0,0,0,0,0,0.000157878118092832,0,0,0,0,0,0,0,0,0,0,0,0,0,0,0,0,0,0,0,0,0,0,0,0.000157878118092832,0,0,0,0,0,0,0,0,0,0,0,0,0,0,0,0,0,0,0,0,0,0,0,0,0,0.000473634354278497,0,0,0,0,0,0,0,0,0,0,0.000157878118092832,0,0,0.000157878118092832,0,0,0,0,0,0,0,0.000315756236185665,0,0,0,0,0,0,0,0,0,0,0,0,0,0,0,0,0,0,0,0,0,0,0,0,0,0,0.000157878118092832,0,0,0,0,0,0,0,0,0,0,0,0,0,0.000315756236185665,0,0,0.000157878118092832,0,0,0,0,0,0,0,0,0,0,0,0,0.000157878118092832,0,0.000157878118092832,0,0,0,0,0,0,0,0,0,0,0,0,0,0,0,0,0,0,0,0,0,0,0,0.000473634354278497,0.000473634354278497,0.000157878118092832,0,0,0,0,0,0,0,0,0,0,0,0,0,0,0,0,0,0,0,0,0,0,0,0,0,0,0,0,0,0,0,0,0,0,0,0,0,0,0,0.000157878118092832,0,0,0,0
"P9822",0,0,0,0,0,0,0,0,0,0,0,0,0,0,0,0,0,0,0,0,0,0,0,0,0,0,0,0,0,0,0,0,0,0,0,0,0,0,0,0,0,0,0,0,0,0,0,0,0,0,0,0,0,0,0,0,0,0,0,0,0,0,0,0,0.000157878118092832,0,0,0,0,0,0,0,0,0,0,0,0,0,0,0,0,0,0,0,0,0,0,0,0,0,0,0,0,0,0,0,0,0,0,0,0,0,0,0,0,0,0,0,0,0,0,0,0,0,0,0,0,0,0,0,0.000157878118092832,0,0,0,0,0,0,0,0,0,0,0,0,0,0,0,0,0,0,0,0,0,0,0,0,0,0,0,0,0,0,0,0,0,0,0,0,0,0,0,0,0,0,0,0,0,0,0,0,0,0,0,0,0,0,0.000157878118092832,0,0,0,0,0,0,0,0,0,0,0,0,0,0,0,0,0,0,0,0,0,0,0,0,0,0,0,0,0,0,0,0,0,0,0,0,0,0,0,0,0,0,0,0,0,0,0,0,0,0,0,0,0,0,0,0,0,0,0,0,0,0,0,0,0,0,0,0,0,0,0,0,0,0,0,0,0,0,0,0,0,0,0,0,0
"P9826",0,0,0,0,0,0,0,0,0,0,0,0,0,0,0,0,0.000631512472371329,0,0.00884117461319861,0,0,0,0.000631512472371329,0,0,0,0,0,0.000157878118092832,0,0,0,0,0,0,0,0,0,0,0,0,0,0,0,0,0,0,0,0,0,0,0,0,0,0,0,0,0,0.000631512472371329,0,0,0,0,0,0,0,0,0,0.00315756236185665,0,0,0.0115251026207768,0.0243132301862962,0,0,0,0,0,0.000157878118092832,0,0,0.00126302494474266,0,0,0,0,0,0,0,0,0,0,0,0,0,0,0,0,0,0,0.00899905273129144,0,0,0,0,0.000157878118092832,0,0,0.00157878118092832,0,0,0,0,0,0,0,0,0,0,0,0,0,0,0,0,0,0,0,0,0,0,0,0,0.000315756236185665,0,0,0,0,0,0,0,0,0,0,0,0,0,0,0,0.000315756236185665,0,0,0,0,0.000157878118092832,0.000631512472371329,0,0,0,0,0,0,0,0,0,0.00236817177139249,0,0,0,0,0,0.000157878118092832,0.000631512472371329,0,0.000315756236185665,0.000473634354278497,0,0,0,0,0,0,0.000315756236185665,0,0,0,0,0,0,0,0.00315756236185665,0,0.0048942216608778,0,0.0582570255762551,0,0,0,0,0.000315756236185665,0.000947268708556994,0,0,0,0,0,0,0,0,0,0,0.00268392800757815,0,0,0,0,0,0,0.00299968424376381,0,0.000157878118092832,0,0.000157878118092832,0,0.000157878118092832,0,0,0,0,0,0.00126302494474266,0,0.000315756236185665,0,0,0,0,0.00378907483422798,0,0.00221029365329965,0.00189453741711399,0,0,0,0.0151562993369119,0,0,0,0,0,0,0,0.000157878118092832,0,0,0,0,0,0,0,0
"P9829",0,0,0,0,0,0,0,0,0,0,0,0,0,0.00568361225134196,0.000631512472371329,0,0,0,0,0,0.000789390590464162,0,0,0,0,0,0,0,0,0,0.000473634354278497,0.000315756236185665,0,0,0,0,0,0,0,0,0,0,0,0,0,0,0,0,0,0,0,0,0,0,0,0,0,0,0.00378907483422798,0,0,0,0,0,0,0,0,0,0,0,0,0,0,0,0,0,0,0,0,0,0,0,0.000157878118092832,0.000947268708556994,0,0,0,0,0,0,0,0,0,0,0,0,0,0,0,0,0,0,0,0,0,0,0,0,0.00252604988948532,0,0,0,0.000473634354278497,0,0,0.00378907483422798,0,0,0,0.000473634354278497,0,0.000157878118092832,0,0,0,0,0,0,0,0,0.000157878118092832,0,0,0.000789390590464162,0.000631512472371329,0,0.000157878118092832,0,0,0,0,0,0.000789390590464162,0.000789390590464162,0.000631512472371329,0.000157878118092832,0,0,0,0,0,0,0,0,0.000789390590464162,0,0.000947268708556994,0,0.000157878118092832,0,0.000157878118092832,0,0,0.000157878118092832,0,0,0.000947268708556994,0.000157878118092832,0,0.00110514682664983,0.000315756236185665,0,0,0,0.000789390590464162,0,0,0,0,0,0,0,0.00157878118092832,0,0.000157878118092832,0,0,0,0.00173665929902116,0,0,0,0,0,0,0,0,0,0,0.000157878118092832,0,0,0,0,0,0,0,0,0,0,0,0,0,0,0,0,0,0,0,0,0,0,0,0,0,0,0,0,0,0,0,0,0.000789390590464162,0.000315756236185665,0,0,0,0.00315756236185665,0,0.000157878118092832,0,0.00110514682664983,0,0,0,0,0,0,0,0,0.000157878118092832,0,0,0.000315756236185665,0,0,0,0,0,0,0
"P9832",0,0,0,0,0,0,0,0,0,0,0,0,0,0,0,0,0,0,0,0,0,0,0,0,0,0,0,0,0,0,0,0,0,0,0,0,0,0,0,0,0,0,0,0,0,0,0,0,0,0,0,0,0,0,0,0,0,0,0.000157878118092832,0,0,0,0,0,0,0,0,0,0,0,0,0,0,0,0,0,0,0,0,0,0,0,0,0,0,0,0,0,0,0,0,0,0,0,0,0,0,0,0,0,0,0,0,0,0,0,0,0,0,0,0,0,0,0,0,0,0,0,0,0,0,0,0,0,0,0,0,0,0,0,0,0,0,0,0,0,0.000157878118092832,0,0,0,0,0,0,0,0,0,0,0,0,0,0,0,0,0,0,0,0,0,0,0,0,0,0,0,0,0,0,0,0,0,0,0,0,0,0,0,0,0,0,0,0,0,0,0,0,0,0,0,0,0,0,0,0,0,0,0,0,0,0,0,0,0,0,0,0,0,0,0,0,0,0,0,0,0,0,0,0,0,0,0,0,0,0,0,0,0,0,0,0,0,0,0,0,0,0,0,0,0,0,0,0,0,0,0,0,0,0,0,0,0,0,0,0,0,0,0,0,0,0,0,0
"P9853",0,0.000157878118092832,0,0.000315756236185665,0,0,0,0,0,0,0,0,0,0,0,0,0,0.000315756236185665,0,0,0,0,0,0,0,0,0,0.000157878118092832,0,0,0,0,0,0,0,0,0,0,0,0,0,0,0,0,0,0,0,0,0,0,0,0,0,0,0,0,0,0,0,0,0,0,0,0,0,0,0,0,0,0,0,0,0,0,0,0,0,0,0,0,0,0,0,0,0,0,0,0,0,0,0,0,0,0,0,0,0,0,0,0,0,0,0,0,0,0,0,0,0,0,0,0.000157878118092832,0,0.000157878118092832,0.000157878118092832,0.00110514682664983,0,0,0,0,0,0,0,0,0,0.000157878118092832,0,0,0,0,0,0,0,0,0,0,0,0,0,0,0,0,0,0,0,0,0,0,0.000315756236185665,0.000473634354278497,0.000789390590464162,0.000315756236185665,0,0.000473634354278497,0,0,0.000157878118092832,0,0,0.000315756236185665,0.000631512472371329,0,0,0,0,0,0,0.000157878118092832,0,0,0,0.000315756236185665,0,0,0,0,0,0,0.000315756236185665,0,0,0,0,0,0,0,0,0,0,0,0,0,0,0,0,0,0,0,0,0,0,0,0,0,0,0,0,0,0,0,0,0,0,0,0,0.000157878118092832,0,0,0,0,0,0,0,0,0,0,0,0,0,0,0,0,0,0,0,0,0,0,0,0.000157878118092832,0.000631512472371329,0,0,0.000157878118092832,0,0,0,0,0.000315756236185665,0,0,0,0,0,0.000157878118092832,0.000473634354278497,0,0,0,0,0
"P9903",0,0,0,0,0,0,0,0,0,0,0,0,0,0,0,0,0,0,0,0,0,0,0,0,0,0,0,0,0,0,0,0,0,0,0,0,0,0,0,0,0,0,0,0,0,0,0,0,0,0,0,0,0,0,0,0,0,0,0,0,0,0,0,0,0,0,0,0,0,0,0,0.000157878118092832,0,0,0,0,0,0,0,0,0,0,0,0,0,0,0,0,0,0,0,0,0,0,0,0,0,0,0,0,0,0,0,0,0,0,0,0,0,0,0,0,0,0,0,0,0,0,0,0,0,0,0,0,0,0,0,0,0,0,0,0,0,0,0,0,0,0,0,0,0,0,0,0,0,0,0,0,0,0,0,0,0,0,0,0,0,0,0,0,0,0,0,0,0,0,0,0,0,0,0,0,0,0,0,0,0,0,0,0,0,0,0,0,0,0,0,0,0,0,0,0,0,0,0,0,0,0,0,0,0,0,0,0,0,0,0,0,0,0,0,0,0,0,0,0,0,0,0,0,0,0,0,0,0,0,0,0,0,0,0,0,0,0,0,0,0,0,0,0,0,0,0,0,0,0,0,0,0,0,0,0,0,0,0,0,0,0,0,0,0
"P9944",0,0,0,0,0.000631512472371329,0,0,0,0,0,0,0,0,0,0,0,0,0,0,0,0,0,0,0,0,0,0.00221029365329965,0,0,0,0,0,0,0,0,0,0,0,0,0,0,0,0,0,0,0,0,0,0,0,0,0,0,0,0,0,0,0,0.000157878118092832,0,0,0,0,0,0,0,0,0,0,0,0,0,0,0,0,0,0,0,0,0,0,0,0,0,0,0,0.000473634354278497,0,0,0,0,0,0.000789390590464162,0,0,0,0,0,0,0,0,0.00473634354278497,0,0,0,0,0,0,0,0.000473634354278497,0,0.00126302494474266,0,0,0.000157878118092832,0,0,0,0,0,0.000947268708556994,0,0,0,0,0,0,0,0,0,0,0,0,0,0,0,0,0,0,0,0,0,0,0,0,0,0,0,0,0,0.00157878118092832,0.000157878118092832,0.000157878118092832,0,0,0,0,0,0,0,0,0,0,0.00378907483422798,0,0,0,0,0,0,0,0,0,0,0.000157878118092832,0,0,0,0,0,0,0,0,0,0,0,0,0,0,0,0,0,0,0,0,0,0,0.00647300284180613,0,0,0,0,0,0,0,0,0.00110514682664983,0,0,0,0.000473634354278497,0,0,0.00694663719608462,0.000157878118092832,0,0,0.000157878118092832,0,0,0,0,0.000947268708556994,0,0,0,0,0,0,0,0,0,0,0,0,0,0,0,0,0,0,0,0,0,0,0,0,0,0,0,0,0,0,0,0,0,0,0,0,0,0
"P10056",0,0,0,0,0,0,0,0,0,0,0,0,0,0,0,0,0,0,0,0,0,0,0,0,0,0,0,0,0,0,0,0,0,0,0,0,0,0,0,0,0,0,0,0,0,0,0,0,0,0,0,0,0,0,0,0,0,0,0,0,0,0,0,0,0,0,0,0,0,0,0,0,0,0,0,0,0,0,0,0,0,0,0,0,0,0,0,0,0,0,0,0,0,0,0,0,0,0,0,0,0,0,0,0,0,0,0,0,0,0,0,0,0,0,0,0,0,0,0,0,0,0,0,0,0,0,0,0,0,0,0,0,0,0,0,0,0,0,0,0,0,0,0,0,0,0,0,0,0,0,0,0,0,0,0,0,0,0,0,0,0,0,0,0,0,0,0,0,0,0,0,0,0,0,0,0,0,0,0,0,0,0,0,0,0,0,0,0,0,0,0,0,0,0,0,0,0,0,0,0,0.000157878118092832,0,0,0.000157878118092832,0,0,0,0,0,0,0,0,0,0,0,0,0,0,0,0,0,0.000157878118092832,0,0,0,0,0,0,0,0,0,0,0,0,0,0.000157878118092832,0,0,0,0,0,0,0,0,0,0,0,0,0,0,0,0,0,0,0,0,0,0,0,0,0
"P10253",0,0,0,0,0,0,0,0,0,0,0,0,0,0,0,0,0,0,0,0,0,0,0,0,0,0,0,0,0,0,0,0,0,0,0,0,0,0,0,0,0,0,0,0,0,0,0,0,0,0,0,0,0,0,0,0,0,0,0.000157878118092832,0,0,0,0,0,0,0,0,0,0,0,0,0,0,0,0,0,0,0,0,0,0,0,0,0,0,0,0,0,0,0,0,0,0,0,0,0,0,0,0,0,0,0,0,0,0,0,0,0,0,0,0,0,0,0,0,0,0,0,0,0,0,0,0,0,0,0,0,0,0,0,0,0,0,0,0,0,0,0,0,0,0,0,0,0,0,0,0,0,0,0,0,0,0,0,0,0,0,0,0,0,0,0,0,0,0,0,0.000157878118092832,0,0,0,0,0,0,0,0,0,0,0,0,0,0,0,0,0,0,0,0,0,0,0,0,0,0,0,0,0,0,0,0,0,0,0,0,0,0,0,0,0,0,0,0,0,0,0,0,0,0,0,0,0,0,0,0,0,0,0,0,0,0,0,0,0,0,0,0,0,0,0,0,0,0,0,0,0,0,0,0,0,0.000315756236185665,0,0,0,0,0,0,0,0,0,0,0,0
"P10276",0,0,0,0,0,0,0,0,0.000157878118092832,0,0,0,0,0,0,0,0,0,0,0,0,0,0,0,0,0,0,0,0,0,0,0,0,0,0,0,0,0,0,0,0,0,0,0,0,0,0,0,0,0,0,0,0,0,0,0,0,0,0,0,0,0,0,0,0,0,0,0,0,0,0,0,0,0,0,0,0,0,0,0,0,0,0,0,0,0,0,0,0,0,0,0,0,0,0,0,0,0,0,0,0,0,0,0,0,0,0,0,0,0,0,0,0,0,0,0,0,0,0,0,0,0,0,0,0,0,0,0,0,0,0,0,0,0,0,0,0,0,0,0,0,0,0,0,0,0,0,0,0,0,0,0,0,0,0,0,0,0.000157878118092832,0,0,0.000157878118092832,0,0,0,0,0,0,0,0,0,0,0.000157878118092832,0,0,0,0,0,0,0,0,0,0,0,0,0,0,0,0,0,0,0,0,0,0,0,0,0,0,0,0,0,0,0,0,0,0,0,0,0,0,0,0,0,0,0,0,0,0,0,0,0,0,0,0,0,0,0,0,0,0,0,0,0,0,0,0,0,0,0,0,0,0,0,0,0,0,0,0,0,0,0,0,0,0,0,0,0,0,0,0.000157878118092832,0
"P10316",0,0,0,0,0,0,0,0,0,0,0,0,0,0,0,0,0,0,0,0,0,0,0,0,0,0,0.00615724660562046,0,0,0,0,0,0,0,0,0,0,0,0,0,0,0,0,0,0,0,0,0,0,0,0,0,0,0,0,0,0,0,0,0,0.0348910640985159,0,0,0,0,0,0.000315756236185665,0,0,0,0,0,0,0,0,0,0,0,0,0,0,0,0,0,0,0.000473634354278497,0,0,0,0,0,0,0,0,0,0,0,0,0,0,0.00331544047994948,0,0,0,0,0,0,0,0,0,0,0.00347331859804231,0,0,0,0,0.00110514682664983,0.000315756236185665,0.00994632143984844,0,0,0,0,0,0,0.00205241553520682,0,0,0,0,0,0,0,0,0,0,0,0,0,0,0,0,0,0,0,0,0,0,0,0,0,0,0,0,0,0,0,0,0,0,0,0,0,0,0,0,0,0,0,0,0,0,0,0,0,0,0,0,0,0,0,0,0,0,0,0,0,0,0,0,0,0,0,0,0,0,0,0,0,0,0,0,0,0,0,0,0,0.0189453741711399,0,0.000947268708556994,0,0,0,0,0,0,0,0,0,0,0,0,0,0,0,0,0,0,0,0,0,0,0,0,0,0.00142090306283549,0,0,0,0,0,0,0,0,0,0,0,0,0,0,0,0,0,0,0,0,0,0.000631512472371329,0,0,0
"P10317",0,0,0,0,0.00126302494474266,0,0,0,0,0,0,0,0,0,0,0,0,0,0,0,0,0,0,0,0,0,0.00142090306283549,0,0,0,0,0,0,0,0,0,0,0,0,0,0,0,0,0,0,0,0,0,0,0,0,0,0,0,0,0,0,0,0,0,0.0268392800757815,0,0,0,0,0,0,0,0,0,0,0,0,0,0,0,0,0,0,0,0,0,0,0,0,0,0,0,0,0,0,0,0,0,0,0,0,0,0,0,0,0,0,0,0,0,0,0,0,0.000157878118092832,0,0,0,0,0,0,0.000157878118092832,0,0,0,0,0,0,0,0,0,0,0,0,0,0,0,0,0,0,0,0,0,0,0,0,0,0,0,0,0,0,0,0,0,0,0,0,0.000157878118092832,0,0,0,0,0,0,0,0,0,0,0,0,0,0,0,0,0,0,0,0,0,0,0,0,0,0,0,0,0,0.00442058730659931,0,0,0,0,0,0,0,0,0,0,0,0,0,0,0,0.000157878118092832,0,0,0,0,0,0,0,0,0,0,0,0.000473634354278497,0,0,0,0,0,0,0,0,0,0,0,0,0,0,0,0,0,0,0,0,0,0,0,0,0,0,0,0,0,0,0,0,0,0,0,0,0,0,0,0,0,0,0,0,0,0,0,0,0
"P10329",0,0,0,0,0,0,0,0,0,0,0,0,0,0,0,0,0.000157878118092832,0,0,0,0.000157878118092832,0,0,0,0,0,0,0,0,0,0.000157878118092832,0,0,0,0,0,0,0,0,0,0,0,0,0,0,0,0,0,0,0,0,0,0,0,0,0,0,0,0,0,0.000157878118092832,0,0,0,0,0,0,0,0,0,0,0,0,0,0,0,0,0,0,0,0,0,0,0,0,0,0,0,0,0,0,0,0,0,0,0,0,0,0,0,0,0,0,0,0,0,0,0,0,0,0,0,0,0,0,0,0,0,0,0,0,0,0,0,0,0,0,0,0,0,0,0,0,0,0,0,0,0,0,0,0,0,0,0,0,0,0,0,0,0,0,0,0,0,0,0,0,0,0.000157878118092832,0,0.000315756236185665,0,0,0.000157878118092832,0,0,0,0,0,0,0,0,0,0,0,0,0,0.000473634354278497,0,0,0,0,0,0,0,0,0,0,0,0,0,0,0,0,0,0,0,0,0,0,0,0,0,0,0,0,0,0,0,0,0,0,0,0,0,0,0,0,0,0,0,0,0,0,0,0,0,0,0,0,0,0,0,0,0,0,0,0,0,0,0,0,0,0,0,0,0,0,0,0,0,0,0,0,0,0,0,0,0,0,0
"P10344",0,0,0,0,0,0,0,0,0,0,0,0,0,0,0,0,0,0,0,0,0.000157878118092832,0,0,0,0,0,0,0,0,0,0,0,0,0,0,0,0,0,0,0,0,0,0,0,0,0,0,0,0,0,0,0,0,0,0,0,0,0,0,0,0.000157878118092832,0,0,0,0.000157878118092832,0,0,0,0,0,0,0,0,0,0,0,0,0,0,0,0,0,0,0,0,0,0,0,0,0,0,0,0,0,0,0,0,0,0,0,0,0,0,0,0,0,0,0,0,0,0,0,0,0,0,0,0,0,0,0,0,0,0,0,0,0,0,0,0,0,0,0,0,0,0,0,0,0,0,0,0,0,0,0,0,0,0,0,0,0,0,0,0,0,0,0,0,0.000157878118092832,0,0,0,0,0,0,0,0,0,0,0,0,0,0,0,0,0,0,0,0.000157878118092832,0,0,0,0,0,0,0,0,0,0,0,0,0,0,0,0,0,0,0,0,0,0,0,0,0,0,0,0,0,0,0,0,0,0,0,0,0,0,0,0,0,0,0,0,0,0,0,0,0,0,0,0,0,0,0,0,0,0,0,0,0,0,0,0,0,0,0,0,0,0,0,0,0,0,0,0,0,0,0,0,0,0,0
"P10369",0,0,0,0,0,0,0,0,0,0,0,0,0,0,0,0,0,0,0,0,0,0,0,0,0,0,0,0,0,0,0,0,0,0,0,0,0,0,0,0,0,0,0,0,0,0,0,0,0,0,0,0,0,0,0,0,0,0,0,0,0.000157878118092832,0,0,0,0,0,0,0,0,0,0,0,0,0,0,0,0,0,0,0,0,0,0,0,0,0,0,0,0,0,0,0,0,0,0,0,0,0,0,0,0,0,0,0,0,0,0,0,0,0,0,0,0,0,0,0,0,0,0,0,0,0,0,0,0,0,0,0,0,0,0,0,0,0,0,0,0,0,0,0,0,0,0,0,0,0,0,0,0,0,0,0,0,0,0,0,0,0,0,0,0,0,0,0,0,0,0,0,0,0.000157878118092832,0,0,0,0,0,0,0,0,0,0,0,0,0,0,0,0,0,0,0,0,0,0,0,0,0,0,0,0,0,0,0,0,0,0,0,0,0,0,0,0,0,0,0,0,0,0,0,0,0,0,0,0,0,0,0,0,0,0,0,0,0,0,0,0,0,0,0,0,0,0,0,0,0,0,0,0,0,0,0,0,0,0,0,0,0,0,0,0,0,0,0
"P10379",0,0,0,0,0,0.00205241553520682,0,0,0,0,0,0,0,0,0,0,0,0,0,0,0,0,0,0,0,0,0.000157878118092832,0,0,0,0,0,0,0,0,0,0,0,0,0,0,0,0,0,0,0,0,0,0,0,0,0,0,0,0,0,0,0,0,0,0,0,0,0,0.000157878118092832,0,0,0,0,0,0,0,0,0,0,0,0,0,0,0,0,0,0,0,0,0,0,0,0,0,0,0,0,0,0,0,0,0,0,0,0,0,0,0,0,0,0,0,0,0,0,0.000157878118092832,0,0,0.000789390590464162,0,0,0,0,0,0,0,0,0,0,0,0,0,0,0,0,0,0,0,0,0,0,0,0,0,0,0,0,0,0,0,0,0,0,0,0,0,0,0,0,0,0,0,0,0,0,0,0,0,0,0,0,0,0,0,0,0,0,0,0,0,0,0,0,0,0,0,0,0,0,0,0,0,0,0,0,0,0,0,0,0,0,0,0,0,0,0,0,0,0,0,0,0,0,0,0,0,0,0,0,0.000157878118092832,0,0,0,0,0,0,0,0,0,0,0,0,0,0,0,0,0,0,0,0,0,0,0,0,0,0,0,0,0,0,0,0,0,0,0,0,0,0,0,0.000157878118092832,0,0,0,0,0
"P11129",0,0,0,0,0,0,0,0,0,0,0,0,0,0,0,0,0,0,0,0.000157878118092832,0.000947268708556994,0,0,0,0,0,0,0,0,0,0,0,0,0,0,0,0,0,0,0,0,0,0,0,0,0,0,0,0,0,0,0,0,0,0,0,0,0,0,0,0,0,0.000157878118092832,0,0,0,0,0,0,0,0,0,0,0,0,0,0,0,0,0,0,0,0,0,0,0,0,0,0,0,0,0,0,0,0,0,0,0,0,0,0,0,0,0,0,0,0,0,0,0,0,0,0,0,0,0,0,0,0,0,0,0,0,0,0,0,0,0,0,0,0,0,0,0,0,0,0,0,0,0,0,0,0,0,0,0,0,0,0,0,0,0,0,0,0,0,0,0,0,0,0,0,0,0,0,0,0,0,0,0,0.000157878118092832,0,0,0,0,0,0,0,0,0,0,0,0,0,0,0,0,0,0,0,0,0,0,0,0,0,0,0,0,0,0,0,0,0,0,0,0,0,0,0,0,0,0.000473634354278497,0,0,0,0,0,0,0,0,0,0,0,0,0,0,0,0,0,0,0,0,0,0,0,0,0,0,0,0,0,0,0,0,0,0,0,0,0,0,0,0,0,0,0,0,0.000789390590464162,0,0,0
"P11309",0,0,0,0.00363119671613514,0.00142090306283549,0,0,0,0,0,0,0,0,0,0,0,0,0,0,0,0,0,0,0,0,0,0.00710451531417746,0,0,0,0,0,0,0,0,0,0,0,0,0,0,0,0,0,0,0,0,0,0,0,0,0,0,0,0,0,0,0,0,0,0,0,0,0,0,0,0,0,0,0,0,0,0,0,0,0,0,0,0,0,0,0,0.00284180612567098,0.0058414903694348,0,0.000789390590464162,0,0,0,0,0,0,0.000947268708556994,0,0,0,0,0,0,0,0.000947268708556994,0.0048942216608778,0,0,0,0,0,0,0,0,0,0.00173665929902116,0,0,0.0227344490053679,0.00142090306283549,0,0.00631512472371329,0,0,0,0,0,0.00694663719608462,0,0.00268392800757815,0,0,0.00157878118092832,0,0,0,0,0,0,0,0,0,0,0,0,0,0,0,0.00189453741711399,0,0,0,0,0,0.000947268708556994,0.00520997789706347,0,0.000473634354278497,0,0.0153141774550047,0,0,0,0,0,0,0,0,0,0,0,0,0,0,0,0,0,0,0,0,0,0,0,0,0,0,0,0.0708872750236817,0,0,0,0,0.00726239343227029,0,0,0,0,0,0,0,0,0,0,0,0,0,0,0,0,0,0.00284180612567098,0,0,0.00110514682664983,0,0,0,0.00221029365329965,0,0.00173665929902116,0.000315756236185665,0.000157878118092832,0,0,0,0,0,0,0,0,0,0,0,0,0.00205241553520682,0,0,0,0,0,0,0,0,0,0,0,0,0,0,0,0,0,0,0,0,0,0,0.000631512472371329,0.000631512472371329,0,0.000157878118092832,0.0121566150931481,0,0,0
"P11587",0,0,0,0,0.000157878118092832,0,0,0,0,0,0,0,0,0,0,0,0,0,0,0,0,0,0,0,0,0,0,0,0,0,0,0,0,0,0,0,0,0,0,0,0,0,0,0,0,0,0,0,0,0,0,0,0,0,0,0,0,0,0,0,0,0,0,0,0.0126302494474266,0,0,0,0,0,0,0,0,0,0,0,0,0,0,0,0,0,0,0,0,0,0,0,0,0,0,0,0,0,0,0,0,0,0,0,0,0,0,0,0,0,0,0,0.00236817177139249,0,0.000315756236185665,0,0,0,0,0,0.000315756236185665,0,0.000631512472371329,0,0,0,0,0,0,0.00110514682664983,0,0,0,0,0,0,0,0,0,0,0,0,0,0,0,0,0,0,0,0,0,0,0,0,0,0,0,0,0,0,0,0,0,0,0,0,0,0,0,0,0,0,0,0,0,0,0,0,0,0,0,0,0,0,0,0,0,0,0,0,0,0,0,0,0,0,0,0,0,0,0,0,0,0,0,0,0,0,0,0,0,0,0,0,0,0,0,0,0,0,0,0,0,0,0,0,0,0,0,0,0,0,0,0,0,0,0,0,0,0,0,0,0,0,0,0,0,0.000157878118092832,0,0,0,0,0,0,0,0,0,0,0,0,0,0,0,0,0
"P11589",0,0,0,0,0,0,0,0,0,0.00142090306283549,0,0,0,0,0,0.000789390590464162,0,0,0,0,0.000157878118092832,0,0,0,0,0,0,0,0,0.00221029365329965,0,0.000315756236185665,0,0,0,0,0,0,0,0,0,0,0,0,0,0,0,0,0,0,0,0,0,0,0,0,0,0,0,0,0,0,0,0,0.00378907483422798,0,0,0,0,0,0,0,0,0,0,0,0,0,0,0,0,0,0,0,0,0,0,0,0,0,0,0,0,0,0,0,0,0,0,0,0,0,0,0,0,0,0,0,0.000157878118092832,0,0,0,0,0,0,0,0,0,0,0,0,0,0,0,0,0,0,0,0.000789390590464162,0,0,0,0,0,0,0,0,0,0,0,0,0,0,0,0,0,0,0,0,0,0,0,0,0,0,0,0,0,0,0,0,0,0,0.00126302494474266,0,0,0,0,0,0,0,0,0,0,0,0,0,0,0,0,0,0,0,0,0,0,0,0,0,0,0,0,0,0,0,0.00221029365329965,0.000157878118092832,0,0,0,0,0,0,0,0,0,0,0,0,0,0,0,0,0,0,0,0.000157878118092832,0,0,0,0,0,0,0,0,0,0,0,0,0,0,0,0,0,0,0,0,0,0.000947268708556994,0,0,0,0,0,0,0,0,0,0.000789390590464162,0,0,0,0,0,0,0,0,0,0,0,0
"P11627",0,0,0,0,0,0,0,0,0,0,0,0,0,0,0,0,0.000157878118092832,0,0,0,0,0,0,0,0,0,0.00299968424376381,0,0,0,0,0,0,0,0,0,0,0,0,0,0,0,0,0,0,0,0,0,0,0,0,0,0,0,0,0,0,0,0,0,0,0,0,0,0.000947268708556994,0.00236817177139249,0.0110514682664983,0,0,0,0,0,0,0,0,0,0,0.00299968424376381,0,0,0.00110514682664983,0.000157878118092832,0.0304704767919166,0,0,0.00126302494474266,0,0,0,0,0.00284180612567098,0.0429428481212504,0,0,0,0,0,0.000157878118092832,0,0,0,0,0,0.000315756236185665,0,0,0,0,0,0,0,0.00473634354278497,0,0,0,0,0.00363119671613514,0,0.00331544047994948,0,0,0,0,0,0,0,0,0,0,0,0,0,0,0,0,0.000473634354278497,0,0,0,0,0,0,0,0,0,0,0,0,0,0.000157878118092832,0,0,0,0,0,0,0,0,0,0,0.000631512472371329,0,0,0,0,0,0,0,0,0,0,0,0,0,0,0,0,0,0,0,0,0,0,0.00110514682664983,0,0,0,0,0.00726239343227029,0,0,0,0,0.229554783706978,0,0.0975686769813704,0.0363119671613514,0,0,0,0,0,0,0,0,0,0.000473634354278497,0.00599936848752763,0.00426270918850647,0.0356804546889801,0,0,0,0,0,0,0.00331544047994948,0,0,0,0,0,0,0,0,0,0,0.000157878118092832,0,0,0,0,0,0,0,0.000157878118092832,0,0,0,0,0,0,0.000631512472371329,0.00173665929902116,0,0,0,0,0,0,0,0,0,0,0.0104199557941269,0.0353646984527944,0.00189453741711399,0.000473634354278497,0,0.0472055573097569,0.313388064414272
"P11637",0,0,0,0,0,0,0,0,0,0,0,0,0,0,0,0,0,0,0,0,0,0,0,0,0,0,0,0,0,0,0,0,0,0,0,0,0,0,0,0,0,0,0,0,0,0,0,0,0,0,0,0,0,0,0,0,0,0,0,0,0,0,0,0,0.000157878118092832,0,0,0,0,0,0,0.000157878118092832,0,0,0,0,0,0,0,0,0,0,0,0,0,0,0,0,0,0,0,0,0,0,0,0,0,0,0,0,0,0,0,0,0,0,0,0,0,0,0.000157878118092832,0,0,0,0,0,0,0,0.000157878118092832,0,0,0.000157878118092832,0,0,0,0,0,0,0,0,0,0,0,0,0,0,0,0,0,0,0,0,0,0,0,0,0,0,0,0,0,0,0,0,0,0,0,0,0,0,0,0,0,0,0,0,0,0,0,0,0,0,0,0,0,0,0,0,0,0,0,0,0,0,0,0,0,0,0,0,0,0,0,0,0,0.000315756236185665,0.000315756236185665,0,0.000157878118092832,0,0,0,0,0,0,0,0,0,0,0,0,0,0,0,0,0,0,0,0,0,0,0,0,0,0,0,0.000157878118092832,0,0,0,0,0,0,0,0,0,0,0,0,0,0,0,0,0,0,0,0,0,0,0,0,0,0,0,0,0,0,0,0,0.000315756236185665,0
"P11714",0,0,0,0.00126302494474266,0,0,0,0,0,0,0,0,0,0,0,0,0,0,0,0,0,0,0,0,0,0,0.100094726870856,0,0.00757814966845595,0,0,0,0,0,0,0,0,0,0,0,0,0,0,0,0,0,0,0,0,0,0,0,0,0,0,0,0,0,0,0,0,0,0,0,0,0,0,0,0,0,0.000947268708556994,0,0,0,0,0,0,0,0.00284180612567098,0,0,0.00142090306283549,0.444111146195137,0.3634354278497,0,0,0,0,0,0,0,0,0,0,0,0,0,0,0,0,0,0,0,0,0,0,0,0,0,0,0,0.000473634354278497,0,0,0,0.000157878118092832,0,0,0,0,0,0,0,0,0,0,0,0,0,0,0,0,0,0,0,0,0,0,0,0,0,0,0,0,0,0,0,0,0,0,0,0,0,0,0,0,0,0.000947268708556994,0.0053678560151563,0,0.00268392800757815,0,0.0151562993369119,0,0,0,0,0,0,0,0,0,0,0,0,0,0,0,0,0,0,0,0,0.000789390590464162,0,0,0,0,0.0440479949479002,0,0,0,0,0,0,0,0,0,0,0,0,0,0,0,0,0,0,0,0,0,0,0,0,0,0,0,0,0.000315756236185665,0,0,0,0,0,0,0,0,0,0,0,0,0,0,0,0,0,0,0,0,0,0,0,0,0,0.000157878118092832,0,0,0,0,0,0,0,0,0,0,0,0.000473634354278497,0,0,0,0,0
"P11732",0,0,0,0,0,0,0,0,0,0,0,0,0,0,0,0,0,0,0,0,0,0,0,0,0,0,0,0,0,0,0,0,0,0,0,0,0,0,0,0,0,0,0,0,0,0,0,0,0,0,0,0,0,0,0,0,0,0,0,0,0,0,0,0,0.000157878118092832,0,0,0,0,0,0,0,0,0,0,0,0,0,0,0,0,0,0,0,0,0,0,0,0,0,0,0,0,0,0,0,0,0,0,0,0,0,0,0,0,0,0,0,0,0,0,0,0,0,0,0,0,0,0,0,0,0,0,0,0,0,0,0,0,0,0,0,0,0,0,0,0,0,0,0,0,0,0,0,0,0,0,0,0,0,0,0,0,0,0,0,0,0,0,0,0,0,0,0,0,0,0,0,0,0,0,0,0,0,0,0,0,0,0,0,0,0,0,0,0,0,0,0,0,0,0,0,0,0,0,0,0,0,0,0,0,0,0,0,0,0,0,0,0,0,0,0,0,0,0,0,0,0,0,0,0,0,0,0,0,0,0,0,0,0,0,0,0,0,0,0,0,0,0,0,0,0,0,0,0,0,0,0,0,0,0,0,0,0,0,0,0,0,0,0,0
"P11745",0,0,0,0,0,0,0,0,0,0,0,0,0,0,0,0,0,0,0,0,0,0,0,0,0,0,0,0,0,0,0,0,0,0,0,0,0,0,0,0,0,0,0,0,0,0,0,0,0,0,0,0,0,0,0,0,0,0,0,0,0,0,0,0,0,0,0,0,0,0,0,0,0,0,0,0,0,0,0,0,0,0,0,0,0,0,0,0,0,0,0,0,0,0,0,0,0,0,0,0,0,0,0,0.000157878118092832,0,0,0,0,0,0,0,0,0,0,0,0,0,0,0,0,0,0,0,0,0,0,0.000157878118092832,0,0,0,0.000157878118092832,0,0,0,0,0,0,0,0,0,0,0,0,0,0,0,0,0,0.000315756236185665,0,0,0,0,0,0,0,0,0,0,0,0,0,0,0,0,0,0,0,0,0,0,0,0,0,0,0,0,0,0,0,0,0,0,0,0,0,0,0,0,0,0,0,0,0,0,0,0,0,0,0,0,0,0,0,0,0,0,0,0,0,0,0,0,0,0,0,0,0,0,0,0,0,0,0,0,0.000157878118092832,0,0,0.000157878118092832,0,0,0,0,0,0,0,0,0,0,0,0,0,0,0,0,0,0,0,0,0,0,0.000157878118092832,0,0,0,0,0,0,0,0,0
"P11822",0,0,0,0,0,0,0,0,0,0,0,0,0,0,0,0,0,0,0,0,0,0,0,0,0,0,0,0,0,0,0,0,0,0,0,0,0,0,0,0,0,0,0,0,0,0,0,0,0,0,0,0,0,0,0,0,0,0,0,0,0,0,0,0,0.000315756236185665,0,0,0,0,0,0,0,0,0,0,0,0,0,0,0,0,0,0,0,0,0,0,0,0,0,0,0,0,0,0,0,0,0,0,0,0,0,0,0,0,0,0,0,0,0,0,0,0.000157878118092832,0,0,0,0,0,0,0,0,0,0,0,0,0,0,0,0,0,0,0,0,0,0,0,0,0,0,0,0,0,0,0,0,0,0,0,0,0,0,0,0.000157878118092832,0,0,0,0,0,0,0,0,0,0,0,0,0,0,0,0,0,0,0,0,0,0,0,0,0,0,0,0,0.00126302494474266,0,0,0,0,0,0,0,0,0,0,0,0,0,0,0,0,0,0,0,0,0,0,0,0,0,0,0,0,0,0,0,0,0,0,0,0,0,0,0,0,0,0,0,0,0,0,0,0,0.000157878118092832,0,0,0,0,0,0,0,0,0,0,0,0,0,0,0,0,0,0,0,0,0,0,0,0,0,0,0,0,0,0
"P11862",0,0,0,0,0,0,0,0,0,0,0,0,0,0,0,0,0,0,0,0,0,0,0,0,0,0,0,0,0,0,0,0,0,0,0,0,0,0,0,0,0,0,0,0,0,0,0,0,0,0,0,0,0,0,0,0,0,0,0,0,0,0,0,0,0,0,0.000789390590464162,0,0,0,0,0,0,0,0,0,0,0,0,0,0,0,0,0,0,0,0,0,0,0,0,0,0,0,0,0,0,0,0,0,0,0,0,0,0,0,0,0,0,0,0.000157878118092832,0.00142090306283549,0,0,0,0,0,0,0.000315756236185665,0,0,0,0,0,0,0.000157878118092832,0,0,0,0,0,0,0.00189453741711399,0,0,0,0,0,0,0,0,0,0,0.000157878118092832,0,0,0,0,0.000157878118092832,0,0,0,0,0,0,0,0,0,0,0,0,0,0,0,0,0,0,0,0,0,0,0,0,0.000947268708556994,0,0,0.000157878118092832,0,0,0,0,0,0,0,0,0,0,0.000315756236185665,0,0,0,0,0,0,0,0,0.000157878118092832,0,0,0,0,0,0,0,0,0,0,0,0,0,0,0,0,0,0,0,0,0,0,0,0,0,0,0,0,0,0,0,0,0,0,0,0,0,0,0,0,0,0,0,0,0,0,0,0,0,0,0,0,0,0,0,0,0,0,0,0,0,0,0,0
"P11953",0,0,0,0,0,0,0,0,0,0,0,0,0,0,0,0,0,0,0,0,0,0,0,0,0,0,0,0,0,0,0,0,0,0,0,0,0,0,0,0,0,0,0,0,0,0,0,0,0,0,0,0,0,0,0,0,0,0,0,0,0,0,0,0,0,0,0,0,0,0,0,0,0,0,0,0,0,0,0,0,0,0,0,0,0,0.000157878118092832,0,0,0,0,0,0,0,0,0,0,0,0,0,0,0,0,0,0,0,0,0,0,0,0,0,0,0,0,0,0,0,0,0,0,0.000157878118092832,0,0,0,0,0,0,0,0,0,0,0,0,0,0,0,0,0,0,0,0,0,0,0,0,0,0,0,0,0,0,0,0,0,0,0,0,0,0,0,0,0,0,0,0,0,0,0,0,0,0,0,0,0,0,0,0,0,0,0,0,0,0,0,0,0,0,0,0,0,0,0,0,0,0,0,0,0,0,0,0,0,0,0,0,0,0.000157878118092832,0,0,0,0,0,0,0,0,0,0,0,0,0,0,0,0,0,0,0,0,0,0,0,0,0,0,0,0,0,0,0,0,0,0,0,0,0,0,0,0,0,0,0,0,0,0,0,0,0,0,0,0,0,0
"P11985",0,0,0,0,0,0,0,0,0,0,0,0,0,0,0,0,0,0,0,0,0,0,0,0,0,0,0,0,0,0,0,0,0,0,0,0,0,0,0,0,0,0,0,0,0,0,0,0,0,0,0,0,0,0,0,0,0,0,0,0,0,0,0,0,0,0,0,0,0,0,0,0,0,0,0,0,0,0,0,0,0,0,0,0,0,0,0,0,0,0,0,0,0,0,0,0,0,0,0,0,0,0,0,0,0,0,0,0,0,0,0,0,0,0,0,0,0,0,0,0,0,0,0,0,0,0,0,0,0,0,0,0,0,0,0,0,0,0,0,0,0,0,0,0,0,0,0,0,0,0,0,0,0,0,0,0,0,0,0,0,0,0,0,0,0,0,0,0,0,0,0,0,0,0,0,0,0,0,0,0,0,0,0,0,0,0,0,0,0,0,0,0,0,0,0,0,0.000315756236185665,0,0,0,0,0,0,0,0,0,0,0,0,0,0,0,0.000473634354278497,0,0,0,0,0,0,0,0,0,0,0,0,0,0,0,0,0,0,0,0,0,0,0,0,0,0,0,0,0,0,0,0,0,0,0,0,0,0,0,0,0,0,0,0,0,0,0,0
"P12025",0,0,0,0,0,0.00126302494474266,0,0,0.000631512472371329,0,0,0,0,0,0,0,0,0,0,0,0,0,0,0.000789390590464162,0,0,0,0,0,0,0,0,0,0,0,0,0,0,0,0,0,0,0,0,0,0,0,0,0,0,0,0,0,0,0,0,0,0,0,0,0,0,0,0,0,0.00205241553520682,0,0,0,0,0,0,0,0,0,0,0,0,0,0,0,0,0,0,0,0,0,0,0,0,0,0,0,0,0,0,0,0,0,0,0,0,0,0,0,0,0,0,0,0,0,0,0,0,0.00126302494474266,0.000315756236185665,0,0,0,0,0,0,0,0,0,0,0,0,0,0,0,0,0,0,0,0,0,0,0,0,0,0,0,0,0,0,0,0,0,0,0,0,0,0,0,0,0,0,0,0,0,0,0,0,0,0,0,0,0,0.000157878118092832,0.000947268708556994,0,0,0,0.000947268708556994,0,0,0,0,0,0,0,0,0,0,0,0,0,0,0,0,0,0,0,0,0,0,0,0,0,0,0,0,0,0,0,0,0,0.000315756236185665,0,0,0,0,0,0,0,0,0,0.00205241553520682,0,0,0,0,0,0,0,0,0,0,0,0,0,0,0,0,0,0,0,0,0,0,0,0,0,0,0,0,0,0,0,0,0,0,0,0,0,0,0,0,0,0
"P12179",0,0,0,0,0,0,0,0,0,0,0,0,0,0,0,0,0,0,0,0,0,0,0,0,0,0,0,0,0,0,0,0,0,0,0,0,0,0,0,0,0,0,0,0,0,0,0,0,0,0,0,0,0,0,0,0,0,0,0,0,0,0,0,0,0,0,0.000157878118092832,0,0,0,0,0,0,0,0,0,0,0,0,0,0,0,0,0,0,0,0,0,0,0,0,0,0,0,0,0,0,0,0,0,0,0,0,0,0,0,0,0,0,0,0,0,0,0,0,0,0,0,0,0,0,0,0,0,0,0,0,0,0,0,0,0,0,0,0,0,0,0,0,0,0,0,0,0,0,0,0,0,0,0,0,0,0,0,0,0,0,0,0,0,0,0,0,0,0,0,0,0,0,0,0,0,0,0,0,0,0,0,0,0,0,0,0,0,0,0,0,0,0,0,0,0,0,0,0,0,0,0,0,0,0,0,0,0,0,0,0,0,0,0,0.000157878118092832,0,0,0,0,0,0,0,0,0,0,0,0,0,0,0,0,0,0,0,0,0,0,0,0,0,0,0,0,0,0,0,0,0,0,0,0,0,0,0,0,0,0,0,0,0,0,0,0,0,0
"P12197",0,0,0,0,0,0,0,0,0,0,0,0,0,0,0,0,0,0,0,0,0,0,0,0,0,0,0,0,0,0,0,0,0,0,0,0,0,0,0,0,0,0,0,0,0,0,0,0,0,0,0,0,0,0,0,0,0,0,0,0,0,0,0,0,0,0,0.00110514682664983,0,0,0,0,0,0,0,0,0,0,0,0,0,0,0,0,0,0,0,0,0,0,0,0,0,0,0,0,0,0,0,0,0,0,0,0,0,0,0,0,0,0,0,0,0,0,0,0,0,0,0,0,0,0,0,0,0,0,0,0,0,0,0,0,0,0,0,0,0,0,0,0,0,0,0,0,0,0,0,0,0,0,0,0,0,0,0,0,0,0,0,0,0,0,0,0,0,0,0,0,0,0,0,0,0,0,0,0,0,0,0,0,0,0,0,0,0,0,0,0,0,0,0,0,0,0,0,0,0,0,0,0,0,0,0,0,0,0,0,0,0,0,0.000157878118092832,0,0,0,0,0,0,0,0,0,0,0,0,0,0,0,0,0,0.000789390590464162,0,0,0,0,0,0,0.00315756236185665,0,0,0,0,0,0,0,0,0,0,0,0,0,0,0,0,0,0,0,0,0,0,0,0,0,0
"P12464",0,0,0,0,0,0,0,0,0,0,0,0,0,0,0,0,0,0,0,0,0,0.000157878118092832,0,0,0,0,0,0,0,0,0,0,0,0,0,0,0,0,0,0,0,0,0,0,0,0,0,0,0,0,0,0,0,0,0,0,0,0,0,0,0,0,0,0,0,0,0,0,0,0,0,0,0,0,0,0,0,0,0,0,0,0,0,0,0,0,0,0,0,0,0.000157878118092832,0,0,0,0,0,0,0,0,0,0,0,0,0,0,0,0,0,0,0,0,0,0,0,0,0,0,0,0,0,0,0,0,0,0,0,0,0,0,0,0,0,0,0,0,0,0,0,0,0,0,0,0,0,0,0,0,0,0,0,0,0,0,0,0,0,0,0,0,0,0,0,0,0,0,0,0,0,0,0,0,0,0,0,0,0,0,0,0,0,0,0,0,0,0,0,0,0,0,0,0,0,0,0,0,0,0,0,0,0,0,0,0,0,0,0,0,0,0,0,0,0,0,0,0,0,0,0,0,0,0,0,0,0,0,0,0,0,0,0,0,0,0,0,0,0,0,0,0,0,0,0,0,0,0,0,0,0,0,0,0,0,0,0,0,0,0,0,0,0,0
"P12498",0,0,0,0,0,0,0,0,0,0,0,0,0,0,0,0,0,0,0,0,0,0,0,0,0,0,0,0,0,0,0,0,0,0,0,0,0,0,0,0,0,0,0,0,0,0,0,0,0,0,0,0,0,0,0,0,0,0,0,0,0,0,0,0,0,0,0,0,0,0,0,0,0,0,0,0,0,0,0,0,0,0,0,0,0,0,0,0,0,0,0,0,0,0,0,0,0,0,0,0,0,0,0,0,0,0,0,0,0,0,0,0,0,0,0,0,0,0,0,0,0,0,0,0,0,0,0,0,0,0,0,0,0,0,0,0,0,0,0,0,0,0,0,0,0,0,0,0,0,0,0,0,0,0,0,0,0,0,0,0,0,0,0,0,0,0,0,0,0,0,0,0,0,0,0,0,0,0,0,0,0,0,0,0,0,0.000947268708556994,0,0,0,0,0,0,0,0,0,0,0,0,0.000157878118092832,0,0,0,0,0,0,0,0,0,0,0,0.00157878118092832,0,0,0,0,0,0,0,0,0,0,0,0,0,0,0,0,0,0,0,0,0,0,0,0,0,0,0,0,0,0,0,0.000789390590464162,0,0,0,0,0,0,0,0,0,0,0,0,0,0,0,0,0,0
"P12515",0,0,0,0,0,0,0,0,0,0,0,0,0,0,0,0,0,0,0,0,0,0,0,0,0,0,0,0,0,0,0,0,0,0,0,0,0,0,0,0,0,0,0,0,0,0,0,0,0,0,0,0,0,0,0,0,0,0,0,0,0,0,0,0,0,0,0,0,0,0,0,0,0,0,0,0,0,0,0,0,0,0,0,0,0,0,0,0,0,0,0,0,0,0,0,0,0,0,0,0,0,0,0,0,0,0,0,0,0,0,0,0,0,0,0,0,0,0,0,0,0,0,0,0,0,0,0,0,0,0,0,0,0,0,0,0,0,0,0,0,0,0,0,0,0,0,0,0,0,0,0,0,0,0,0,0,0,0,0,0,0,0,0,0,0,0,0,0,0,0,0,0,0,0,0,0,0,0,0,0,0,0,0,0,0,0,0,0,0,0,0,0,0,0,0,0,0,0,0,0,0,0,0,0,0,0,0,0,0,0,0,0,0,0,0,0,0,0,0,0,0,0,0,0,0.000157878118092832,0,0,0,0,0,0,0,0,0,0,0,0,0,0,0,0,0,0,0,0,0,0,0,0,0,0,0,0,0,0,0,0,0,0,0,0
"P12820",0,0,0,0,0,0,0,0,0,0,0,0,0,0,0,0,0,0,0,0,0,0,0,0,0,0,0,0,0,0,0,0,0,0,0,0,0,0,0,0,0,0,0,0,0,0,0,0,0,0,0,0,0,0,0,0,0,0,0,0,0,0,0,0,0,0,0,0,0,0,0,0,0,0,0,0,0,0,0,0,0,0,0,0,0,0,0,0,0,0,0,0,0,0,0,0,0,0,0,0,0,0,0,0,0,0,0,0,0,0,0,0,0,0,0,0,0,0,0,0,0,0,0,0,0,0,0,0,0,0,0,0,0,0,0,0,0,0,0,0,0,0,0,0,0,0,0,0,0,0,0,0,0,0,0,0,0.000157878118092832,0,0,0,0,0,0,0,0,0.000157878118092832,0,0,0,0,0,0,0,0,0,0,0,0,0,0,0,0,0,0,0,0,0.00157878118092832,0,0,0,0,0,0,0,0,0,0,0,0.000315756236185665,0,0,0,0,0,0,0,0,0,0,0,0,0,0,0,0,0,0,0,0,0,0,0,0,0,0,0,0,0,0,0,0,0,0,0,0,0,0,0,0,0,0,0,0,0,0,0,0,0,0,0,0,0,0,0,0,0,0,0,0,0,0
"P12976",0,0,0,0,0,0,0,0,0,0,0,0,0,0,0,0,0,0,0,0,0,0,0,0,0,0,0,0,0,0,0,0,0,0,0,0,0,0,0,0,0,0,0,0,0,0,0,0,0,0,0,0,0,0,0,0,0,0,0,0,0,0,0,0,0,0,0,0,0,0,0,0,0,0,0,0,0,0,0,0,0,0,0,0,0,0.000157878118092832,0,0,0,0,0,0,0,0,0,0,0,0,0,0,0,0,0,0,0,0,0,0,0,0,0,0,0,0,0,0,0,0,0.000157878118092832,0,0,0,0,0,0,0,0,0,0,0,0,0,0,0,0,0,0,0,0,0,0,0,0,0,0,0,0,0,0,0,0,0,0,0,0,0,0.000315756236185665,0,0,0,0,0,0,0,0,0,0,0,0,0,0,0,0,0,0,0.000157878118092832,0,0,0,0,0,0,0,0,0,0,0,0,0,0,0,0,0,0,0,0,0,0,0,0,0,0,0,0,0,0,0,0,0,0,0,0,0,0,0,0,0,0,0,0,0,0,0,0,0,0,0,0,0,0,0,0,0,0,0,0,0,0,0,0,0,0,0,0,0,0,0,0,0,0,0,0,0,0,0,0,0,0,0,0,0
"P13486",0,0,0,0,0,0,0,0,0,0,0,0,0,0,0,0,0,0,0,0,0,0,0,0,0,0,0,0,0,0,0,0,0,0,0,0,0,0,0,0,0,0,0,0,0,0,0,0,0,0,0,0,0,0,0,0,0,0,0,0,0,0,0,0,0,0,0,0,0,0.0966214082728134,0,0.00852541837701295,0,0,0,0.000789390590464162,0,0,0,0,0,0,0,0,0,0,0,0,0,0,0,0,0,0,0,0,0,0,0,0,0,0,0,0,0,0,0,0,0,0,0,0,0,0,0,0,0,0,0,0,0,0,0,0,0,0,0,0,0,0,0,0,0,0,0,0,0,0,0,0,0,0,0,0,0,0,0,0,0,0,0,0,0,0,0,0,0,0,0,0,0,0,0,0,0,0,0,0,0,0,0,0,0,0,0,0,0,0,0,0,0,0,0,0,0,0,0,0,0,0,0,0,0,0,0,0,0,0,0,0,0,0,0,0,0,0,0,0,0,0,0,0,0,0,0,0,0,0,0,0,0,0,0,0,0,0,0,0,0,0,0,0,0,0,0.000631512472371329,0,0,0,0,0,0,0,0.000473634354278497,0,0,0,0,0,0,0,0,0,0,0,0,0,0,0,0,0,0
"P13494",0,0,0,0,0,0,0,0,0,0,0,0,0,0,0,0,0.000157878118092832,0,0,0,0,0,0,0,0,0,0,0,0,0,0,0,0,0,0,0,0,0,0,0,0,0,0,0,0,0,0,0,0,0,0,0,0,0,0,0,0,0,0,0,0,0,0,0,0,0,0,0,0,0,0,0,0,0,0,0,0,0,0,0,0,0,0,0,0,0,0,0,0,0,0,0,0,0,0,0,0,0,0,0,0,0,0,0,0,0,0,0,0,0,0,0,0,0,0,0,0,0,0,0,0,0,0,0,0,0,0,0,0,0,0,0,0,0,0,0,0,0,0,0,0,0,0,0,0,0,0,0,0,0,0,0,0,0,0,0,0,0,0,0,0,0,0,0,0,0,0,0,0,0,0,0,0,0,0,0,0,0,0,0,0,0,0,0,0,0,0,0,0,0,0,0,0,0,0,0,0,0,0,0,0,0,0,0,0,0,0.000157878118092832,0,0,0,0,0,0,0,0,0,0,0,0,0,0,0,0,0,0,0,0,0,0,0,0,0,0,0,0,0,0.000157878118092832,0,0,0,0,0,0,0,0,0,0,0,0,0,0,0,0,0,0,0,0,0,0,0,0
"P13505",0,0,0,0,0,0,0,0,0,0,0,0,0,0,0,0,0,0,0,0,0,0,0,0,0,0,0,0,0,0,0,0,0,0,0,0,0,0,0,0,0,0,0,0,0,0,0,0,0,0,0,0,0,0,0,0,0,0,0,0,0,0,0,0,0,0,0,0,0,0,0,0,0,0,0,0,0,0,0,0,0,0,0,0,0,0,0,0,0,0,0,0,0,0,0,0,0,0,0,0,0,0,0,0,0,0,0,0,0,0,0,0,0,0,0,0,0,0,0,0,0,0,0,0,0,0,0,0,0,0,0,0,0,0,0,0,0,0,0,0,0,0,0,0,0,0,0,0,0,0,0,0,0,0,0,0,0,0,0,0,0,0,0,0,0,0,0,0,0,0,0,0,0,0,0,0,0,0,0,0,0,0,0,0,0,0,0,0,0,0,0,0,0,0,0,0,0,0,0,0,0,0,0,0,0,0,0,0,0,0,0,0,0,0,0,0,0,0,0,0,0,0,0,0,0,0,0,0,0,0,0,0,0.000473634354278497,0,0,0,0,0.000157878118092832,0,0,0,0,0,0,0,0,0,0,0,0,0,0,0,0,0,0,0,0,0,0,0
"P13668",0,0,0,0,0,0,0,0,0,0,0,0,0,0,0,0,0,0,0,0,0,0,0,0,0,0,0,0,0,0,0,0,0,0,0,0,0,0,0,0,0,0,0,0,0,0,0,0,0,0,0,0,0,0,0,0,0,0,0,0,0,0,0,0,0,0,0,0,0,0,0.00126302494474266,0,0,0,0,0,0,0,0,0,0,0,0,0,0,0,0,0,0,0,0,0,0,0,0,0,0,0,0,0,0,0,0,0,0,0,0,0,0,0,0,0,0,0,0,0,0,0,0,0,0,0,0,0,0,0,0,0,0,0,0,0,0,0,0,0,0,0,0,0,0,0,0,0,0,0,0,0,0,0,0,0,0,0,0,0,0,0,0,0,0,0,0,0,0,0,0,0,0,0,0,0,0,0,0,0,0,0,0,0,0,0,0,0,0,0,0,0,0,0,0,0,0,0,0,0,0,0,0,0,0,0,0,0,0,0,0,0,0,0,0,0,0,0,0,0,0,0,0,0,0,0,0,0,0,0,0,0,0,0,0,0,0,0,0,0,0,0,0,0,0,0,0,0,0,0,0,0,0,0,0,0,0,0,0,0,0,0,0,0,0
"P13741",0,0,0,0,0,0,0,0,0,0,0,0,0,0,0,0,0,0,0,0,0,0.000315756236185665,0,0,0,0,0,0,0,0,0,0,0,0,0,0,0,0,0,0,0,0,0,0,0,0,0,0,0,0,0,0,0,0,0,0,0,0,0,0,0,0,0,0,0,0,0,0,0,0,0.000473634354278497,0,0,0,0,0,0,0,0,0,0,0,0,0,0,0,0,0,0,0,0,0,0,0,0,0,0,0,0,0,0,0,0.000315756236185665,0,0,0,0,0,0,0,0,0,0,0,0,0,0,0,0,0,0,0,0,0,0,0,0,0,0,0,0,0,0,0,0,0.000157878118092832,0,0,0,0,0,0,0,0,0,0,0,0,0,0,0,0,0,0,0,0,0,0,0,0,0,0,0,0,0,0,0,0,0,0,0,0,0,0,0,0,0,0,0,0,0,0,0,0,0,0,0,0,0,0,0,0,0,0,0,0,0,0,0,0,0,0,0,0,0,0,0,0,0,0,0,0,0,0,0,0,0,0,0,0,0,0,0,0,0,0,0,0,0,0,0,0,0,0,0,0,0,0,0,0,0,0,0,0,0,0,0,0,0,0.00205241553520682,0,0,0,0,0,0,0,0,0.000157878118092832,0,0
"P13876",0,0,0,0,0,0,0,0,0,0,0,0,0,0,0,0,0,0,0,0,0,0,0,0,0,0,0,0,0,0,0,0,0,0,0,0,0,0,0,0,0,0,0,0,0,0,0,0,0,0,0,0,0,0,0,0,0,0,0,0,0,0,0,0,0,0,0,0,0,0,0,0.00299968424376381,0,0,0,0,0,0,0,0,0,0,0,0,0,0,0,0,0,0,0,0,0,0,0,0,0,0,0,0,0,0,0,0,0,0,0,0,0,0,0,0,0,0,0,0,0,0.000157878118092832,0,0,0,0,0,0,0,0,0,0,0.000789390590464162,0,0,0,0,0,0,0,0,0,0,0,0,0,0,0,0,0,0,0,0,0,0,0,0,0,0,0,0,0,0,0,0,0,0,0,0,0,0,0,0,0,0,0,0,0,0,0,0,0,0,0,0,0,0,0,0,0,0,0,0,0,0,0,0,0,0.000473634354278497,0,0,0,0,0,0,0,0,0,0,0,0,0,0,0,0,0,0,0,0,0,0,0,0,0,0,0,0,0,0,0,0,0,0,0,0,0,0,0,0,0,0,0,0,0,0,0,0,0,0,0,0,0,0,0,0,0,0,0,0,0,0,0,0,0,0
"P13877",0,0,0,0,0,0,0,0,0,0,0,0,0,0,0,0,0,0,0,0,0,0,0,0,0,0,0,0,0,0,0,0,0,0,0,0,0,0,0,0,0,0,0,0,0,0,0,0,0,0,0,0,0,0,0,0,0,0,0,0,0,0,0,0,0,0,0,0,0,0,0,0.00994632143984844,0,0,0,0,0,0,0,0,0,0,0,0,0,0,0,0,0,0,0,0,0,0,0,0,0,0,0,0,0,0,0,0,0,0,0,0,0.000315756236185665,0,0,0,0,0,0,0,0,0.000789390590464162,0,0,0,0,0,0,0,0,0,0,0.000789390590464162,0,0,0,0,0,0,0,0,0,0,0,0,0,0,0,0,0,0,0,0,0,0,0,0,0,0,0,0,0,0,0,0,0,0,0,0,0,0,0,0,0,0,0,0,0,0,0,0,0,0,0.000157878118092832,0,0,0,0,0,0,0,0,0,0,0,0,0,0,0.00205241553520682,0,0.000157878118092832,0,0,0,0,0,0,0,0,0,0,0,0,0,0,0,0,0,0,0,0,0,0,0,0,0,0,0,0,0,0,0,0,0,0,0,0,0,0,0,0,0,0,0,0,0,0,0,0,0,0,0,0,0,0,0,0,0,0,0,0,0.000157878118092832,0,0,0
"P13878",0,0,0,0,0,0,0,0,0,0,0,0,0,0,0,0,0,0,0,0,0,0,0,0,0,0,0,0,0,0,0,0,0,0,0,0,0,0,0,0,0,0,0,0,0,0,0,0,0,0,0,0,0,0,0,0,0,0,0,0,0,0,0,0,0,0,0,0,0,0,0,0.000947268708556994,0,0,0,0,0,0,0,0,0,0,0,0,0,0,0,0,0,0,0,0,0,0,0,0,0,0,0,0,0,0,0,0,0,0,0,0,0,0,0,0,0,0,0,0,0,0,0,0,0,0,0,0,0,0,0,0,0.000315756236185665,0,0,0,0,0,0,0,0,0,0,0,0,0,0,0,0,0,0,0,0,0,0,0,0,0,0,0,0,0,0,0,0,0,0,0,0,0,0,0,0,0,0,0,0,0,0,0,0,0,0,0,0,0,0,0,0,0,0,0,0,0,0,0,0,0,0.000157878118092832,0,0,0,0,0,0,0,0,0,0,0,0,0,0,0,0,0,0,0,0,0,0,0,0,0,0,0,0,0,0,0,0,0,0,0,0,0,0,0,0,0,0,0,0,0,0,0,0,0,0,0,0,0,0,0,0,0,0,0,0,0,0,0.000789390590464162,0,0,0
"P13929",0,0,0,0,0,0,0,0,0,0,0,0,0,0,0,0,0,0,0,0,0,0,0,0,0,0,0,0,0,0,0,0,0,0,0,0,0,0,0,0,0,0,0,0,0,0,0,0,0,0,0,0,0,0,0,0,0,0,0,0,0,0,0,0,0,0,0,0,0,0,0,0.000315756236185665,0,0,0,0,0,0,0,0,0,0,0,0,0,0,0,0,0,0,0,0,0,0,0,0,0,0,0,0,0,0,0,0,0,0,0,0,0,0,0,0,0,0,0,0,0,0,0,0,0,0,0,0,0,0,0,0,0,0,0,0,0,0,0,0,0,0,0,0,0,0,0,0,0,0,0,0,0,0,0,0,0,0,0,0,0,0,0,0,0,0,0,0,0,0,0,0,0,0,0,0,0,0,0,0,0,0,0,0,0,0,0,0,0,0,0,0,0,0,0,0,0,0,0,0,0,0,0,0,0,0,0,0,0,0,0,0,0,0,0,0,0,0,0,0,0,0,0,0,0,0,0,0,0,0,0,0,0,0,0,0,0,0,0,0,0,0,0,0,0,0,0,0,0,0,0,0,0,0,0,0,0,0,0,0,0,0,0,0,0
"P13961",0,0,0,0,0,0,0,0,0,0,0,0,0,0,0,0,0,0,0,0,0,0,0,0,0,0,0,0,0,0,0,0,0,0,0,0,0,0,0,0,0,0,0,0,0,0,0,0,0,0,0,0,0,0,0,0,0,0,0,0,0,0,0,0,0,0,0,0,0,0,0,0,0,0,0,0,0,0,0,0,0,0,0,0,0,0,0,0,0,0,0,0,0,0,0,0,0,0,0,0,0,0,0,0,0,0,0,0,0,0,0,0,0,0,0,0,0,0.000157878118092832,0,0.000157878118092832,0,0,0,0,0,0,0,0,0,0,0,0,0,0,0,0,0,0,0,0,0,0,0,0,0,0,0,0,0,0,0,0,0,0,0,0,0,0,0,0,0,0,0,0,0,0,0,0,0,0,0,0,0,0,0,0,0,0,0,0,0,0,0,0,0,0,0,0,0,0,0,0,0,0,0,0,0,0,0,0,0,0,0,0,0,0,0,0,0,0,0,0,0,0,0,0,0,0,0,0,0,0,0,0,0,0,0,0,0,0,0,0,0,0,0,0,0,0,0,0,0,0,0,0,0,0,0,0,0,0,0,0,0,0,0,0,0,0,0,0,0
"P14010",0,0,0,0,0,0,0,0,0,0,0,0,0,0,0,0,0,0,0,0,0,0,0,0,0,0,0,0,0,0,0,0,0,0,0,0,0,0,0,0,0,0,0,0,0,0,0,0,0,0,0,0,0,0,0,0,0,0,0,0,0,0,0,0,0,0,0,0,0,0,0,0,0,0,0,0,0,0,0,0,0,0,0,0,0,0,0,0,0,0,0,0,0,0,0,0,0,0,0,0,0,0,0,0,0,0,0,0,0,0,0,0,0,0,0,0,0,0,0.000315756236185665,0,0,0,0,0,0,0,0.000157878118092832,0,0,0,0,0,0,0,0,0,0,0,0,0,0,0,0,0,0,0,0,0,0,0,0,0,0,0,0,0,0,0,0,0,0,0,0,0,0,0,0,0,0,0,0,0,0,0,0,0,0.000157878118092832,0,0,0,0,0,0,0,0,0,0,0,0,0,0,0,0,0,0,0,0,0,0,0,0,0,0,0,0,0,0,0,0,0,0,0,0,0,0,0,0,0,0,0,0,0,0,0,0,0,0,0,0,0,0,0,0,0,0,0,0,0,0,0,0,0,0,0.000157878118092832,0,0,0,0,0,0,0,0,0,0,0,0,0,0,0,0,0
"P14110",0,0,0,0,0,0,0,0,0,0,0,0,0,0,0,0,0,0,0,0,0,0,0,0,0,0,0,0,0,0,0,0,0,0,0,0,0,0,0,0,0,0,0,0,0,0,0,0,0,0,0,0,0,0,0,0,0,0,0,0,0,0,0,0,0,0,0,0,0,0,0,0,0.00836754025892011,0,0,0,0,0,0,0,0,0,0,0,0,0,0,0,0,0.000157878118092832,0,0,0,0,0,0,0,0,0,0,0,0,0,0,0,0,0,0,0,0,0,0,0,0,0,0,0,0,0,0,0,0,0,0,0,0,0,0,0,0,0,0,0,0,0,0,0,0,0,0,0,0,0,0,0,0,0,0,0,0,0,0,0,0,0,0,0,0,0,0,0,0,0,0,0,0,0,0,0,0,0,0,0,0,0,0,0,0,0,0,0,0,0,0,0,0,0,0,0,0,0,0,0,0,0,0,0,0,0,0,0,0,0,0,0,0,0,0,0,0,0,0,0,0,0,0,0,0,0,0,0,0,0,0,0,0,0,0,0,0,0,0.000473634354278497,0,0,0,0,0,0,0,0,0,0,0,0,0,0,0,0,0,0,0,0,0,0,0,0,0,0,0,0,0
"P14159",0,0,0,0,0,0,0,0,0,0,0,0,0,0,0,0,0,0,0,0,0,0,0,0,0,0,0,0,0,0,0,0,0,0,0,0,0,0,0,0,0,0,0,0,0,0,0,0,0,0,0,0,0,0,0,0,0,0,0,0,0,0,0,0,0,0,0,0,0,0,0,0,0,0,0,0,0,0,0,0,0,0,0,0,0,0,0,0,0,0,0,0,0,0,0,0,0,0,0,0,0,0,0,0,0,0,0,0,0,0,0,0,0,0,0,0,0,0,0,0,0,0,0,0,0,0,0,0,0,0,0,0,0,0,0,0,0,0,0,0,0,0,0,0,0,0,0,0,0,0,0,0,0,0,0,0,0,0,0,0,0,0,0,0,0,0.000157878118092832,0,0,0,0,0,0,0,0,0,0,0,0,0,0,0,0,0,0,0,0,0,0,0,0,0,0,0,0,0,0,0,0,0,0,0,0,0,0,0,0,0,0,0,0,0,0,0,0,0,0,0,0,0,0,0,0,0,0,0,0,0,0,0,0,0,0,0,0,0,0,0,0,0,0,0.000157878118092832,0,0,0,0,0,0,0,0,0,0,0,0,0,0,0,0,0,0,0,0
"P14502",0,0,0,0,0,0,0,0,0,0,0,0,0,0,0,0,0,0,0,0,0,0,0,0,0,0,0,0,0,0,0,0,0,0,0,0,0,0,0,0,0,0,0,0,0,0,0,0,0,0,0,0,0,0,0,0,0,0,0,0,0,0,0,0,0,0,0,0,0,0,0,0,0,0,0,0,0,0,0,0,0,0,0,0,0,0,0,0,0,0,0,0,0,0,0,0,0,0,0,0,0,0,0,0,0,0,0,0,0,0,0,0,0,0,0,0,0,0,0,0,0,0,0,0,0,0,0,0,0,0,0,0,0,0,0,0,0,0,0,0,0,0,0,0,0,0,0,0,0,0,0,0,0,0,0,0,0,0,0,0,0,0,0,0,0,0,0,0,0,0,0,0,0,0,0,0,0,0,0,0,0,0,0,0,0,0,0,0,0,0,0,0,0,0,0,0,0,0,0,0,0,0,0,0.000157878118092832,0,0,0,0,0,0,0,0,0,0,0,0,0,0,0,0,0,0,0,0,0,0,0,0,0,0,0,0,0,0,0,0,0,0,0,0,0,0,0,0,0,0,0,0,0,0,0,0,0,0,0,0,0,0,0,0,0
"P14575",0,0,0,0.000631512472371329,0,0,0,0,0,0.000157878118092832,0,0,0,0,0,0,0,0,0,0,0,0,0,0,0,0,0,0,0,0,0,0,0,0,0,0,0,0,0,0,0,0,0,0,0,0,0,0,0,0,0,0,0,0,0,0,0,0,0,0,0,0,0,0,0,0,0,0,0,0,0,0,0,0,0.000473634354278497,0,0,0.000315756236185665,0,0,0,0,0.000315756236185665,0,0,0,0,0,0,0,0,0,0,0,0,0,0,0.000473634354278497,0,0,0,0,0,0.000315756236185665,0,0,0,0,0,0,0,0,0.00110514682664983,0.000473634354278497,0.000631512472371329,0,0,0.000157878118092832,0,0,0,0,0,0,0,0.000315756236185665,0,0,0,0,0,0,0,0,0,0,0,0,0,0,0,0,0,0,0,0,0,0,0,0,0,0,0,0,0,0.000631512472371329,0,0,0,0,0.000315756236185665,0,0,0,0.000157878118092832,0,0.000315756236185665,0,0,0,0,0,0,0,0,0,0,0,0,0,0,0,0,0.000157878118092832,0,0,0,0,0,0,0,0,0,0,0,0,0,0,0,0,0,0,0,0,0,0,0,0,0,0,0,0,0,0,0,0.000315756236185665,0,0,0,0,0,0,0,0,0,0,0,0,0,0,0,0,0,0,0,0,0,0,0,0,0,0,0,0,0,0,0,0,0,0,0,0,0.000157878118092832,0,0,0,0,0,0.000157878118092832,0,0
"P14680",0,0,0,0,0,0,0,0,0,0,0,0,0,0,0,0,0,0,0,0,0,0,0,0,0,0,0,0,0,0,0,0,0,0,0,0,0,0,0,0,0,0,0,0,0,0,0,0,0,0,0,0,0,0,0,0,0,0,0,0,0,0,0,0,0,0,0,0,0,0,0,0,0,0,0.000157878118092832,0,0,0,0,0,0,0,0,0,0,0,0,0,0,0,0,0,0,0,0,0,0,0,0,0,0,0,0,0,0,0,0,0,0,0,0,0,0,0,0,0,0,0,0,0,0,0,0,0,0,0,0,0,0,0,0,0,0,0,0,0,0,0,0,0,0,0,0,0,0,0,0,0,0,0,0,0,0,0,0,0,0,0,0,0,0,0,0,0,0,0,0,0,0,0,0,0,0,0,0,0,0,0,0,0,0,0,0,0,0,0,0,0,0,0,0,0,0,0,0,0,0,0,0,0,0,0,0,0,0,0,0,0,0,0,0,0,0,0,0,0,0,0,0,0,0,0,0,0,0,0,0,0,0,0,0,0,0,0,0,0,0,0,0,0,0,0,0,0,0,0,0,0,0,0,0,0,0,0,0,0,0,0,0,0,0
"P14854",0,0,0,0,0,0,0,0,0,0,0,0,0,0,0,0,0,0,0,0,0,0,0,0,0,0,0,0,0,0,0,0,0,0,0,0,0,0,0,0,0,0,0,0,0,0,0,0,0,0,0,0,0,0,0,0,0,0,0,0,0,0,0,0,0,0,0,0,0,0,0,0,0,0,0,0.00189453741711399,0,0,0,0,0,0,0,0,0,0,0,0,0,0,0,0,0,0,0,0,0,0,0,0,0,0,0,0,0,0,0,0,0,0,0,0,0,0,0,0,0,0,0,0,0,0,0,0,0,0,0,0,0,0,0,0,0,0,0,0,0,0,0,0,0,0,0,0,0,0,0,0,0,0,0,0,0,0,0,0,0,0,0,0,0,0,0,0,0,0,0,0,0,0,0,0,0,0,0,0,0,0,0,0,0,0,0,0,0,0,0,0,0,0,0,0,0,0,0,0,0,0,0,0,0,0,0,0,0,0,0,0,0,0,0,0,0,0,0,0,0,0,0,0,0,0,0,0,0,0,0,0,0,0,0,0,0,0,0,0,0,0,0,0,0,0,0,0,0,0,0,0,0,0,0,0,0,0,0,0,0,0,0,0,0
"P14857",0,0,0,0,0,0,0,0,0,0,0,0,0,0,0,0,0,0,0,0,0,0,0,0,0,0,0,0,0,0,0,0,0,0,0,0,0,0,0,0,0,0,0,0,0,0,0,0,0,0,0,0,0,0,0,0,0,0,0,0,0,0,0,0,0,0,0,0,0,0,0,0,0,0,0,0.000947268708556994,0,0,0,0,0,0,0,0,0,0,0,0,0,0,0,0,0,0,0,0,0,0,0,0,0,0,0,0,0,0,0,0,0,0,0,0,0,0,0,0,0,0,0,0,0,0,0,0,0,0,0,0,0,0,0,0,0,0,0,0,0,0,0,0,0,0,0,0,0,0,0,0,0,0,0,0,0,0,0,0,0,0,0,0,0,0,0,0,0,0,0,0,0,0,0,0,0,0,0,0,0,0,0,0,0,0,0,0,0,0,0,0,0,0,0,0,0,0,0,0,0,0,0,0,0,0,0,0,0,0,0,0,0,0,0,0,0,0,0,0,0,0,0,0,0,0,0,0,0,0,0,0,0,0,0,0,0,0,0,0,0,0,0,0,0,0,0,0,0,0,0,0,0,0,0,0,0,0,0,0,0,0,0,0,0
"P15102",0,0,0,0,0,0,0,0,0,0,0,0,0,0,0,0,0,0,0,0,0,0,0,0,0,0,0,0,0,0,0,0,0,0,0,0,0,0,0,0,0,0,0,0,0,0,0,0,0,0,0,0,0,0,0,0,0,0,0,0,0,0,0,0,0,0,0,0,0,0,0,0,0,0,0,0,0,0,0,0,0,0,0,0,0,0,0,0,0,0,0,0,0,0,0,0,0,0,0,0,0,0,0,0,0,0,0,0,0,0,0,0,0,0,0,0,0,0,0,0,0,0,0,0,0,0,0,0,0,0,0,0,0,0,0,0,0,0,0,0,0,0,0,0,0,0,0,0,0,0,0,0,0,0,0,0,0,0,0,0,0,0,0,0,0,0,0,0,0,0,0,0,0,0,0,0,0,0,0,0,0,0,0,0,0,0,0,0,0,0,0,0,0,0,0,0,0,0,0,0,0,0,0,0,0,0,0,0,0,0,0,0,0,0,0,0,0,0,0,0,0.000157878118092832,0.000157878118092832,0,0,0,0,0,0,0,0,0,0.000947268708556994,0.000473634354278497,0,0,0,0,0,0,0,0,0,0,0,0,0,0,0,0,0,0,0,0,0,0,0,0,0,0,0,0
"P15228",0,0,0,0,0,0,0,0,0,0,0,0,0,0,0,0,0,0,0,0,0,0,0,0,0,0,0,0,0,0,0,0,0,0,0,0,0,0,0,0,0,0,0,0,0,0,0,0,0,0,0,0,0,0,0,0,0,0,0,0,0,0,0,0,0,0,0,0,0,0,0,0,0,0,0,0,0,0.000631512472371329,0,0,0,0,0,0,0,0,0,0,0,0,0,0,0,0,0,0,0,0,0,0,0,0,0,0,0,0,0,0,0,0,0,0,0,0,0,0,0,0,0,0,0,0,0,0,0,0,0,0,0,0,0,0,0,0,0,0,0,0,0,0,0,0,0,0,0,0,0,0,0,0,0,0,0,0,0,0,0,0,0,0,0,0,0,0,0,0,0,0,0,0,0,0,0,0,0,0,0,0,0,0,0,0.000157878118092832,0,0,0,0,0,0,0,0,0,0,0,0,0,0,0,0,0,0,0,0,0,0,0,0,0,0,0,0,0,0,0,0,0,0,0,0,0,0,0,0,0,0,0,0,0,0,0,0,0,0,0,0,0,0,0,0,0,0,0,0,0,0,0,0,0,0,0,0,0,0,0,0,0,0,0,0,0,0,0
"P15296",0,0,0,0,0,0,0,0,0,0,0,0,0,0,0,0,0,0,0,0,0,0,0,0,0,0,0,0,0,0,0,0.000157878118092832,0,0,0,0,0,0,0,0,0,0,0,0,0,0,0,0,0,0,0,0,0,0,0,0,0,0,0,0,0,0,0,0,0,0,0,0,0,0,0,0,0,0,0,0,0,0.000157878118092832,0,0,0,0,0,0,0,0,0,0,0,0,0,0,0,0,0,0,0,0,0,0,0,0,0,0,0,0,0,0,0,0,0,0,0,0,0,0,0,0,0,0,0,0,0,0,0,0,0,0,0,0,0,0,0,0,0,0,0,0,0,0,0,0,0,0,0,0,0,0,0,0,0,0,0,0,0,0,0,0,0,0,0,0,0,0,0,0,0,0,0,0,0,0,0,0,0,0,0,0,0,0,0,0,0,0,0,0,0,0,0,0,0,0,0,0,0,0,0,0,0,0,0,0,0,0,0,0,0,0.000157878118092832,0,0,0,0,0,0,0,0,0,0,0,0,0,0,0,0,0,0,0,0,0,0,0,0,0,0,0,0,0,0,0,0,0,0,0,0,0,0,0,0,0,0,0,0,0,0,0,0,0,0,0,0,0
"P15297",0,0,0,0,0,0,0,0,0,0,0,0,0,0,0,0,0,0,0,0,0,0,0,0,0,0,0,0,0,0,0,0,0,0,0,0,0,0,0,0,0,0,0,0,0,0,0,0,0,0,0,0,0,0,0,0,0,0,0,0,0,0,0,0,0,0,0,0,0,0,0,0,0,0,0,0,0,0.000315756236185665,0,0,0,0,0,0,0,0,0,0,0,0,0,0,0,0,0,0,0,0,0,0,0,0,0,0,0,0,0,0,0,0,0,0,0,0,0,0,0,0,0,0,0,0,0,0,0,0,0,0,0,0,0,0,0,0,0,0,0,0,0,0,0,0,0,0,0,0,0,0,0,0,0,0,0,0,0,0,0,0,0,0,0,0,0,0,0,0,0,0,0,0,0,0,0,0,0,0,0,0,0,0,0,0,0,0,0,0,0,0,0,0,0,0,0,0,0,0,0,0,0,0,0,0,0,0,0,0,0,0,0,0,0,0,0,0,0,0,0,0,0,0,0,0,0,0,0,0,0,0,0,0,0,0,0,0,0,0,0,0,0,0,0,0,0,0,0,0,0,0,0,0,0,0,0,0,0,0,0,0,0,0,0
"P15449",0,0,0,0,0,0,0,0,0,0,0,0,0,0,0,0,0,0,0,0,0,0,0,0,0,0,0,0,0,0,0,0,0,0,0,0,0,0,0,0,0,0,0,0,0,0,0,0,0,0,0,0,0,0,0,0,0,0,0,0,0,0,0,0,0,0,0,0,0,0,0,0,0,0,0,0,0,0,0,0,0,0,0,0.000157878118092832,0,0,0,0,0,0,0,0,0,0,0,0,0,0,0,0,0,0,0,0,0,0,0,0,0,0,0,0,0,0,0.000157878118092832,0,0,0,0,0,0,0,0,0,0,0,0,0,0,0,0,0,0,0,0,0,0,0,0,0,0,0,0,0,0,0,0,0,0,0,0,0,0,0,0,0,0,0,0,0,0,0,0,0,0,0,0,0,0,0,0,0,0,0,0,0,0,0.000157878118092832,0,0,0,0,0,0,0,0,0,0,0,0,0,0,0,0,0,0,0,0,0,0,0,0,0,0,0,0,0,0,0,0,0,0,0,0,0,0,0,0,0,0,0,0,0,0,0,0,0,0,0,0,0,0,0,0,0,0,0,0,0,0,0,0,0,0,0,0,0,0,0,0,0,0,0,0,0,0,0,0,0,0,0
"P15474",0,0,0,0,0,0,0,0,0,0,0,0,0,0,0,0,0,0,0,0,0,0,0,0,0,0,0,0,0,0,0,0,0,0,0,0,0,0,0,0,0,0,0,0,0,0,0,0,0,0,0,0,0,0,0,0,0,0,0,0,0,0,0,0,0,0,0,0,0,0,0,0,0,0,0,0,0,0,0,0,0,0,0,0,0,0,0,0,0,0,0,0,0,0,0,0,0,0,0,0,0,0,0.000473634354278497,0,0,0,0,0,0,0,0,0,0,0,0.000157878118092832,0,0,0,0,0,0,0,0,0,0,0,0,0,0,0,0,0,0,0,0,0,0,0,0,0,0,0,0,0,0,0,0,0,0,0,0,0,0,0,0,0,0,0,0,0,0,0,0,0,0,0,0,0,0,0,0,0,0,0,0,0,0,0,0,0,0,0,0,0,0,0,0,0,0,0,0,0,0,0,0,0,0,0,0,0,0,0,0,0,0,0,0,0,0.00347331859804231,0,0,0,0,0,0,0,0,0,0,0,0,0,0,0,0,0,0,0,0,0,0.00126302494474266,0,0,0,0,0,0,0,0,0,0,0,0,0,0,0,0,0,0,0,0,0,0,0,0,0,0,0,0,0,0
"P15500",0,0,0.00126302494474266,0,0.000473634354278497,0.00868329649510578,0.00173665929902116,0.00284180612567098,0.00836754025892011,0,0,0,0.00252604988948532,0,0,0,0.00915693084938428,0,0.00647300284180613,0.00205241553520682,0.0135775181559836,0.000157878118092832,0,0,0,0,0.0101041995579413,0,0,0,0,0,0,0,0,0,0,0,0,0,0,0,0,0,0,0,0,0,0,0,0,0,0,0,0,0,0,0,0,0,0,0,0,0,0,0,0,0,0,0,0,0,0,0,0,0,0,0,0.0404167982317651,0,0,0,0,0,0,0,0.0899905273129144,0,0,0,0,0,0,0,0,0,0,0,0,0,0.02731291443006,0,0,0,0,0,0,0,0,0,0,0,0,0,0.000789390590464162,0,0,0,0,0,0,0,0,0.0211556678244395,0,0,0,0,0,0,0,0,0,0,0.00126302494474266,0,0.00252604988948532,0,0,0,0,0,0,0,0,0,0,0,0,0,0,0,0,0.000789390590464162,0,0,0,0.00189453741711399,0,0.00299968424376381,0.000315756236185665,0.000315756236185665,0,0.00647300284180613,0,0,0,0.00378907483422798,0,0.0590464161667193,0.00363119671613514,0.000315756236185665,0,0,0.00299968424376381,0.0161035680454689,0,0,0,0,0,0,0.00315756236185665,0.00142090306283549,0,0,0,0,0,0,0,0.00315756236185665,0.000631512472371329,0,0,0,0,0,0,0,0,0,0,0,0,0,0,0,0,0,0.00142090306283549,0,0,0.000473634354278497,0,0,0.000473634354278497,0.000315756236185665,0.000789390590464162,0.00347331859804231,0.00299968424376381,0,0,0,0,0,0,0,0.00410483107041364,0.00110514682664983,0.0415219450584149,0,0,0.0118408588569624,0,0,0,0.000473634354278497,0,0.000631512472371329,0.00805178402273445,0,0,0,0.000631512472371329,0,0,0,0,0,0,0,0,0,0,0,0.00205241553520682,0,0,0,0
"P15501",0,0,0,0,0,0.00252604988948532,0,0,0.00505209977897063,0,0,0,0,0,0,0,0.00505209977897063,0,0.00331544047994948,0,0.00442058730659931,0.000157878118092832,0,0.00205241553520682,0,0,0,0,0,0,0,0,0,0,0,0,0,0,0,0,0,0,0,0,0,0,0,0,0,0,0,0,0,0,0,0,0,0,0,0,0,0,0,0,0,0,0,0,0,0,0,0,0,0,0,0,0,0,0.0058414903694348,0,0,0,0,0,0,0,0,0,0,0,0,0,0,0,0,0,0,0,0,0,0,0,0,0,0,0,0,0,0,0.000157878118092832,0,0,0,0,0,0,0,0,0,0,0,0,0,0,0,0,0,0,0,0,0,0,0,0,0.000631512472371329,0,0,0,0,0,0,0,0,0,0,0,0,0,0,0,0,0,0.000631512472371329,0.00110514682664983,0,0,0,0,0.000157878118092832,0.00157878118092832,0,0.000157878118092832,0,0.00315756236185665,0,0,0,0.00347331859804231,0,0.000473634354278497,0.000631512472371329,0,0,0,0.00221029365329965,0.0048942216608778,0,0.00915693084938428,0.00173665929902116,0,0,0,0,0,0,0,0,0,0,0,0,0,0,0,0,0,0,0,0,0,0,0,0,0,0,0,0,0,0,0,0,0,0,0,0,0.000157878118092832,0,0,0,0,0,0,0,0,0,0,0,0,0,0,0,0,0,0,0,0,0,0,0,0.00315756236185665,0.00142090306283549,0,0,0,0,0,0,0,0,0,0,0,0,0,0.000157878118092832,0,0.00126302494474266,0,0,0,0
"P15504",0.000315756236185665,0,0,0,0,0.00205241553520682,0,0.000631512472371329,0,0,0,0,0,0,0,0,0,0,0.000157878118092832,0,0.00110514682664983,0,0,0,0,0,0,0,0,0,0,0,0,0,0,0,0,0,0,0,0,0,0,0,0,0,0,0,0,0,0,0,0,0,0,0,0,0,0,0,0,0,0,0,0,0,0,0,0,0,0,0,0,0,0,0,0,0,0.00284180612567098,0,0,0,0,0,0,0,0,0,0,0,0,0,0,0,0,0,0,0,0,0,0,0,0,0,0,0,0,0,0,0,0,0,0,0,0,0,0,0,0,0,0,0,0,0.000473634354278497,0,0,0,0,0,0,0,0,0,0,0,0,0,0,0,0,0,0,0,0,0,0,0,0,0,0,0.000157878118092832,0.000947268708556994,0,0,0,0,0,0.000947268708556994,0.000315756236185665,0,0,0,0,0.000473634354278497,0,0,0,0,0,0.000315756236185665,0,0,0,0,0,0.000157878118092832,0,0,0,0,0,0,0,0,0,0,0,0,0,0,0,0.00221029365329965,0,0,0,0,0,0,0,0,0,0,0,0,0,0,0.00126302494474266,0,0,0,0.00236817177139249,0,0,0,0.00110514682664983,0,0.000157878118092832,0,0,0,0,0,0.00789390590464162,0,0,0,0,0,0,0,0,0,0,0,0,0,0,0,0,0.000473634354278497,0.000157878118092832,0,0,0,0,0,0,0,0,0,0,0,0,0,0,0,0,0,0,0,0
"P15508",0,0,0,0,0,0,0,0,0,0,0,0,0,0,0,0,0,0,0.000157878118092832,0,0,0.000789390590464162,0,0,0,0,0,0,0,0,0,0,0,0,0,0,0,0,0,0,0,0,0,0,0,0,0,0,0,0,0,0,0,0,0,0,0,0,0,0,0,0,0,0,0,0,0,0,0,0,0,0,0,0,0,0,0,0,0,0,0,0,0,0,0,0,0,0,0,0,0,0,0,0,0,0,0,0,0,0,0,0,0,0,0,0,0,0,0,0,0,0,0,0,0,0,0,0,0,0,0,0,0,0,0,0,0,0,0,0,0,0,0,0,0,0,0,0,0,0,0,0,0,0,0,0,0,0,0,0,0,0,0,0,0,0,0,0,0,0,0,0,0,0,0,0,0,0,0,0,0,0,0,0,0,0,0.000157878118092832,0,0,0,0,0,0,0,0,0,0,0,0,0,0,0,0,0,0,0,0,0,0,0,0,0,0,0,0,0,0,0,0,0,0,0,0,0,0,0,0,0,0,0,0,0,0,0,0,0,0,0,0,0,0,0,0,0,0,0,0,0,0,0,0.000157878118092832,0,0,0,0,0,0,0,0,0,0,0,0,0,0,0,0,0,0,0,0
"P15511",0,0,0.0102620776760341,0,0,0,0,0,0.000157878118092832,0,0,0,0,0,0,0,0,0,0,0,0,0.0423113356488791,0,0,0,0,0.000315756236185665,0,0,0,0,0,0,0,0,0,0,0,0,0,0,0,0,0,0,0,0,0,0,0,0,0,0,0,0,0,0,0,0,0,0,0,0,0,0,0,0,0,0,0,0,0,0,0,0,0,0,0,0.00205241553520682,0,0,0,0,0,0,0,0,0,0.00157878118092832,0,0,0,0,0,0,0,0,0,0,0,0.00110514682664983,0,0,0,0,0,0,0,0,0,0,0,0,0,0,0,0,0,0,0,0,0,0,0,0,0,0,0,0,0,0,0,0,0,0,0,0,0,0,0,0,0,0,0,0,0,0,0,0,0,0,0,0,0,0,0,0,0,0,0,0,0,0,0.000157878118092832,0,0,0,0,0,0.000315756236185665,0,0,0,0,0,0,0,0,0.00110514682664983,0,0,0,0,0,0,0,0,0,0,0,0,0,0,0,0,0,0,0,0,0,0,0,0,0,0,0,0,0,0,0,0,0,0,0,0,0,0,0,0,0.000473634354278497,0,0,0,0,0,0,0,0,0,0,0.000789390590464162,0,0,0,0,0,0,0,0,0,0,0,0,0,0,0,0,0,0,0,0,0,0,0,0.000157878118092832,0,0.000789390590464162,0.000157878118092832,0,0,0
"P15517",0,0,0.000473634354278497,0,0,0,0,0,0.000157878118092832,0,0,0,0,0,0,0,0,0,0,0,0,0,0,0,0,0,0,0,0,0,0,0,0,0,0,0,0,0,0,0,0,0,0,0,0,0,0,0,0,0,0,0,0,0,0,0,0,0,0,0,0,0,0,0,0,0,0,0,0,0,0,0,0,0,0,0,0,0,0.000631512472371329,0,0,0,0,0,0,0,0,0,0,0,0,0,0,0,0,0,0,0,0,0,0.000157878118092832,0,0,0,0,0,0,0,0,0,0,0,0,0,0,0,0,0,0,0,0,0,0,0,0,0,0,0,0,0,0,0,0,0,0,0,0,0,0,0,0,0,0,0,0,0,0,0,0,0,0,0,0,0,0,0,0,0,0,0.000157878118092832,0,0,0,0.000315756236185665,0,0,0,0.000157878118092832,0,0,0,0.000315756236185665,0,0,0,0,0.00378907483422798,0,0,0,0,0,0,0,0,0,0,0,0,0,0,0,0,0,0,0,0,0,0,0,0,0,0,0,0,0,0,0,0,0,0,0,0,0,0,0,0,0,0,0,0,0,0,0,0,0,0,0,0,0,0,0,0,0.000315756236185665,0,0,0,0,0,0.000157878118092832,0,0,0,0,0,0,0,0,0,0,0,0,0,0,0,0,0,0,0,0,0
"P15523",0,0,0.00126302494474266,0,0,0,0,0,0.000157878118092832,0,0,0,0,0,0,0,0,0,0,0,0,0.0048942216608778,0,0,0,0,0,0,0,0,0,0,0,0,0,0,0,0,0,0,0,0,0,0,0,0,0,0,0,0,0,0,0,0,0,0,0,0,0,0,0,0,0,0,0,0,0,0,0,0,0,0,0,0,0,0,0,0,0.000157878118092832,0,0,0,0,0,0,0,0,0,0.000315756236185665,0,0,0,0,0,0,0,0,0,0,0,0,0,0,0,0,0,0,0,0,0,0,0,0,0,0,0,0,0,0,0,0,0,0,0,0,0,0,0,0,0,0,0,0,0,0,0,0,0,0,0,0,0,0,0,0,0,0,0,0,0,0,0,0,0,0,0,0,0,0,0,0,0,0,0,0,0,0,0,0,0,0,0,0,0,0,0,0,0,0,0,0,0,0,0,0,0,0,0,0,0,0,0,0,0,0,0,0,0,0,0,0,0,0,0,0,0,0,0,0,0,0,0,0,0,0,0,0,0,0,0,0,0,0,0,0,0,0,0,0,0,0.000157878118092832,0,0,0,0,0,0,0,0,0,0,0,0,0,0,0,0,0,0,0,0,0,0,0,0,0,0.000157878118092832,0,0,0,0
"P15603",0,0,0.000315756236185665,0,0,0,0,0,0,0,0,0,0,0,0,0,0,0,0,0,0,0.00647300284180613,0,0,0,0,0,0,0,0,0,0,0,0,0,0,0,0,0,0,0,0,0,0,0,0,0,0,0,0,0,0,0,0,0,0,0,0,0,0,0,0,0,0,0,0,0,0,0,0,0,0,0,0,0,0,0,0,0,0,0,0,0,0,0,0,0,0,0.00236817177139249,0,0,0,0,0,0,0,0,0,0,0,0.000157878118092832,0,0,0,0,0,0,0,0,0,0,0,0,0,0,0,0,0,0,0,0,0,0,0,0,0,0,0,0,0,0,0,0,0,0,0,0,0,0,0,0,0,0,0,0,0,0,0,0,0,0,0,0,0,0,0,0,0,0,0,0,0,0,0,0,0,0,0,0,0,0,0,0,0,0,0,0,0,0.00205241553520682,0,0,0,0,0,0,0,0,0,0,0,0,0,0,0,0,0,0,0,0,0,0,0,0,0,0,0,0,0,0,0,0,0,0,0,0,0,0,0,0,0,0,0,0,0,0,0,0,0,0,0,0.00157878118092832,0,0,0,0,0,0,0,0,0,0,0,0,0,0,0,0,0,0,0,0,0,0,0,0,0,0.000473634354278497,0.000789390590464162,0,0,0
"P15723",0,0,0,0,0,0,0,0,0,0,0,0,0,0,0,0,0,0,0,0,0,0.000157878118092832,0,0,0,0,0,0,0,0,0,0,0,0,0,0,0,0,0,0,0,0,0,0,0,0,0,0,0,0,0,0,0,0,0,0,0,0,0,0,0,0,0,0,0,0,0,0,0,0,0,0,0,0,0,0,0,0,0,0,0,0,0,0,0,0,0,0,0,0,0,0,0,0,0,0,0,0,0,0,0,0,0,0,0,0,0,0,0,0,0,0,0,0,0,0,0,0,0,0,0,0,0,0,0,0,0,0,0,0,0,0,0,0,0,0,0,0,0,0,0,0,0,0,0,0,0,0,0,0,0,0,0,0,0,0,0,0,0,0,0,0,0,0,0,0,0,0,0,0,0,0,0,0,0,0,0,0,0.000157878118092832,0,0,0,0,0,0,0,0,0,0,0,0,0,0,0,0,0,0,0,0,0,0,0,0,0,0,0,0,0,0,0,0,0,0,0,0,0,0,0,0,0,0,0,0,0,0,0,0,0,0,0,0,0,0,0,0,0,0,0,0,0,0,0,0,0,0,0,0,0,0,0,0,0,0,0,0,0,0,0,0,0,0
"P15727",0,0,0,0,0,0,0,0,0,0,0,0,0,0,0,0,0,0,0,0,0,0,0,0,0,0,0,0,0,0,0,0,0,0,0,0,0,0,0,0,0,0,0,0,0,0,0,0,0,0,0,0,0,0,0,0,0,0,0,0,0,0,0,0,0,0,0,0,0,0,0,0,0,0,0,0,0,0,0,0,0,0,0,0,0,0,0,0,0,0,0,0,0,0,0,0,0,0,0,0,0,0,0,0,0,0,0,0,0,0,0,0,0,0,0,0,0,0,0,0,0,0,0,0,0,0,0,0,0,0,0,0,0,0,0,0,0,0,0,0,0,0,0,0,0,0,0,0,0,0,0,0,0,0,0,0,0,0,0,0,0,0,0,0.000157878118092832,0,0,0,0,0,0.000157878118092832,0,0,0,0,0,0,0,0,0,0,0,0,0,0,0,0,0,0,0,0,0,0,0,0,0,0,0,0,0,0,0,0,0,0,0,0,0,0,0,0,0,0,0,0,0,0,0,0,0,0,0,0,0,0,0,0,0,0,0,0,0.000157878118092832,0,0,0,0,0,0,0,0,0,0,0,0,0,0,0,0,0,0,0,0,0,0,0,0,0,0,0,0,0,0
"P15800",0,0,0.000157878118092832,0,0,0,0,0,0,0,0,0,0,0,0,0,0,0,0,0,0,0,0,0,0,0,0,0,0,0,0,0,0,0,0,0,0,0,0,0,0,0,0,0,0,0,0,0,0,0,0,0,0,0,0,0,0,0,0,0,0,0,0,0,0,0,0,0,0,0,0,0,0,0,0,0,0,0,0,0,0,0,0,0,0,0,0,0,0,0,0,0,0,0,0,0,0,0,0,0,0,0,0,0,0,0,0,0,0,0,0,0,0,0,0,0,0,0,0,0,0,0,0,0,0,0,0,0,0,0,0,0,0,0,0,0,0,0,0,0,0,0,0,0,0,0,0,0,0,0,0,0,0,0,0,0,0,0,0,0,0,0,0,0,0,0,0,0,0,0,0,0,0,0,0,0,0,0,0,0,0,0,0,0,0,0,0,0,0,0,0,0,0,0,0,0,0,0,0,0,0,0,0,0,0,0,0,0,0,0,0,0,0,0,0,0,0,0,0,0,0,0,0,0,0,0,0,0,0,0,0,0,0,0,0,0,0,0,0,0,0,0,0,0,0,0,0,0,0,0,0,0,0,0,0,0,0,0,0,0,0
"P15833",0,0,0,0,0,0,0,0,0,0,0,0,0,0,0,0,0,0,0,0,0,0,0,0,0,0,0,0,0,0,0,0,0,0,0,0,0,0,0,0,0,0,0,0,0,0,0,0,0,0,0,0,0,0,0,0,0,0,0,0,0,0,0,0,0,0,0,0,0,0,0,0,0,0,0,0,0,0,0,0.000631512472371329,0.000473634354278497,0,0,0,0,0,0,0,0,0,0,0,0,0,0,0,0,0,0,0,0,0,0,0,0,0,0,0,0,0,0,0,0,0,0,0,0,0,0,0,0,0,0,0,0,0,0,0,0,0,0,0,0.000473634354278497,0,0,0,0,0,0,0,0,0,0,0.000315756236185665,0,0,0,0,0,0,0,0,0,0,0,0,0,0,0,0,0,0,0,0,0,0,0,0,0,0,0,0,0,0,0,0,0,0,0,0,0,0,0,0,0,0,0,0,0,0,0,0,0,0,0,0,0,0.00110514682664983,0,0,0,0,0,0,0,0,0,0,0,0,0,0,0,0,0,0,0,0,0,0.000157878118092832,0,0,0,0.000157878118092832,0,0.0058414903694348,0,0,0,0,0,0,0,0,0,0,0,0,0,0,0,0,0,0,0,0,0,0,0,0,0,0,0,0,0,0,0,0,0,0,0
"P15853",0,0,0,0,0,0,0,0,0,0,0,0,0,0,0,0,0,0,0,0,0,0,0,0,0,0,0,0,0,0,0,0,0,0,0,0,0,0,0,0,0,0,0,0,0,0,0,0,0,0,0,0,0,0,0,0,0,0,0,0,0,0,0,0,0,0,0,0,0,0,0,0,0,0,0,0,0,0,0,0,0,0,0,0,0,0,0,0,0,0,0,0,0,0,0,0,0,0,0,0,0,0,0,0,0,0,0,0,0,0,0,0,0,0,0,0,0,0,0,0,0.000157878118092832,0,0,0,0,0,0,0,0,0,0,0,0,0,0,0,0,0,0,0,0,0,0,0,0,0,0,0,0,0,0,0,0,0,0,0,0,0,0,0,0,0,0,0,0,0,0,0,0,0,0,0,0,0,0,0,0,0.000157878118092832,0,0,0,0,0,0,0,0,0,0,0,0,0,0,0,0,0,0,0,0,0,0,0,0,0,0,0,0,0,0,0,0,0,0,0,0,0,0,0,0,0,0,0,0,0,0,0,0,0,0,0,0,0.000157878118092832,0,0,0,0,0,0,0,0,0,0,0,0,0,0,0,0,0,0,0,0,0,0,0,0,0,0,0,0,0.000157878118092832,0
"P15967",0,0,0,0,0,0,0,0,0,0,0,0,0,0,0,0,0,0,0,0,0,0,0,0,0,0,0,0,0,0,0,0,0,0,0,0,0,0,0,0,0,0,0,0,0,0,0,0,0,0,0,0,0,0,0,0,0,0,0,0,0,0,0,0,0,0,0,0,0,0,0,0,0,0,0,0,0,0,0,0,0,0,0,0,0,0,0,0,0,0,0,0,0,0,0,0,0,0.000315756236185665,0,0,0,0,0,0,0,0,0,0,0,0,0,0,0,0,0,0,0,0,0,0,0,0,0,0,0,0,0,0,0,0,0,0,0,0,0,0,0,0,0,0,0,0,0,0,0,0,0,0,0,0,0,0,0,0,0,0,0,0,0,0,0,0,0,0,0,0,0,0,0,0,0,0,0,0,0,0,0,0,0,0,0,0,0,0,0,0,0,0,0,0,0,0,0,0,0,0,0,0,0,0,0,0,0,0,0,0,0,0,0.000157878118092832,0,0,0,0,0,0,0,0,0,0,0,0,0,0,0,0,0,0,0,0,0,0,0,0,0,0,0,0,0,0,0,0,0,0,0,0,0,0,0,0,0,0,0,0,0,0,0,0,0.000157878118092832,0,0.000157878118092832,0
"P16011",0,0,0,0,0,0,0,0,0,0,0,0,0,0,0,0,0,0,0,0,0,0,0,0,0,0,0,0,0.000157878118092832,0,0,0,0,0,0,0,0,0,0,0,0,0,0,0,0,0,0,0,0,0,0,0,0,0,0,0,0,0,0,0,0,0,0,0,0,0,0,0,0,0,0,0,0,0,0,0,0,0,0,0,0,0,0,0,0,0,0,0,0,0,0,0,0,0,0,0,0,0,0,0,0,0,0,0,0,0,0,0,0,0,0,0,0,0,0,0,0,0,0,0,0,0,0,0,0,0,0,0,0,0,0,0,0,0,0,0,0,0,0,0,0,0,0,0,0,0,0,0,0,0,0,0,0,0,0,0,0,0,0,0,0,0,0,0,0,0,0,0,0,0,0,0,0,0,0,0,0,0,0,0,0,0,0,0,0,0,0,0,0,0,0,0,0,0,0,0,0,0,0,0,0,0,0,0,0,0,0,0,0,0,0,0,0,0,0,0,0,0,0,0,0,0,0,0,0,0,0,0,0,0,0,0,0,0,0,0,0,0,0,0,0,0,0,0,0,0,0,0,0,0,0,0,0,0,0,0,0,0,0,0,0
"P16040",0,0,0,0,0,0,0,0,0,0,0,0,0,0,0,0,0,0,0,0,0,0,0,0,0,0,0,0,0,0,0,0,0,0,0,0,0,0,0,0,0,0,0,0,0,0,0,0,0,0,0,0,0,0,0,0,0,0,0,0,0,0,0,0,0,0,0,0,0,0,0,0,0,0,0,0,0,0,0,0,0,0,0,0,0,0,0,0,0,0,0,0,0,0,0,0,0,0,0,0,0,0,0,0,0,0,0,0,0,0,0,0,0,0,0,0,0,0,0,0,0,0,0,0,0,0,0,0,0,0,0,0,0,0,0,0,0,0,0,0,0,0,0,0,0,0,0,0,0,0,0,0,0,0,0,0,0,0,0,0,0,0,0,0,0,0,0,0,0,0,0,0,0,0,0,0,0,0,0,0,0,0,0,0,0,0,0,0,0,0,0,0,0,0,0,0,0,0,0,0,0,0,0,0,0,0,0,0,0,0,0,0,0,0,0,0,0,0,0,0,0,0,0,0,0,0,0,0,0,0,0,0,0,0,0,0,0,0,0,0,0,0,0,0,0,0,0,0,0,0,0,0,0,0.000157878118092832,0,0,0,0,0,0,0
"P16049",0,0,0,0,0,0,0,0,0,0,0,0,0,0,0,0,0,0,0,0,0,0,0,0,0,0,0,0,0,0,0,0,0,0,0,0,0,0,0,0,0,0,0,0,0,0,0,0,0,0,0,0,0,0,0,0,0,0,0,0,0,0,0,0,0,0,0,0,0,0,0,0,0,0,0,0,0,0,0,0.000157878118092832,0,0,0,0,0,0,0,0,0,0,0,0,0,0,0,0,0,0,0,0,0,0,0,0,0,0,0,0,0,0,0,0,0,0,0,0,0,0,0,0,0,0,0,0,0,0,0,0,0,0,0,0,0,0,0,0,0,0,0,0,0,0,0,0,0,0,0,0,0,0,0,0,0,0,0.000157878118092832,0,0,0,0,0,0,0,0,0,0,0,0,0,0,0,0,0,0,0,0,0.000157878118092832,0,0,0,0,0,0,0,0,0,0,0,0,0,0,0,0,0,0,0,0,0,0,0,0,0,0,0,0,0,0,0,0,0,0,0,0,0,0,0,0,0,0,0,0,0,0,0,0,0,0,0,0,0,0,0,0,0,0,0,0,0,0,0,0,0,0,0,0,0,0,0,0,0,0,0,0,0,0,0,0,0,0,0,0,0
"P16063",0,0,0,0,0,0,0,0,0,0,0,0,0,0,0,0,0,0,0,0,0,0,0,0,0,0,0,0,0,0,0,0,0,0,0,0,0,0,0,0,0,0,0,0,0,0,0,0,0,0,0,0,0,0,0,0,0,0,0,0,0,0,0,0,0,0,0,0,0,0,0,0,0,0,0,0,0,0,0,0.000157878118092832,0.000157878118092832,0,0,0,0,0,0,0,0,0,0,0,0,0,0,0,0,0,0,0,0,0,0,0,0,0,0,0,0,0,0,0,0,0,0,0,0,0,0,0,0,0,0,0,0,0,0,0,0,0,0,0,0,0,0,0,0,0,0,0,0,0,0,0,0,0,0,0,0,0,0,0,0,0,0,0,0,0,0,0,0,0,0,0,0,0,0,0,0,0,0,0,0,0,0,0,0,0,0,0,0,0,0,0,0,0,0,0,0,0,0,0,0,0,0,0,0,0,0,0,0,0,0,0,0,0,0,0,0,0,0,0,0,0,0,0,0,0,0,0,0,0,0,0,0,0,0,0,0,0,0,0,0,0,0,0,0,0,0,0,0,0,0,0,0,0,0,0,0,0,0,0,0,0,0,0,0,0,0,0.000157878118092832,0
"P16106",0,0,0,0,0,0,0,0,0,0,0,0,0,0,0,0,0,0,0,0,0,0,0,0,0,0,0,0,0,0,0,0,0,0,0,0,0,0,0,0,0,0,0,0,0,0,0,0,0,0,0,0,0,0,0,0,0,0,0,0,0,0,0,0,0,0,0,0,0,0,0,0,0,0,0,0,0,0,0,0,0.000157878118092832,0,0,0,0,0,0,0,0,0,0,0,0,0,0,0,0,0,0,0,0,0,0,0,0,0,0,0,0,0,0,0,0,0,0,0,0,0,0,0,0,0,0,0,0,0,0,0,0,0,0,0,0,0,0,0,0,0,0,0,0,0,0,0,0,0,0,0,0,0,0,0,0,0,0,0,0,0,0,0,0,0,0,0,0,0,0,0,0,0,0,0,0,0,0,0,0,0,0,0,0,0,0,0,0,0,0,0,0,0,0,0,0,0,0,0,0,0,0,0,0,0,0,0,0,0,0,0,0,0,0,0,0,0,0,0,0,0,0,0,0,0,0,0,0,0,0,0,0,0,0,0,0,0,0,0,0,0,0,0,0,0,0,0,0,0,0,0,0,0,0,0,0,0,0,0,0,0,0,0,0
"P16115",0,0,0,0,0,0,0,0,0,0,0,0,0,0,0,0,0,0,0,0,0,0,0,0,0,0,0.000631512472371329,0,0.000157878118092832,0,0,0,0,0,0,0,0,0,0,0,0,0,0,0,0,0,0,0,0,0,0,0,0,0,0,0,0,0,0,0,0,0,0,0,0,0,0,0,0,0,0,0,0,0,0,0,0,0,0,0,0,0,0.000315756236185665,0.000631512472371329,0,0,0,0,0,0,0,0,0,0,0,0,0,0,0,0,0,0,0,0,0,0,0,0,0,0,0,0,0,0,0,0,0,0,0,0,0,0,0,0,0,0,0,0,0,0,0,0,0,0,0,0,0,0,0,0,0,0,0,0,0,0,0,0,0,0,0,0,0,0,0,0,0,0,0,0,0,0,0,0,0,0,0,0,0,0,0,0,0,0,0,0,0,0,0,0,0,0,0,0,0,0,0,0,0,0,0,0,0,0,0,0,0,0,0,0,0,0,0,0,0,0,0,0,0,0,0,0,0,0,0,0,0,0,0,0,0,0,0,0,0,0,0,0,0,0,0,0,0,0,0,0,0,0,0,0,0,0,0,0,0,0,0,0,0,0,0,0,0,0,0,0,0,0,0,0,0
"P16146",0,0,0,0,0,0,0,0,0,0,0,0,0,0,0,0,0,0,0,0,0,0,0,0,0,0,0,0,0,0,0,0,0,0,0,0,0,0,0,0,0,0,0,0,0,0,0,0,0,0,0,0,0,0,0,0,0,0,0,0,0,0,0,0,0,0,0,0,0,0,0,0,0,0,0,0,0,0,0,0,0.000157878118092832,0,0,0,0,0,0,0,0,0,0,0,0,0,0,0,0,0,0,0,0,0,0,0,0,0,0,0,0,0,0,0,0,0,0,0,0,0,0,0,0,0,0,0,0,0,0,0,0,0,0,0,0,0,0,0,0,0,0,0,0,0,0,0,0,0,0,0,0,0,0,0,0,0,0,0,0,0,0,0,0,0,0,0,0,0,0,0,0,0,0,0,0,0,0,0,0,0,0,0,0,0,0,0,0,0,0,0,0,0,0,0,0,0,0,0,0,0,0,0,0,0,0,0,0,0,0.00284180612567098,0,0,0,0,0,0,0,0,0,0,0,0,0,0,0,0,0,0,0,0,0,0,0,0,0,0,0,0,0,0,0,0,0,0,0,0,0,0,0,0,0,0,0,0,0,0,0,0,0,0,0,0,0,0.000157878118092832
"P16219",0,0,0,0,0,0,0,0,0,0,0,0,0,0,0,0,0,0,0,0,0,0,0,0,0,0,0,0,0,0,0,0,0,0,0,0,0,0,0,0,0,0,0,0,0,0,0,0,0,0,0,0,0,0,0,0,0,0,0,0,0,0,0,0,0,0,0,0,0,0,0,0,0,0,0,0,0,0,0,0,0.000157878118092832,0,0,0,0,0,0,0,0,0,0,0,0,0,0,0,0,0,0,0,0,0,0,0,0,0,0,0,0,0,0,0,0,0,0,0,0,0,0,0,0,0,0,0,0,0,0,0,0,0,0,0,0,0,0,0,0,0,0,0,0,0,0,0,0,0,0,0,0,0,0,0,0,0,0,0,0,0,0,0,0,0,0,0,0,0,0,0,0,0,0,0,0,0,0,0,0,0,0,0,0,0,0,0,0,0,0,0,0,0,0,0,0,0,0,0,0,0,0,0,0,0,0,0,0,0,0.00552573413324913,0.000157878118092832,0,0,0,0,0,0,0,0,0,0,0,0.0110514682664983,0.0104199557941269,0,0,0,0.000157878118092832,0.000157878118092832,0,0,0,0,0,0,0,0,0,0,0,0,0,0,0,0,0,0,0,0,0,0,0,0,0,0,0,0,0,0,0,0,0,0,0.000157878118092832
"P16292",0.000157878118092832,0,0.00268392800757815,0,0.000789390590464162,0.000473634354278497,0.000315756236185665,0.00236817177139249,0.00647300284180613,0,0.00205241553520682,0,0,0,0,0,0.000473634354278497,0,0.000789390590464162,0,0.00410483107041364,0,0,0,0,0,0,0,0,0,0,0,0,0,0,0,0,0,0,0,0,0,0,0,0,0,0,0,0,0,0,0,0,0,0,0,0,0,0,0,0,0,0,0,0,0,0,0,0,0,0,0,0,0,0,0,0,0,0,0,0,0,0,0,0,0,0,0,0,0,0,0,0,0,0,0.00615724660562046,0,0,0.000947268708556994,0,0,0,0,0,0,0,0,0,0,0.0181559835806757,0,0,0,0,0,0,0,0,0,0,0.0127881275655194,0,0,0.00568361225134196,0,0,0,0,0,0.000315756236185665,0,0.0208399115882539,0,0,0.00552573413324913,0,0,0,0,0,0,0,0,0,0,0,0,0,0,0,0.000315756236185665,0,0,0,0,0,0,0,0,0,0,0.000157878118092832,0,0,0,0.00363119671613514,0,0,0,0.000947268708556994,0,0,0.00363119671613514,0,0,0.000473634354278497,0,0,0,0.073413324913167,0,0,0,0.00110514682664983,0,0,0,0.000315756236185665,0,0,0,0,0,0,0,0,0,0.0544679507420272,0.000789390590464162,0,0,0,0,0,0,0,0.000473634354278497,0,0,0,0,0,0,0.106094095358383,0.000157878118092832,0,0.0135775181559836,0.000947268708556994,0,0.000157878118092832,0,0,0,0,0,0,0,0,0,0,0,0,0,0,0,0,0,0,0,0.00157878118092832,0.00142090306283549,0,0,0,0,0,0,0,0,0.000631512472371329,0,0,0,0,0,0,0,0,0,0,0
"P16367",0,0,0,0,0.000157878118092832,0,0,0.000157878118092832,0,0,0,0,0,0,0,0,0,0,0,0,0,0,0,0,0,0,0,0,0,0,0,0,0,0,0,0,0,0,0,0,0,0,0,0,0,0,0,0,0,0,0,0,0,0,0,0,0,0,0,0,0,0,0,0,0,0,0,0,0,0,0,0,0,0,0,0,0,0,0,0,0,0,0.00299968424376381,0.0053678560151563,0,0,0,0,0,0,0,0,0,0,0,0,0,0,0,0,0,0,0,0,0,0,0,0,0,0.00331544047994948,0,0,0,0,0,0,0,0,0,0,0,0,0,0.00410483107041364,0,0,0,0,0,0,0,0.0053678560151563,0,0,0,0,0,0,0,0,0,0,0,0,0,0,0,0,0,0,0,0,0,0,0,0,0,0,0,0,0,0,0,0,0,0,0,0,0,0,0,0,0.00110514682664983,0,0,0,0,0,0,0,0,0,0,0,0,0,0,0,0.0104199557941269,0,0,0,0,0,0,0,0,0,0,0,0,0,0,0,0,0,0,0,0,0,0,0,0,0,0.00268392800757815,0,0.000315756236185665,0,0,0,0,0,0,0,0,0,0,0,0,0,0,0,0,0,0,0,0,0,0,0,0,0,0,0,0,0,0,0,0,0,0,0,0,0,0,0,0,0,0,0,0
"P16371",0.00663088095989896,0,0,0.00142090306283549,0,0,0.000473634354278497,0.00552573413324913,0.00157878118092832,0,0,0,0,0,0,0,0,0,0,0,0,0,0,0,0,0,0,0,0,0,0,0,0,0,0,0,0,0,0,0,0,0,0,0,0,0,0,0,0,0,0,0,0,0,0,0,0,0,0,0,0,0,0,0,0,0,0,0,0,0,0,0,0,0,0,0,0,0,0,0,0,0,0.00315756236185665,0.00173665929902116,0,0,0,0,0,0,0,0,0,0,0,0,0,0,0,0,0,0,0,0.00268392800757815,0,0,0,0,0,0.00268392800757815,0,0,0.0262077676034102,0.00126302494474266,0,0,0,0,0,0,0.0189453741711399,0,0,0.00410483107041364,0,0,0,0,0,0,0,0,0,0,0,0,0,0,0,0,0,0,0,0,0,0,0,0,0,0,0.00268392800757815,0.000315756236185665,0,0,0,0,0,0,0,0,0,0,0,0,0,0,0,0,0,0,0,0,0,0,0,0,0,0,0,0,0,0,0,0.0154720555730976,0,0,0,0,0.00363119671613514,0,0,0,0,0,0,0,0,0,0,0,0,0,0,0,0,0,0.00252604988948532,0.000473634354278497,0,0,0,0,0,0,0.0277865487843385,0,0.00394695295232081,0.000315756236185665,0,0,0,0,0,0,0,0,0,0,0,0,0,0,0,0,0,0,0,0,0,0,0,0,0,0,0,0,0,0,0,0,0,0,0,0.083833280707294,0,0,0,0,0,0,0
"P16372",0,0,0,0.000157878118092832,0,0,0,0,0,0,0,0,0,0,0,0,0,0,0,0,0,0,0,0,0,0,0,0,0,0,0,0,0,0,0,0,0,0,0,0,0,0,0,0,0,0,0,0,0,0,0,0,0,0,0,0,0,0,0,0,0,0,0,0,0,0,0,0,0,0,0,0,0,0,0,0,0,0,0,0,0,0,0,0.000157878118092832,0,0,0,0,0,0,0,0,0,0,0,0,0,0,0,0,0,0,0,0,0,0,0,0,0,0.00157878118092832,0,0,0.00189453741711399,0.00457846542469214,0.0101041995579413,0.00110514682664983,0,0,0,0,0,0,0,0.00126302494474266,0,0,0,0,0,0,0,0,0,0,0,0,0,0,0,0,0,0,0,0,0,0,0,0,0,0,0.000789390590464162,0.0277865487843385,0,0,0,0,0,0,0.00173665929902116,0,0.000157878118092832,0,0.00457846542469214,0,0,0,0,0,0,0,0,0,0,0,0,0,0,0,0,0,0,0,0,0,0,0,0,0,0.000315756236185665,0,0.0107357120303126,0,0,0,0,0,0,0,0,0,0,0,0,0,0,0,0,0,0,0,0.000157878118092832,0,0,0,0,0.00126302494474266,0,0,0,0,0,0,0,0,0,0,0,0,0,0,0,0,0,0,0,0,0,0,0,0,0,0,0,0,0,0,0,0,0,0,0,0,0,0.00805178402273445,0.000315756236185665,0,0,0,0,0,0
"P16395",0,0,0,0,0,0,0,0,0,0,0,0,0,0,0,0,0,0,0,0,0,0,0,0,0,0,0,0,0,0,0,0,0,0,0,0,0,0,0,0,0,0,0,0,0,0,0,0,0,0,0,0,0,0,0,0,0,0,0,0,0,0,0,0,0,0,0,0,0,0,0,0,0,0,0,0,0,0,0,0,0,0,0,0,0,0,0,0,0,0,0,0,0,0,0,0,0,0,0,0,0,0,0,0,0,0,0,0,0,0.00142090306283549,0,0,0,0,0,0,0,0,0,0,0,0,0,0,0,0,0,0,0,0,0,0,0,0,0,0,0,0,0,0,0,0,0,0,0,0,0,0,0,0,0.000315756236185665,0,0,0,0,0,0,0,0,0,0,0,0,0,0,0,0,0,0,0,0,0,0,0,0,0,0,0,0,0,0,0,0,0,0,0,0,0,0.000157878118092832,0,0,0,0,0,0,0,0,0,0,0,0,0,0,0,0,0,0,0,0,0,0,0,0.000315756236185665,0.0119987369750553,0,0,0,0,0,0,0,0,0,0,0,0,0,0,0,0,0,0,0,0,0,0,0,0,0,0,0,0,0,0,0,0,0,0,0,0,0,0,0,0,0,0,0,0,0,0,0
"P16415",0,0,0,0,0,0,0,0.000157878118092832,0,0,0,0,0,0,0,0,0,0,0,0,0,0,0,0,0,0,0,0,0,0,0,0,0,0,0,0,0,0,0,0,0,0,0,0,0,0,0,0,0,0,0,0,0,0,0,0,0,0,0,0,0,0,0,0,0,0,0,0,0,0,0,0,0,0,0,0,0,0,0,0,0,0,0,0,0,0,0,0,0,0,0,0,0,0,0,0,0,0,0,0,0,0,0,0,0,0,0,0,0,0,0,0,0.000157878118092832,0,0.0116829807388696,0.000157878118092832,0,0,0,0,0,0,0,0,0,0,0,0,0,0,0,0,0,0,0,0,0,0,0,0,0,0,0,0,0,0,0,0,0,0,0,0,0,0,0,0,0,0,0,0,0,0,0,0,0,0,0,0,0,0,0,0,0,0,0,0,0,0,0,0,0,0,0,0,0,0,0,0,0,0,0,0,0,0,0,0,0,0,0,0,0,0,0,0,0,0,0,0,0,0,0,0,0,0,0.000315756236185665,0.000789390590464162,0.000157878118092832,0,0,0,0,0,0,0,0,0,0,0,0,0,0,0,0,0,0,0,0,0,0,0,0,0,0,0,0,0,0,0,0,0,0,0,0,0.000473634354278497,0,0,0,0,0,0,0
"P16490",0,0,0,0,0,0,0,0,0,0,0,0,0,0,0,0,0,0,0,0,0.000157878118092832,0,0,0,0,0,0,0,0,0,0,0,0,0,0,0,0,0,0,0,0,0,0,0,0,0,0,0,0,0,0,0,0,0,0,0,0,0,0,0,0,0,0,0,0,0,0,0,0,0,0,0,0,0,0,0,0,0,0,0,0,0,0,0,0,0,0,0,0,0,0,0,0,0,0,0,0,0,0,0,0,0,0,0,0,0,0,0,0,0,0,0,0,0,0,0,0,0,0,0,0,0,0,0,0,0,0,0,0,0,0,0,0,0,0,0,0,0,0,0,0,0,0,0,0,0,0,0,0,0,0,0,0,0,0,0,0,0,0,0,0,0,0,0,0,0,0,0,0,0,0,0,0,0,0,0,0,0,0,0,0,0,0,0,0,0,0,0,0,0,0,0,0,0,0,0,0,0,0,0,0,0,0,0,0,0,0,0,0,0,0,0,0,0,0,0,0,0,0,0,0,0,0,0,0,0,0,0,0,0,0,0,0,0,0,0,0,0,0,0,0,0,0,0,0,0,0,0,0,0,0,0,0,0,0,0,0,0,0,0,0
"P16545",0.000157878118092832,0,0,0,0,0,0,0,0,0,0,0,0,0,0,0,0,0,0,0,0,0,0,0,0,0,0,0,0,0,0,0,0,0,0,0,0,0,0,0,0,0,0,0,0,0,0,0,0,0,0,0,0,0,0,0,0,0,0,0,0,0,0,0,0,0,0,0,0,0,0,0,0,0,0,0,0,0,0,0,0,0,0,0,0,0,0,0,0,0,0,0,0,0,0,0,0,0,0,0,0,0,0,0,0,0,0,0,0,0.00189453741711399,0,0,0,0,0,0,0,0,0,0,0,0,0,0.000157878118092832,0,0,0,0,0,0,0,0,0,0,0,0,0,0,0,0,0,0,0,0,0,0,0,0,0,0,0,0.000631512472371329,0,0,0,0,0,0,0,0,0,0,0,0,0,0,0,0,0,0,0,0,0,0,0,0,0,0,0,0,0,0,0,0,0,0,0,0,0,0,0,0,0,0,0,0,0,0,0,0,0,0,0,0,0,0,0,0,0,0,0,0,0,0,0.000315756236185665,0,0,0,0,0,0,0,0,0,0,0,0,0,0,0,0,0,0,0,0,0,0,0,0,0,0,0,0,0,0,0,0,0,0,0,0,0,0,0,0,0,0,0,0,0,0
"P16631",0,0,0,0,0,0,0,0,0,0,0,0,0,0,0,0,0,0,0,0,0,0,0,0,0,0,0.00173665929902116,0,0,0,0,0,0,0,0,0,0,0,0,0,0,0,0,0,0,0,0,0,0,0,0,0,0,0,0,0,0,0,0,0,0,0,0,0,0,0,0,0,0,0,0,0,0,0,0,0,0,0,0,0,0,0,0.000157878118092832,0.000631512472371329,0,0,0,0,0,0,0,0,0,0,0,0,0,0,0,0,0,0,0,0,0,0,0,0,0,0,0,0,0,0,0,0,0,0,0,0,0,0,0,0,0,0,0,0,0,0,0,0,0,0,0,0,0,0,0,0,0,0,0,0,0,0,0,0,0,0,0,0,0,0,0,0,0,0,0,0,0,0,0,0,0,0,0,0,0,0,0,0,0,0,0,0,0,0,0,0,0,0,0,0,0,0,0,0,0,0,0,0,0,0,0,0,0,0,0,0,0,0,0,0,0,0,0.000473634354278497,0,0,0,0,0,0,0,0,0,0,0,0,0,0,0,0,0,0,0,0,0,0,0,0,0,0,0,0,0,0,0,0,0,0,0,0,0,0,0,0,0,0,0,0,0,0,0,0,0,0,0,0,0,0
"P16699",0,0,0,0,0,0,0,0,0,0,0,0,0,0,0,0,0,0,0,0,0,0,0,0,0,0,0,0,0,0,0,0,0,0,0,0,0,0,0,0,0,0,0,0,0,0,0,0,0,0,0,0,0,0,0,0,0,0,0,0,0,0,0,0,0,0,0,0,0,0,0,0,0,0,0,0,0,0,0,0,0,0,0,0,0,0,0,0,0,0,0,0,0,0,0,0,0,0,0,0,0,0,0,0,0,0,0,0,0,0,0,0,0,0,0,0,0,0,0,0,0,0,0,0,0,0,0,0,0,0,0,0,0,0,0,0,0,0,0,0,0,0,0,0,0,0,0,0,0,0,0,0,0,0,0,0,0,0,0,0,0,0,0,0,0,0,0,0,0,0,0,0,0,0,0,0,0,0,0,0,0,0,0,0,0,0,0,0,0,0,0,0,0,0,0,0,0,0,0,0,0,0,0,0,0,0,0,0,0,0.000157878118092832,0,0,0,0,0,0,0,0,0,0,0,0,0,0,0,0.000157878118092832,0,0,0,0,0,0,0,0,0,0,0,0,0,0,0,0,0.000947268708556994,0,0,0,0,0,0,0,0,0,0,0,0,0,0,0,0,0,0
"P16718",0,0,0,0,0,0,0,0,0,0,0,0,0,0,0,0,0,0,0,0,0,0,0,0,0,0,0,0,0,0,0,0,0,0,0,0,0,0,0,0,0,0,0,0,0,0,0,0,0,0,0,0,0,0,0,0,0,0,0,0,0,0,0,0,0,0,0,0,0,0,0,0,0,0,0,0,0,0,0,0,0,0.00205241553520682,0,0,0,0,0,0,0,0,0,0,0,0,0,0,0,0,0,0,0,0,0,0,0,0,0,0,0,0,0,0,0,0,0,0,0,0,0,0,0,0,0,0,0,0,0,0,0,0,0,0,0,0,0,0,0,0,0,0,0,0,0,0,0,0,0,0,0,0,0,0,0,0,0,0,0,0,0,0,0,0,0,0.00236817177139249,0,0,0,0,0,0,0,0,0,0,0,0,0,0,0,0,0,0.000631512472371329,0.00221029365329965,0,0,0,0,0,0,0,0,0,0,0,0,0,0,0,0,0,0,0,0,0,0,0,0,0,0,0,0,0,0,0,0,0,0,0,0,0,0,0,0,0,0,0,0,0,0,0,0,0,0,0,0,0,0,0,0,0,0,0,0,0.000157878118092832,0,0,0,0,0,0,0,0,0,0,0,0,0,0,0,0,0.000631512472371329
"P16728",0,0,0,0,0,0,0,0,0,0,0,0,0,0,0,0,0,0,0,0,0,0,0,0,0,0,0,0,0,0,0,0,0,0,0,0,0,0,0,0,0,0,0,0,0,0,0,0,0,0,0,0,0,0,0,0,0,0,0,0,0,0,0,0,0,0,0,0,0,0,0,0,0,0,0,0,0,0,0,0,0,0.000157878118092832,0,0,0,0,0,0,0,0,0,0,0,0,0,0,0,0,0,0,0,0,0,0,0,0,0,0,0,0,0,0,0,0,0,0,0,0,0,0,0,0,0,0,0,0,0,0,0,0,0,0,0,0,0,0,0,0,0,0,0,0,0,0,0,0,0,0,0,0,0,0,0,0,0,0,0,0,0,0,0,0,0,0,0,0,0,0,0,0,0,0,0,0,0,0,0,0,0,0,0,0,0,0,0,0,0,0,0,0,0,0,0,0,0.000315756236185665,0,0,0,0,0,0,0,0,0,0,0,0,0,0,0,0,0,0,0,0,0,0,0,0,0,0,0,0,0,0,0,0,0,0,0,0,0,0,0,0,0,0,0.000947268708556994,0,0,0,0,0,0,0,0,0,0,0,0,0,0,0,0,0,0,0,0,0,0,0
"P16779",0,0,0,0,0,0,0,0,0,0,0,0,0,0,0,0,0,0,0,0,0,0,0,0,0,0,0,0,0,0,0,0,0,0,0,0,0,0,0,0,0,0,0,0,0,0,0,0,0,0,0,0,0,0,0,0,0,0,0,0,0,0,0,0,0,0,0,0,0,0,0,0,0,0,0,0,0,0,0,0,0,0.000157878118092832,0,0,0,0,0,0,0,0,0,0,0,0,0,0,0,0,0,0,0,0,0,0,0,0,0,0,0,0,0,0,0,0,0,0,0,0,0,0,0,0,0,0,0,0,0,0,0,0,0,0,0,0,0,0,0,0,0,0,0,0,0,0,0,0,0,0,0,0,0,0,0,0,0,0,0,0,0,0,0,0,0,0,0,0,0,0,0,0,0,0,0,0,0,0,0,0,0,0,0,0,0,0,0,0,0,0,0,0,0,0,0,0,0,0,0,0,0,0,0,0,0,0,0,0,0,0.000631512472371329,0,0,0,0,0,0,0,0,0,0,0,0,0,0,0,0,0,0,0,0,0,0,0,0.00157878118092832,0,0,0,0,0,0.00142090306283549,0,0,0,0,0,0,0,0,0,0,0,0,0,0,0,0,0,0,0,0,0,0,0
"P17031",0,0,0,0,0,0,0,0,0,0,0,0,0,0,0,0,0,0,0,0,0,0,0,0,0,0,0,0,0,0,0,0,0,0,0,0,0,0,0,0,0,0,0,0,0,0,0,0,0,0,0,0,0,0,0,0,0,0,0,0,0,0,0,0,0,0,0,0,0,0,0,0,0,0,0,0,0,0,0,0,0,0,0.000473634354278497,0,0,0,0,0,0,0,0,0,0,0,0,0,0,0,0,0,0,0,0,0,0,0,0,0,0,0,0,0,0,0,0,0,0,0,0,0,0,0,0,0,0,0,0,0,0,0,0,0,0,0,0,0,0,0,0,0,0,0,0,0,0,0,0,0,0,0,0,0,0,0,0,0,0,0,0,0,0,0,0,0,0,0,0,0,0,0,0,0,0,0,0,0,0,0,0,0,0,0,0,0,0,0,0,0,0,0,0,0,0,0,0,0,0,0,0,0,0,0,0,0,0,0,0,0,0,0,0,0,0,0,0,0,0,0,0,0,0,0,0,0,0,0,0,0,0,0,0,0,0,0,0,0,0,0,0,0,0,0,0,0,0,0,0,0,0,0,0,0,0,0,0,0,0,0,0,0,0
"P17087",0,0,0,0,0,0,0,0,0,0,0,0,0,0,0,0,0,0,0,0,0,0,0,0,0,0,0,0,0,0,0,0,0,0,0,0,0,0,0,0,0,0,0,0,0,0,0,0,0,0,0,0,0,0,0,0,0,0,0,0,0,0,0,0,0,0,0,0,0,0,0,0,0,0,0,0,0,0,0,0,0,0,0.000157878118092832,0,0,0.000157878118092832,0,0,0,0,0,0,0,0,0,0,0,0,0,0,0,0,0,0,0,0,0,0,0,0,0,0,0.000157878118092832,0,0,0,0,0,0,0,0,0,0,0,0,0,0,0,0,0,0,0,0,0,0,0,0,0,0,0,0,0,0,0,0,0,0,0,0,0,0,0,0,0,0,0,0,0,0,0,0,0,0,0,0,0,0,0,0,0,0,0,0,0,0,0,0,0,0,0,0,0,0,0,0,0,0,0,0,0,0,0,0,0,0,0,0,0,0,0,0,0,0,0,0,0,0,0,0,0,0,0,0,0,0,0,0,0,0,0,0,0,0,0,0,0,0,0,0,0,0,0,0,0,0,0,0,0,0,0,0,0,0,0,0,0,0,0,0,0,0,0,0,0,0,0,0,0,0,0,0.000157878118092832
"P17139",0,0,0,0,0,0,0,0,0,0,0,0,0,0,0,0,0,0,0,0,0,0,0,0,0,0,0,0,0,0,0,0,0,0,0,0,0,0,0,0,0,0,0,0,0,0,0,0,0,0,0,0,0,0,0,0,0,0,0,0,0,0,0,0,0,0,0,0,0,0,0,0,0,0,0,0,0,0,0,0,0,0,0,0.000157878118092832,0,0,0,0,0,0,0,0,0,0,0,0,0,0,0,0,0,0,0,0,0,0,0,0,0,0,0,0,0,0,0,0,0,0,0,0,0,0,0,0,0,0,0,0,0,0,0,0,0,0,0,0,0,0,0,0,0,0,0,0,0,0,0,0,0,0,0,0,0.000473634354278497,0,0,0,0,0,0,0,0,0,0,0,0,0,0,0,0,0,0,0,0,0,0,0,0,0,0,0,0,0,0,0,0,0,0,0,0,0,0.000947268708556994,0,0,0,0,0,0,0,0,0,0,0,0,0,0,0,0.000315756236185665,0,0,0,0,0,0,0,0.000157878118092832,0,0,0,0,0,0,0,0,0,0,0,0,0,0,0,0,0,0,0,0,0,0,0,0,0,0,0,0,0,0,0,0,0,0,0,0,0,0,0.000315756236185665,0,0,0,0,0,0,0
"P17496",0,0,0,0.000315756236185665,0,0,0,0,0,0,0,0,0,0,0,0,0,0,0.000631512472371329,0,0,0,0,0,0,0,0,0,0,0,0,0,0,0,0,0,0,0,0,0,0,0,0,0,0,0,0,0,0,0,0,0,0,0,0,0,0,0,0,0,0,0,0,0,0,0,0,0,0,0,0,0,0,0,0,0,0,0,0,0,0,0,0,0.000157878118092832,0,0,0,0,0,0,0,0,0,0,0,0,0,0,0,0,0,0,0,0,0,0,0,0,0,0,0,0,0,0,0,0,0,0,0,0,0,0,0,0.000315756236185665,0,0,0,0,0,0,0,0,0,0,0,0,0,0,0,0,0,0,0,0,0,0,0,0,0,0,0,0,0,0,0,0,0,0,0,0,0,0,0,0,0,0,0,0,0,0,0,0,0,0,0,0,0,0,0,0,0,0,0,0,0,0,0,0,0,0,0,0,0,0,0,0,0,0,0,0,0,0,0,0,0,0,0.000473634354278497,0,0,0,0,0,0,0,0.000315756236185665,0.00126302494474266,0,0,0,0,0,0,0,0,0,0,0,0,0,0,0,0,0,0,0,0,0,0,0,0,0,0,0,0,0,0,0,0,0,0,0,0,0,0,0,0,0,0,0,0,0
"P17546",0,0,0,0,0,0,0,0,0.000157878118092832,0,0,0,0,0,0,0,0,0,0,0,0,0,0,0,0,0,0,0,0,0,0,0,0,0,0,0,0,0,0,0,0,0,0,0,0,0,0,0,0,0,0,0,0,0,0,0,0,0,0,0,0,0,0,0,0,0,0,0,0,0,0,0,0,0,0,0,0,0,0,0,0,0,0,0,0,0,0,0,0,0,0,0,0,0,0,0,0,0,0,0,0,0,0,0,0,0,0,0,0,0,0,0,0,0,0,0,0,0,0,0,0,0,0,0,0,0,0,0,0,0,0,0,0,0,0,0,0,0,0,0,0,0,0,0,0,0,0,0,0,0,0,0,0,0,0,0,0,0,0,0,0,0,0,0,0,0,0,0,0,0.000157878118092832,0,0,0,0,0,0,0,0,0,0,0,0,0,0,0,0,0,0,0,0,0,0,0,0,0,0,0,0,0,0,0,0,0,0,0,0,0,0,0,0,0,0,0,0,0.000157878118092832,0,0,0,0,0,0,0,0,0,0,0,0,0,0,0,0,0,0,0,0,0,0,0,0,0,0,0,0,0,0,0,0,0,0,0,0,0,0,0,0,0,0,0,0,0,0
"P17607",0,0,0,0,0,0,0,0,0,0,0,0,0,0,0,0,0,0,0,0,0,0,0,0,0,0,0,0,0,0,0,0,0,0,0,0,0,0,0,0,0,0,0,0,0,0,0,0,0,0,0,0,0,0,0,0,0,0,0,0,0,0,0,0,0,0,0,0,0,0,0,0,0,0,0,0,0,0,0,0,0,0,0,0,0,0,0,0,0,0,0,0,0,0,0,0,0,0,0,0,0,0,0,0,0,0,0,0,0,0,0,0,0,0,0,0,0,0,0,0,0,0,0,0,0,0,0,0,0,0,0,0,0,0,0,0,0,0,0,0,0,0,0,0,0,0,0,0,0,0,0,0,0,0,0,0,0,0,0,0,0,0,0,0,0,0,0,0.000157878118092832,0,0,0,0,0,0,0,0,0,0,0,0,0,0,0,0,0,0,0,0,0,0,0,0,0,0,0,0,0,0,0,0,0,0,0,0,0,0,0,0,0,0,0,0,0,0,0,0,0,0,0,0,0,0,0,0,0,0,0,0,0,0,0,0,0,0,0,0,0,0,0,0,0,0,0,0,0,0,0,0,0,0,0,0,0,0,0,0,0,0,0,0,0
"P17816",0,0,0,0,0,0,0,0,0,0,0,0,0,0,0,0,0,0,0,0,0,0,0,0,0,0,0,0,0,0,0,0,0,0,0,0,0,0,0,0,0,0,0,0,0,0,0,0,0,0,0,0,0,0,0,0,0,0,0,0,0,0,0,0,0,0,0,0,0,0,0,0,0,0,0,0,0,0,0,0,0,0,0,0,0,0,0,0,0,0,0,0,0,0,0,0,0,0,0,0,0,0,0,0,0,0,0,0,0,0,0,0,0,0,0,0,0,0,0,0,0,0,0,0,0,0,0,0,0,0,0,0,0,0,0,0,0,0,0,0,0,0,0,0,0,0,0,0,0,0,0,0,0,0,0,0,0,0,0,0,0,0,0,0,0,0,0,0,0,0,0,0,0,0,0,0,0,0,0,0,0,0,0,0,0,0,0,0,0,0,0.0195768866435112,0,0,0,0,0,0,0,0,0,0,0,0,0,0,0,0,0,0,0,0,0,0,0,0,0,0,0,0,0,0,0,0,0,0,0,0,0,0,0,0,0,0,0,0,0,0,0,0,0,0,0,0,0,0,0,0,0,0,0,0,0,0,0,0,0,0,0,0.000473634354278497,0,0
"P17853",0,0,0,0,0,0,0,0,0,0,0,0,0,0,0,0,0,0,0,0,0,0,0,0,0,0,0,0,0,0,0,0,0,0,0,0,0,0,0,0,0,0,0,0,0,0,0,0,0,0,0,0,0,0,0,0,0,0,0,0,0,0,0,0,0,0,0,0,0,0,0,0,0,0,0,0,0,0,0,0,0,0,0,0,0,0,0,0,0,0,0,0,0,0,0,0,0,0,0,0,0,0,0,0,0,0,0,0,0.000157878118092832,0,0,0,0,0,0,0,0.000157878118092832,0,0,0,0,0.000157878118092832,0,0,0,0,0,0,0,0,0,0,0,0,0,0,0,0,0,0,0,0,0,0,0,0,0,0,0,0,0,0,0,0,0,0,0,0,0,0.00221029365329965,0,0,0,0,0,0,0,0,0,0,0,0,0,0,0,0,0,0,0,0,0,0,0,0,0,0,0,0,0,0,0,0,0,0,0,0.000157878118092832,0,0,0,0,0,0,0,0,0,0,0,0,0,0,0,0,0,0,0,0,0,0,0,0,0,0,0,0,0,0,0,0,0,0,0,0,0,0,0.000157878118092832,0,0,0,0,0,0,0,0,0.000157878118092832,0,0,0,0,0,0,0,0,0,0,0,0,0,0,0,0,0
"P17957",0,0,0,0,0,0,0,0,0,0,0,0,0,0,0,0,0,0,0,0,0,0,0,0,0,0,0,0,0,0,0,0,0,0,0,0,0,0,0,0,0,0,0,0,0,0,0,0,0,0,0,0,0,0,0,0,0,0,0,0,0,0,0,0,0,0,0,0,0,0,0,0,0,0,0,0,0,0,0,0,0,0,0,0,0,0,0,0,0,0,0,0,0,0,0,0,0,0,0,0,0,0,0,0,0,0,0,0,0,0,0,0,0,0,0,0,0,0,0,0,0,0,0,0,0,0,0,0,0,0,0,0,0,0,0,0,0,0,0,0,0,0,0,0,0,0,0,0,0,0,0,0,0,0,0,0,0,0,0,0,0,0,0,0,0,0,0,0,0,0,0,0,0,0,0,0,0,0,0,0,0,0,0,0,0,0,0,0,0,0,0,0,0,0,0.000157878118092832,0,0,0,0,0,0,0,0,0,0,0,0,0,0,0,0,0,0,0,0,0,0,0,0,0,0,0,0,0,0,0,0,0,0,0,0,0,0,0,0,0,0,0,0,0,0,0,0,0,0,0,0,0,0,0,0,0,0,0,0,0,0,0,0,0,0
"P17964",0,0,0,0,0,0,0,0,0,0,0,0,0,0,0,0,0,0,0,0,0,0,0,0,0,0,0,0,0,0,0,0,0,0,0,0,0,0,0,0,0,0,0,0,0,0,0,0,0,0,0,0,0,0,0,0,0,0,0,0,0,0,0,0,0,0,0,0,0,0,0,0,0,0,0,0,0,0,0,0,0,0,0,0,0,0,0,0,0,0,0,0,0,0,0,0,0,0,0,0,0,0,0,0,0,0,0,0,0,0.000157878118092832,0,0,0,0,0,0,0,0,0,0,0,0,0,0,0,0,0,0,0,0,0,0,0,0,0,0,0,0,0,0,0,0,0,0,0,0,0,0,0,0,0,0,0,0,0,0,0,0,0,0,0,0,0,0,0,0,0,0,0,0,0,0,0,0,0,0,0,0,0,0,0,0,0,0,0,0,0,0,0,0,0.000157878118092832,0,0,0,0,0,0,0,0,0,0,0,0,0,0,0,0,0,0,0,0,0,0,0,0,0,0,0,0,0,0,0,0,0,0,0,0,0,0,0,0,0,0,0,0,0,0,0,0,0,0,0,0,0,0,0,0,0,0,0,0,0,0,0,0,0,0,0,0,0,0
"P17978",0,0,0,0,0,0,0,0,0,0,0,0,0,0,0,0,0,0,0,0,0,0,0,0,0,0,0,0,0,0,0,0,0,0,0,0,0,0,0,0,0,0,0,0,0,0,0,0,0,0,0,0,0,0,0,0,0,0,0,0,0,0,0,0,0,0,0,0,0,0,0,0,0,0,0,0,0,0,0,0,0,0,0,0,0,0,0,0,0,0,0,0,0,0,0,0,0,0,0,0,0,0,0,0,0,0,0,0,0,0.000157878118092832,0,0,0,0,0,0,0,0,0,0,0,0,0,0,0,0,0,0,0,0,0,0,0,0,0,0,0,0,0,0,0,0,0,0,0,0,0,0,0,0,0,0,0,0,0,0,0,0,0,0,0,0,0,0,0,0,0,0,0,0,0,0,0,0,0,0,0,0,0,0,0,0,0,0,0,0,0,0,0,0,0,0.000631512472371329,0,0,0,0,0,0,0,0,0,0,0,0,0,0,0,0,0,0,0,0,0,0,0,0,0,0,0,0,0,0,0,0,0,0,0,0,0,0,0,0,0,0,0,0,0,0,0,0,0,0,0,0,0,0,0,0,0,0,0,0,0,0,0,0,0,0,0,0,0
"P18005",0,0,0,0,0,0,0,0,0,0,0,0,0,0,0,0,0,0,0,0,0,0,0,0,0,0,0,0,0,0,0,0,0,0,0,0,0,0,0,0,0,0,0,0,0,0,0,0,0,0,0,0,0,0,0,0,0,0,0,0,0,0,0,0,0,0,0,0,0,0,0,0,0,0,0,0,0,0,0,0,0,0,0,0,0,0,0,0,0,0,0,0,0,0,0,0,0,0,0,0,0,0,0,0,0,0,0,0,0,0,0,0,0,0,0,0,0,0,0,0,0,0,0,0,0,0,0,0,0,0,0,0,0,0,0,0,0,0,0,0,0,0,0,0,0,0,0,0,0,0,0,0,0,0,0,0,0,0,0,0,0,0,0,0,0,0,0,0,0,0,0,0,0,0,0,0,0,0,0,0,0,0,0,0,0,0,0,0,0,0,0,0.000631512472371329,0,0,0,0,0,0,0,0,0,0,0,0,0,0,0,0,0.000315756236185665,0,0.000315756236185665,0,0,0,0,0,0,0,0,0,0,0,0,0,0,0,0,0,0,0,0,0,0,0,0,0,0,0.000315756236185665,0,0,0,0,0,0,0,0,0,0,0,0,0,0,0,0,0,0,0,0,0,0,0
"P18052",0,0,0,0,0.000473634354278497,0,0.000157878118092832,0,0,0,0,0,0,0,0,0,0,0,0,0,0,0,0,0,0,0,0,0,0,0,0,0,0,0,0,0,0,0,0,0,0,0,0,0,0,0,0,0,0,0,0,0,0,0,0,0,0,0,0,0,0,0,0,0,0,0,0,0,0,0,0,0,0,0,0,0,0,0,0,0,0,0,0,0,0,0,0.000631512472371329,0,0,0,0,0,0.000473634354278497,0,0,0,0,0,0,0,0,0.000315756236185665,0,0,0,0,0,0,0,0,0,0.000315756236185665,0,0,0.00142090306283549,0,0,0,0,0,0,0,0,0,0,0,0,0,0,0,0,0,0,0,0,0,0,0,0,0,0,0,0,0,0,0,0,0,0,0,0.000157878118092832,0,0,0,0,0,0,0,0,0,0.000157878118092832,0,0,0.000315756236185665,0,0,0,0,0,0,0,0,0,0,0,0,0,0,0,0,0,0,0,0,0,0,0,0,0,0,0,0,0,0,0,0,0,0.000947268708556994,0,0,0,0,0,0,0,0,0,0,0,0,0.000157878118092832,0,0,0.000157878118092832,0,0,0,0,0,0,0,0,0,0,0,0,0,0,0,0,0,0,0,0,0,0,0,0,0,0,0,0,0,0,0,0,0,0,0,0,0,0,0,0,0,0,0,0,0,0,0
"P18337",0,0,0,0,0,0,0,0,0,0,0,0,0,0,0,0,0,0,0,0,0,0,0,0,0,0,0,0,0,0,0,0,0,0,0,0,0,0,0,0,0,0,0,0,0,0,0,0,0,0,0,0,0,0,0,0,0,0,0,0,0,0,0,0,0,0,0,0,0,0,0,0,0,0,0,0,0,0,0,0,0,0,0,0,0.000157878118092832,0,0,0,0,0,0,0,0,0,0,0,0,0,0,0,0,0,0,0,0,0,0,0,0,0,0,0,0,0,0,0,0,0,0,0,0,0,0,0,0,0,0,0,0,0,0,0,0,0,0,0,0,0,0,0,0,0,0,0,0,0,0,0,0,0,0,0,0,0,0,0,0,0,0,0,0,0,0,0,0,0,0,0,0,0,0,0,0,0,0,0,0,0,0,0,0,0,0,0,0,0,0,0,0,0,0,0,0,0,0,0,0,0,0,0,0,0,0,0,0,0,0,0,0,0,0,0,0,0,0,0,0,0,0,0,0,0,0,0,0,0,0,0,0,0,0,0,0,0,0,0,0,0,0,0,0,0,0,0,0,0,0,0,0,0,0,0,0,0,0,0,0,0,0,0,0
"P18422",0,0,0,0,0,0,0,0,0,0,0,0,0,0,0,0,0,0,0,0,0,0,0,0,0,0,0,0,0,0,0,0,0,0,0,0,0,0,0,0,0,0,0,0,0,0,0,0,0,0,0,0,0,0,0,0,0,0,0,0,0,0,0,0,0,0,0,0,0,0,0,0,0,0,0,0,0,0,0,0,0,0,0,0,0,0,0,0,0,0,0,0,0,0,0,0,0,0,0,0,0,0,0,0,0,0,0,0,0,0,0,0,0,0,0,0,0,0.0058414903694348,0,0,0,0,0,0,0,0,0,0,0,0,0,0,0,0,0,0,0,0,0,0,0,0,0,0,0,0,0,0,0,0,0,0,0,0,0,0,0,0,0,0,0,0,0,0,0,0,0,0,0,0,0,0,0,0,0,0,0,0,0,0,0,0,0,0,0,0,0,0,0,0,0,0,0,0,0,0,0,0,0,0,0,0,0,0,0,0,0,0,0,0,0,0,0,0,0,0,0,0,0,0,0,0,0,0,0,0,0,0,0,0,0,0,0,0,0.000157878118092832,0,0,0,0,0,0,0,0,0,0,0,0,0,0,0,0,0,0.00473634354278497,0,0,0,0,0,0,0,0
"P18425",0,0,0,0,0,0,0,0,0,0.00142090306283549,0,0,0,0,0,0,0,0,0,0,0,0,0,0,0,0,0,0,0,0,0,0,0,0,0,0,0,0,0,0,0,0,0,0,0,0,0,0,0,0,0,0,0,0,0,0,0,0,0,0,0,0,0,0,0,0,0,0,0,0,0,0,0,0,0,0,0,0,0,0,0,0,0,0,0,0.000157878118092832,0,0,0,0,0,0,0,0,0,0,0,0,0,0,0,0,0,0,0,0,0,0,0.000631512472371329,0,0,0,0,0,0,0,0,0,0,0,0,0,0,0,0,0,0,0,0,0,0,0,0,0,0,0,0,0,0,0,0,0,0,0,0,0,0,0,0,0,0,0,0,0,0,0,0,0,0,0,0,0,0,0,0,0,0,0,0,0,0,0,0,0,0,0,0,0,0,0,0,0,0,0,0,0,0,0,0,0,0,0,0,0,0,0,0,0,0,0,0,0.000315756236185665,0,0,0,0,0,0,0,0,0,0,0,0,0,0,0,0,0,0,0,0,0,0,0,0,0,0,0,0,0,0,0,0,0,0,0,0,0,0,0,0,0,0,0,0,0,0,0,0,0,0,0,0,0,0,0,0,0,0,0
"P18446",0,0,0,0,0,0,0,0,0,0,0,0,0,0,0,0,0,0,0,0,0,0,0,0,0,0,0,0,0,0,0,0,0,0,0,0,0,0,0,0,0,0,0,0,0,0,0,0,0,0,0,0,0,0,0,0,0,0,0,0,0,0,0,0,0,0,0,0,0,0,0,0,0,0,0,0,0,0,0,0,0,0,0,0,0,0.000157878118092832,0,0,0,0,0,0,0,0,0,0,0,0,0,0,0,0,0,0,0,0,0,0,0,0,0,0,0,0,0,0,0,0,0,0,0,0,0,0,0,0,0,0,0,0,0,0,0,0,0,0,0,0,0,0,0,0,0,0,0,0,0,0,0,0,0,0,0,0,0,0,0,0,0,0,0,0,0,0,0,0,0,0,0,0,0,0,0,0,0,0,0,0,0,0,0,0,0,0,0,0,0,0,0,0,0,0,0,0,0,0,0,0,0,0,0,0,0,0,0,0,0,0,0,0,0,0,0,0,0,0,0,0,0,0,0,0,0,0,0,0,0,0,0,0,0,0,0,0,0,0,0,0,0,0,0,0,0,0,0,0,0,0,0,0,0,0,0,0,0,0,0,0,0,0,0.000157878118092832
"P18537",0,0,0,0.000157878118092832,0,0.000157878118092832,0,0,0.000315756236185665,0,0,0,0,0,0,0,0.000473634354278497,0,0.000315756236185665,0.000315756236185665,0.000157878118092832,0,0,0.000157878118092832,0,0,0,0.000157878118092832,0.000473634354278497,0,0,0,0,0,0,0,0,0,0,0,0,0,0,0,0,0,0,0,0,0,0,0,0,0,0,0,0,0,0,0,0,0,0,0,0,0,0,0,0,0,0,0,0,0,0,0,0,0,0,0,0,0,0,0,0,0.000157878118092832,0,0,0,0,0,0,0,0,0,0,0,0,0,0,0,0,0,0,0,0,0,0,0,0,0,0,0,0,0,0,0,0,0,0,0,0,0,0.000315756236185665,0,0,0,0,0,0,0,0,0,0.000157878118092832,0,0.000157878118092832,0,0,0,0,0,0,0,0,0,0,0,0,0,0,0,0,0,0,0,0,0,0,0,0,0,0,0,0,0,0,0,0,0,0,0,0,0,0,0,0,0,0,0,0,0,0,0,0,0,0,0,0,0,0,0,0,0,0,0,0,0,0,0,0,0,0,0,0,0,0,0,0,0,0,0,0,0,0,0.000157878118092832,0,0,0,0,0,0,0,0,0,0,0,0,0,0,0,0.000157878118092832,0,0,0,0,0,0,0,0,0.000473634354278497,0,0,0,0,0,0,0,0,0.000315756236185665,0,0.000473634354278497,0,0.000157878118092832,0.000315756236185665,0,0,0,0,0,0,0
"P18555",0,0,0,0,0,0,0,0,0,0,0,0,0,0,0,0,0,0,0,0,0,0,0,0,0,0,0,0,0,0,0,0,0,0,0,0,0,0,0,0,0,0,0,0,0,0,0,0,0,0,0,0,0,0,0,0,0,0,0,0,0,0,0,0,0,0,0,0,0,0,0,0,0,0,0,0,0,0,0,0,0,0,0,0,0,0.000157878118092832,0,0,0,0,0,0,0,0,0,0,0,0,0,0,0,0,0,0,0,0,0,0,0,0,0,0,0,0,0,0,0,0,0,0,0,0,0,0,0,0,0,0,0,0,0,0,0,0,0,0,0,0,0,0,0,0,0,0,0,0,0,0,0,0,0,0,0,0,0,0,0,0,0,0,0,0,0,0,0,0,0,0,0,0,0,0,0,0,0,0,0,0,0,0,0,0,0,0,0,0,0,0,0,0,0,0,0,0,0,0,0,0,0,0,0,0,0,0,0,0,0,0,0,0,0,0,0,0,0,0,0,0,0,0,0,0,0,0,0,0,0,0,0,0,0,0,0,0,0,0,0,0,0,0,0,0,0,0,0,0,0,0,0,0,0,0,0,0,0,0,0,0,0,0,0
"P18596",0,0,0,0,0,0,0,0,0,0,0,0,0,0,0,0,0,0,0,0,0,0,0,0,0,0,0,0,0,0,0,0,0,0,0,0,0,0,0,0,0,0,0,0,0,0,0,0,0,0,0,0,0,0,0,0,0,0,0,0,0,0,0,0,0,0,0,0,0,0,0,0,0,0,0,0,0,0,0,0,0,0,0,0,0,0,0,0,0,0,0,0,0,0,0,0,0,0,0,0,0,0,0,0,0,0,0,0,0,0,0,0,0,0,0,0,0.00126302494474266,0,0.00110514682664983,0,0,0,0,0,0,0.000315756236185665,0,0,0,0,0,0,0,0,0,0,0,0,0,0,0,0,0,0,0,0,0,0,0,0,0,0,0,0,0,0,0,0,0,0,0,0,0,0,0,0,0,0,0,0,0,0,0,0,0,0,0,0,0,0,0,0,0,0,0,0,0,0,0,0,0,0,0,0,0,0,0,0,0,0,0,0,0,0,0,0,0,0,0,0,0,0,0,0,0,0,0,0,0,0,0,0,0,0,0,0,0,0,0,0,0,0,0,0,0,0,0,0,0,0,0,0,0,0,0,0,0,0,0,0,0,0,0,0,0,0,0,0,0,0.000157878118092832,0
"P18665",0,0,0,0,0,0,0,0,0,0,0,0,0,0,0,0,0,0,0.000157878118092832,0,0,0,0,0,0,0,0,0,0,0,0,0,0,0,0,0,0,0,0,0,0,0,0,0,0,0,0,0,0,0,0,0,0,0,0,0,0,0,0,0,0,0,0,0,0,0,0,0,0,0,0,0,0,0,0,0,0,0,0,0,0,0,0,0,0,0,0,0,0,0,0,0,0,0,0,0,0,0,0,0,0,0,0,0,0,0,0,0,0,0,0,0,0,0,0,0,0,0,0,0,0,0,0,0,0,0.000157878118092832,0,0,0,0,0,0,0,0,0,0,0,0,0,0,0,0,0,0,0,0,0,0,0,0,0,0,0,0,0,0,0,0,0,0,0,0,0,0,0,0,0,0,0,0,0,0,0,0,0,0,0,0,0,0,0,0,0,0,0,0,0,0,0,0,0,0,0,0,0,0,0,0,0,0,0,0,0,0,0,0,0,0,0,0,0,0,0,0,0,0,0,0,0,0,0,0,0,0,0,0,0,0,0,0,0,0,0,0,0,0,0,0,0,0,0,0,0,0,0,0,0,0,0,0,0,0,0,0,0,0,0,0,0,0,0
"P18750",0,0,0,0,0,0,0,0,0,0,0,0,0,0,0,0,0,0,0,0,0,0,0,0,0,0,0,0,0,0,0,0,0,0,0,0,0,0,0,0,0,0,0,0,0,0,0,0,0,0,0,0,0,0,0,0,0,0,0,0,0,0,0,0,0,0,0,0,0,0,0,0,0,0,0,0,0,0,0,0,0,0,0,0,0,0,0.000157878118092832,0,0,0,0,0,0,0,0,0,0,0,0,0,0,0,0,0,0,0,0,0,0,0,0,0,0,0,0,0,0,0,0,0,0,0,0,0,0,0,0,0,0,0,0,0,0,0,0,0,0,0,0,0,0,0,0,0,0,0,0,0,0,0,0,0,0,0,0,0,0,0,0,0,0,0,0,0,0,0,0,0,0,0,0,0,0,0,0,0,0,0,0,0,0,0,0,0,0,0,0,0,0,0,0,0,0,0,0,0,0,0,0,0,0,0,0,0,0,0,0,0,0,0,0,0,0,0,0,0,0,0,0,0,0,0,0,0,0,0,0,0,0,0,0,0.00394695295232081,0,0,0,0,0,0,0,0,0,0,0,0,0,0,0,0,0,0,0,0,0,0,0,0,0,0,0,0,0
"P18767",0,0,0,0,0,0,0,0,0,0,0,0,0,0,0,0,0,0,0,0,0,0,0,0,0,0,0.00205241553520682,0,0,0,0,0,0,0,0,0,0,0,0,0,0,0,0,0,0,0,0,0,0,0,0,0,0,0,0,0,0,0,0,0,0,0,0,0,0,0,0,0,0,0,0,0,0,0,0,0,0,0,0,0,0,0,0,0,0,0,0,0,0,0,0,0,0.000157878118092832,0,0,0,0,0,0,0,0,0.000789390590464162,0,0,0,0,0,0,0,0,0,0,0,0,0,0,0,0,0,0,0,0,0,0,0,0,0,0,0,0,0,0,0,0,0,0,0,0,0,0,0,0,0,0,0,0,0,0,0,0,0,0.000157878118092832,0,0,0,0,0,0,0,0,0,0,0,0.000157878118092832,0,0,0,0,0,0,0,0,0,0,0,0,0,0,0,0,0,0,0,0,0,0,0,0,0,0,0,0,0,0,0,0,0,0.000315756236185665,0,0,0,0,0,0,0,0,0,0,0,0,0,0,0,0,0,0,0,0.000157878118092832,0,0,0,0,0,0,0,0,0,0,0,0,0,0,0,0,0,0,0,0,0,0,0,0,0,0,0,0,0,0,0,0,0,0,0,0,0,0,0,0,0,0,0
"P19101",0,0,0,0,0,0,0,0,0,0,0,0,0,0,0,0,0,0,0,0,0,0.00710451531417746,0,0,0,0,0,0,0,0,0,0,0,0,0,0,0,0,0,0,0,0,0,0,0,0,0,0,0,0,0,0,0,0,0,0,0,0,0,0,0,0,0,0,0,0,0,0,0,0,0,0,0,0,0,0,0,0,0,0,0,0,0,0,0,0,0,0,0.000157878118092832,0,0,0,0,0,0,0,0,0,0,0,0,0,0,0,0,0,0,0,0,0,0,0,0,0,0,0,0,0,0,0,0,0,0,0,0,0,0,0,0,0,0,0,0,0,0,0,0,0,0,0,0,0,0,0,0,0,0,0,0,0,0,0,0,0,0,0,0,0,0,0,0,0,0,0,0,0,0,0,0,0,0,0,0,0,0,0,0,0,0.000157878118092832,0,0,0,0,0,0,0,0,0,0,0,0,0,0,0,0,0,0,0,0,0,0,0,0,0,0,0,0,0,0,0,0,0,0,0,0,0,0,0,0,0,0,0,0,0,0,0,0,0,0,0,0,0,0,0,0,0,0,0,0,0,0,0,0,0,0,0,0,0,0,0,0,0,0,0,0,0,0.000631512472371329,0,0,0,0
"P19261",0,0,0,0,0,0,0,0,0,0,0,0,0.00710451531417746,0,0,0,0,0,0,0,0,0,0,0,0,0,0,0,0,0,0,0,0,0,0,0,0,0,0,0,0,0,0,0,0,0,0,0,0,0,0,0,0,0,0,0,0,0,0,0,0,0,0,0,0,0,0,0,0,0,0,0,0,0,0,0,0,0,0,0,0,0,0,0,0,0,0,0,0,0,0,0,0,0,0,0,0,0,0,0,0,0,0,0,0,0,0,0,0,0,0,0,0,0,0,0.0058414903694348,0,0,0,0,0,0,0,0,0,0,0,0,0,0,0,0,0,0,0,0,0,0,0,0,0,0,0,0,0,0,0,0,0,0,0,0,0,0.000157878118092832,0,0,0,0,0,0,0.000473634354278497,0,0,0.0048942216608778,0,0,0,0,0,0,0,0.0048942216608778,0,0,0,0.00347331859804231,0,0,0,0,0,0,0,0,0,0,0,0,0,0,0,0,0,0,0,0,0,0,0,0,0,0,0,0,0,0,0,0,0,0,0,0,0,0,0,0,0,0,0,0,0,0,0,0,0,0,0,0,0,0,0,0,0,0,0,0,0,0,0,0,0.00221029365329965,0,0,0,0,0,0,0,0,0,0,0,0,0,0,0,0.0058414903694348,0,0,0,0
"P19543",0,0,0,0,0,0,0,0,0,0,0,0,0,0,0,0,0,0,0.000157878118092832,0,0,0,0,0,0,0,0,0,0,0,0,0,0,0,0,0,0,0,0,0,0,0,0,0,0,0,0,0,0,0,0,0,0,0,0,0,0,0,0,0,0,0,0,0,0,0,0,0,0,0,0,0,0,0,0,0,0,0,0,0,0,0,0,0,0,0,0,0,0,0,0,0,0,0,0,0,0,0,0,0,0,0,0,0,0,0,0,0,0,0,0,0,0,0,0,0,0,0,0,0,0,0,0,0,0,0,0,0,0,0,0,0,0,0,0,0,0,0,0,0,0,0,0,0,0,0,0,0,0,0,0,0,0,0,0,0,0,0,0,0,0,0,0,0,0,0,0,0,0,0,0,0,0,0,0,0,0,0,0,0,0,0,0,0,0,0,0,0,0,0,0,0,0.000315756236185665,0,0,0,0,0,0,0,0,0,0,0,0,0,0,0,0,0,0,0,0,0,0,0,0,0,0,0,0,0,0,0,0,0,0,0,0,0,0,0,0,0.000473634354278497,0,0,0,0,0,0,0,0,0,0,0,0,0,0,0,0,0,0,0,0,0,0,0,0,0,0,0
"P19561",0,0,0,0,0.000789390590464162,0,0,0,0,0,0,0,0,0,0,0,0,0,0,0,0,0,0,0,0,0,0,0,0,0,0,0,0,0,0,0,0,0,0,0,0,0,0,0,0,0,0,0,0,0,0,0,0,0,0,0,0,0,0,0,0,0,0,0,0,0,0,0,0,0,0,0,0,0,0,0,0,0,0,0,0,0,0,0,0,0,0,0,0,0,0,0,0,0,0,0,0,0,0,0,0,0,0,0,0,0,0,0,0,0,0,0,0,0,0,0,0,0,0,0,0,0,0,0,0,0,0,0,0,0,0,0,0,0,0,0,0,0,0,0,0,0,0,0,0,0,0,0,0,0,0,0,0,0,0,0,0,0,0.000157878118092832,0,0,0,0,0,0,0,0,0.000631512472371329,0,0,0,0,0,0,0,0,0,0,0,0,0,0,0,0,0,0,0,0,0,0,0,0,0.000157878118092832,0,0,0,0,0,0,0,0,0,0,0,0,0,0,0,0,0,0,0,0,0.000315756236185665,0,0.000157878118092832,0,0,0,0,0,0,0,0,0,0,0,0,0,0,0,0,0,0,0,0,0,0,0,0,0,0,0,0,0,0,0,0,0,0,0,0,0,0,0,0,0,0,0,0,0
"P19565",0,0,0,0,0,0,0,0,0,0,0,0,0,0.000789390590464162,0,0,0,0,0,0,0,0,0,0,0,0,0,0,0,0,0,0,0,0,0,0,0,0,0,0,0,0,0,0,0,0,0,0,0,0,0,0,0,0,0,0,0,0,0,0,0,0,0,0,0,0,0,0,0,0,0,0,0,0,0,0,0,0,0,0,0,0,0,0,0,0,0,0,0,0,0,0,0,0,0,0,0,0,0,0,0,0,0,0,0,0,0,0,0,0,0,0,0,0,0,0,0,0,0,0,0,0,0,0,0,0,0,0,0,0,0,0,0,0,0,0,0,0,0,0,0,0,0,0,0,0,0,0,0,0,0,0,0,0,0,0,0,0,0,0,0,0,0,0,0,0,0,0,0,0,0,0,0,0,0,0,0,0,0,0,0,0,0,0,0,0,0,0,0,0,0,0,0.000157878118092832,0,0,0,0,0,0,0,0,0,0,0,0,0,0,0,0,0,0,0,0,0,0,0,0,0,0,0,0,0,0,0,0,0,0,0,0,0,0,0,0.00221029365329965,0,0.000157878118092832,0,0,0.000157878118092832,0,0,0,0,0,0,0,0,0,0,0,0,0,0,0,0,0,0,0,0,0,0,0
"P19599",0,0,0,0,0,0.00173665929902116,0,0,0,0,0,0,0,0,0,0,0,0,0,0,0,0,0,0,0,0,0.000157878118092832,0,0,0,0,0,0,0,0,0,0,0,0,0,0,0,0,0,0,0,0,0,0,0,0,0,0,0,0,0,0,0,0,0,0,0,0,0,0,0,0,0,0,0,0,0,0,0,0,0,0,0,0,0,0,0,0,0,0,0,0,0,0,0,0,0,0,0,0,0,0,0,0,0,0,0,0,0,0,0,0,0,0,0,0,0.00284180612567098,0,0,0,0,0,0,0,0,0,0,0,0,0,0,0,0,0,0,0,0,0,0,0,0,0,0,0,0,0,0,0,0,0,0,0,0,0,0,0,0,0,0,0,0,0,0,0,0,0,0,0,0,0,0,0,0,0,0,0,0,0,0,0,0,0,0,0,0,0,0,0,0,0,0,0,0,0,0,0,0,0.000157878118092832,0,0,0,0,0,0.000157878118092832,0,0,0,0,0,0,0,0,0,0,0,0,0,0,0,0,0,0,0,0,0,0,0,0,0,0,0,0,0.000157878118092832,0,0,0,0,0,0,0,0,0,0,0,0,0,0,0,0,0,0,0,0,0,0,0,0.000631512472371329,0,0,0.000947268708556994,0,0.00110514682664983,0.0271550363119672,0,0,0.000315756236185665
"P19628",0,0,0,0,0,0,0,0,0,0,0,0,0,0,0,0,0,0,0,0,0,0,0,0,0,0,0,0,0,0,0,0.000157878118092832,0,0,0,0,0,0,0,0,0,0,0,0,0,0,0,0,0,0,0,0,0,0,0,0,0,0,0,0,0,0,0,0,0,0,0,0,0,0,0,0,0,0,0,0,0,0,0,0,0,0,0,0,0,0,0,0,0,0,0,0,0,0,0,0,0,0,0,0,0,0,0,0,0,0,0,0,0,0,0,0,0,0,0,0,0,0,0,0,0,0,0,0,0,0,0,0,0,0,0,0,0,0,0,0,0,0,0,0,0,0,0,0,0,0,0,0,0,0,0,0,0,0,0,0,0,0,0,0,0,0,0,0,0,0,0,0,0,0,0,0,0,0,0,0,0,0,0,0,0,0,0,0,0,0,0,0,0,0,0,0,0.000157878118092832,0,0,0,0,0,0,0,0,0,0,0,0,0,0,0,0,0,0,0,0,0,0,0,0,0,0,0,0,0,0,0,0,0,0,0,0,0,0,0,0,0,0,0,0,0,0,0,0,0,0,0.000157878118092832,0,0,0,0,0,0,0,0,0,0,0,0,0,0,0,0,0
"P20003",0,0,0,0,0,0,0,0,0,0,0,0,0,0,0,0,0.000157878118092832,0,0,0,0,0,0,0,0,0,0,0,0,0,0,0,0,0,0,0,0,0,0,0,0,0,0,0,0,0,0,0,0,0,0,0,0,0,0,0,0,0,0,0,0,0,0,0,0,0,0,0,0,0,0,0,0,0,0,0,0,0,0,0,0,0,0,0,0,0,0,0,0,0,0,0.000157878118092832,0,0,0,0,0,0,0,0,0,0,0,0,0,0,0,0,0,0,0,0,0,0,0,0.000315756236185665,0,0,0,0,0,0,0,0,0,0,0,0,0,0,0,0,0,0,0,0,0,0,0,0,0,0,0,0,0,0,0,0,0,0,0,0,0,0,0,0,0,0,0,0.000157878118092832,0,0,0,0,0,0,0,0,0,0,0,0,0,0,0,0,0,0,0,0,0,0,0,0,0,0,0,0,0,0,0,0,0,0,0,0,0,0,0,0,0,0,0,0,0,0,0,0,0,0,0,0,0,0,0,0,0,0,0,0,0,0,0,0,0,0,0,0,0,0,0,0,0,0,0,0,0,0,0,0,0,0,0,0,0,0,0,0,0,0,0,0,0,0,0,0,0,0,0,0,0
"P20221",0,0,0,0,0,0,0,0,0,0,0,0,0,0,0,0,0,0,0,0,0,0,0.00110514682664983,0,0,0,0,0,0,0,0,0,0,0,0,0,0,0,0,0,0,0,0,0,0,0,0,0,0,0,0,0,0,0,0,0,0,0,0,0,0,0,0,0,0,0,0,0,0,0,0,0,0,0,0,0,0,0,0,0,0,0,0,0,0,0,0,0,0,0,0,0,0,0,0,0,0,0,0,0,0,0,0,0,0,0,0,0,0,0,0,0,0,0,0,0,0,0,0,0,0,0,0,0,0,0,0,0,0,0,0,0,0,0,0,0,0,0,0,0,0,0,0,0,0,0,0,0,0,0,0,0,0,0,0,0,0,0,0,0,0,0,0,0,0,0,0,0,0,0,0,0,0,0,0,0,0,0,0,0,0,0,0,0,0,0,0,0,0,0,0,0,0,0,0,0,0,0,0,0,0,0,0,0,0,0,0,0,0,0,0.00110514682664983,0,0,0,0,0,0,0,0,0,0,0,0,0,0,0,0,0,0,0,0,0,0,0,0,0,0,0,0,0,0,0,0,0,0,0,0,0,0,0,0,0,0,0,0,0,0,0,0,0,0
"P20415",0,0,0,0,0,0,0,0,0,0,0,0,0,0,0,0,0,0,0,0,0,0,0,0,0,0,0,0,0,0,0,0,0,0,0,0,0,0,0,0,0,0,0,0,0,0,0,0,0,0,0,0,0,0,0,0,0,0,0,0,0,0,0,0,0,0,0,0,0,0,0,0,0,0,0,0,0,0,0,0,0,0,0,0,0,0,0,0,0,0,0,0,0,0,0,0,0,0,0,0,0,0,0,0,0,0,0,0,0,0,0,0,0,0,0,0,0,0,0,0,0,0,0,0,0,0,0,0,0,0,0,0,0,0,0,0,0,0,0,0,0,0,0,0,0,0,0,0,0,0,0,0,0,0,0,0,0,0,0,0,0,0,0,0,0,0,0,0,0,0,0,0,0,0,0,0,0,0,0,0,0,0,0,0,0,0,0,0,0,0,0,0,0,0,0,0,0,0,0,0,0,0,0,0,0,0,0,0,0,0,0,0,0,0,0,0,0,0,0,0,0,0,0,0,0,0,0,0,0,0,0,0.000473634354278497,0.000473634354278497,0,0,0,0,0,0,0,0,0,0,0,0,0,0,0,0,0,0,0,0,0,0,0,0,0,0,0,0
"P20869",0,0,0,0,0,0,0,0,0,0,0,0,0,0,0,0,0,0,0,0,0,0.000473634354278497,0,0,0,0,0,0,0,0,0,0,0,0,0,0,0,0,0,0,0,0,0,0,0,0,0,0,0,0,0,0,0,0,0,0,0,0,0,0,0,0,0,0,0,0,0,0,0,0,0,0,0,0,0,0,0,0,0,0,0,0,0,0,0,0,0,0,0,0,0,0,0,0,0,0,0,0,0,0,0,0,0,0,0,0,0,0,0,0,0,0,0,0,0,0,0,0,0,0,0,0,0,0,0,0,0,0,0,0,0,0,0,0,0,0,0,0,0,0,0,0,0,0,0,0,0,0,0,0,0,0,0,0,0,0,0,0,0,0,0,0,0,0,0,0,0,0,0,0,0,0,0,0,0,0,0,0,0,0,0,0,0,0,0,0,0,0,0,0,0,0,0,0,0,0,0,0,0,0,0,0,0,0,0,0,0,0,0,0,0,0,0,0,0,0,0,0,0,0,0,0,0,0,0,0,0,0,0,0,0,0,0,0,0,0,0,0,0,0,0,0,0,0,0,0,0,0,0,0,0,0,0,0,0,0,0,0,0,0,0
"P20896",0,0,0,0,0,0,0,0,0,0,0,0,0,0,0,0,0,0,0,0,0,0,0,0,0,0,0,0,0,0,0,0,0,0,0,0,0,0,0,0,0,0,0,0,0,0,0,0,0,0,0,0,0,0,0,0,0,0,0,0,0,0,0,0,0,0,0,0,0,0,0,0,0,0,0,0,0,0,0,0,0,0,0,0,0,0,0,0,0,0,0,0,0,0,0,0,0.000789390590464162,0,0,0,0,0,0,0,0,0,0,0,0,0,0,0,0,0,0,0,0.124565835175245,0,0.0257341332491317,0,0,0,0,0,0,0,0,0,0,0,0,0,0,0,0,0,0,0,0,0,0,0,0,0,0,0,0,0.000157878118092832,0,0,0,0,0,0,0,0,0,0,0,0,0,0,0,0,0,0,0,0,0,0,0,0,0,0,0,0,0,0,0,0,0,0,0,0,0,0,0,0,0,0,0,0,0,0,0,0,0,0,0,0,0,0,0,0,0,0,0,0,0,0,0,0,0,0,0,0,0,0,0,0,0,0,0,0,0,0,0,0,0,0,0,0,0,0,0,0,0.000157878118092832,0,0,0,0,0,0,0,0,0,0,0,0,0,0,0,0,0,0,0,0,0,0,0,0
"P21104",0,0,0,0,0,0,0,0,0,0,0,0,0,0,0,0,0,0,0,0,0,0,0,0,0,0,0,0,0,0,0,0,0,0,0,0,0,0,0,0,0,0,0,0,0,0,0,0,0,0,0,0,0,0,0,0,0,0,0,0,0,0,0,0,0,0,0,0,0,0,0,0,0,0,0,0,0,0,0,0,0,0,0,0,0,0,0,0,0,0,0,0,0,0,0,0,0,0.000157878118092832,0,0,0,0,0,0.000157878118092832,0,0,0,0,0,0,0,0,0,0,0,0,0,0,0,0,0,0,0,0,0,0,0,0,0,0,0,0,0,0,0,0,0,0,0,0,0,0,0,0,0,0,0,0,0,0,0,0,0,0,0,0.000157878118092832,0,0,0,0,0,0,0,0,0,0,0,0,0,0,0,0,0,0,0,0,0,0,0,0,0,0,0,0,0,0,0,0,0,0,0,0,0,0,0,0,0,0,0,0,0,0,0,0,0,0,0,0,0,0,0,0,0,0,0,0,0,0,0,0,0,0,0,0,0,0,0,0,0,0,0,0,0,0,0,0,0,0,0,0,0,0,0,0,0,0,0,0,0,0,0,0,0,0,0,0,0,0,0,0,0
"P21513",0,0,0,0,0,0,0,0,0,0,0,0,0,0,0,0,0,0,0,0,0,0,0,0,0,0,0,0,0,0,0,0,0,0,0,0,0,0,0,0,0,0,0,0,0,0,0,0,0,0,0,0,0,0,0,0,0,0,0,0,0,0,0,0,0,0,0,0,0,0,0,0,0,0,0,0,0,0,0,0,0,0,0,0,0,0,0,0,0,0,0,0,0,0,0,0,0,0,0,0.00110514682664983,0,0,0,0,0,0,0,0,0,0,0,0,0,0,0,0,0,0,0,0,0,0,0,0,0,0,0,0,0,0,0,0,0,0,0,0,0,0,0,0,0,0,0,0,0.00931480896747711,0,0,0,0,0,0,0,0,0,0,0,0,0,0,0,0,0,0,0,0,0,0,0,0,0,0,0,0,0,0,0,0,0,0,0,0,0,0,0,0,0,0,0,0,0,0,0,0,0,0,0,0,0,0,0,0,0,0,0,0,0,0,0,0,0,0,0,0,0,0,0,0,0,0,0,0,0,0,0,0,0,0,0,0,0,0,0,0,0,0,0,0,0,0,0,0,0,0,0,0,0,0,0,0,0,0,0,0,0,0,0,0,0,0,0,0
"P21637",0,0,0,0,0.00268392800757815,0.00347331859804231,0,0.000473634354278497,0,0,0,0,0,0,0,0,0,0,0.000631512472371329,0,0.00505209977897063,0,0,0,0,0,0.000789390590464162,0,0,0,0,0,0,0,0,0,0,0,0,0,0,0,0,0,0,0,0,0,0,0,0,0,0,0,0,0,0,0,0,0,0,0,0,0,0,0,0,0,0,0,0,0,0,0,0,0,0,0,0,0,0,0,0,0,0,0,0,0,0,0,0,0,0,0,0,0,0,0,0,0,0.00205241553520682,0,0,0,0,0,0,0,0,0,0,0.00173665929902116,0,0,0.0344174297442374,0,0,0,0,0,0,0,0,0,0,0,0,0,0,0,0,0,0,0,0,0,0,0,0,0,0,0,0,0,0,0,0,0,0,0,0,0,0,0.000157878118092832,0,0,0,0.000947268708556994,0,0,0.000947268708556994,0,0,0.00236817177139249,0,0,0,0.000631512472371329,0,0.00173665929902116,0.000315756236185665,0.00378907483422798,0,0,0.00378907483422798,0,0,0,0,0,0,0,0,0,0,0,0,0,0,0,0,0,0,0,0,0,0,0,0,0,0,0,0,0,0,0,0,0,0,0,0,0,0,0.00110514682664983,0,0.00299968424376381,0,0,0,0,0,0,0,0,0,0,0,0,0,0,0,0,0,0.000157878118092832,0,0,0,0,0,0.000947268708556994,0.00157878118092832,0,0,0,0.000315756236185665,0,0,0,0,0,0,0,0,0,0,0,0,0,0,0,0
"P21659",0,0,0,0,0.000631512472371329,0.00110514682664983,0,0,0,0,0,0,0,0,0,0,0,0,0.000789390590464162,0,0.000947268708556994,0,0,0,0,0,0.000157878118092832,0,0,0,0,0,0,0,0,0,0,0,0,0,0,0,0,0,0,0,0,0,0,0,0,0,0,0,0,0,0,0,0,0,0,0,0,0,0,0,0,0,0,0,0,0,0,0,0,0,0,0,0,0,0,0,0,0,0,0,0,0,0,0,0,0,0,0,0,0,0,0,0,0,0.000315756236185665,0,0,0,0,0,0,0,0,0,0,0.000315756236185665,0,0,0.0097884433217556,0,0,0,0,0,0,0,0,0,0,0,0,0,0,0,0,0,0,0,0,0,0,0,0,0,0,0,0,0,0,0,0,0,0,0,0,0,0,0,0,0,0,0.000947268708556994,0,0,0,0,0,0.000473634354278497,0,0,0,0.000473634354278497,0,0.00110514682664983,0,0.000947268708556994,0,0,0.00157878118092832,0,0,0,0,0,0,0,0,0,0,0,0,0,0,0,0,0,0,0,0,0,0,0,0,0,0,0,0,0,0,0,0,0,0,0,0,0,0,0,0,0.00110514682664983,0,0,0,0,0,0,0,0,0,0,0,0,0,0,0,0,0,0.000473634354278497,0,0,0,0,0,0.000631512472371329,0.000631512472371329,0,0,0,0.000315756236185665,0,0,0,0,0,0,0,0,0,0,0,0,0,0,0,0
"P21666",0,0,0,0,0,0,0,0,0,0,0,0,0,0,0,0,0,0,0,0,0.000315756236185665,0,0,0,0,0,0.000157878118092832,0,0,0,0,0,0,0,0,0,0,0,0,0,0,0,0,0,0,0,0,0,0,0,0,0,0,0,0,0,0,0,0,0,0,0,0,0,0,0,0,0,0,0,0,0,0,0,0,0,0,0,0,0,0,0,0,0,0,0,0,0,0,0,0,0,0,0,0,0,0,0,0,0,0,0,0,0,0,0,0,0,0,0,0,0.000157878118092832,0,0,0.00236817177139249,0,0,0,0,0,0,0,0,0,0,0,0,0,0,0,0,0,0,0,0,0,0,0,0,0,0,0,0,0,0,0,0,0,0,0,0,0,0,0,0,0,0,0,0,0,0,0,0,0.000157878118092832,0,0,0,0.000157878118092832,0,0.000157878118092832,0,0,0,0,0.000315756236185665,0,0,0,0,0,0,0,0,0,0,0,0,0,0,0,0,0,0,0,0,0,0,0,0,0,0,0,0,0,0,0,0,0,0,0,0,0,0,0.000157878118092832,0,0.000157878118092832,0,0,0,0,0,0,0,0,0,0,0,0,0,0,0,0,0,0.000315756236185665,0,0,0,0,0,0.000315756236185665,0.000473634354278497,0,0,0,0,0,0,0,0,0,0,0,0,0,0,0,0,0,0,0,0
"P21754",0,0,0,0,0.000157878118092832,0,0,0,0,0,0,0,0,0,0,0,0,0,0,0,0,0,0,0,0,0,0,0,0,0,0,0,0,0,0,0,0,0,0,0,0,0,0,0,0,0,0,0,0,0,0,0,0,0,0,0,0,0,0,0,0,0,0,0,0,0,0,0,0,0,0,0,0,0,0,0,0,0,0,0,0,0,0,0,0,0,0,0,0,0,0,0,0,0,0,0,0,0,0,0,0,0,0,0,0,0,0,0,0,0,0,0,0,0,0,0,0,0,0,0,0,0,0,0,0,0,0,0,0,0,0,0,0,0,0,0,0,0,0,0,0,0,0,0,0,0,0,0,0,0,0,0,0,0,0,0,0,0,0,0,0,0,0,0,0,0,0,0,0,0,0,0,0,0,0,0,0,0,0,0,0,0,0,0,0,0,0,0,0,0,0,0,0,0,0,0,0,0,0,0,0,0,0,0,0,0,0,0,0,0,0,0,0,0,0,0,0,0,0,0,0,0,0,0,0,0,0,0,0,0,0,0,0,0,0,0,0,0,0,0,0,0,0,0,0,0,0,0,0,0,0,0,0,0,0,0,0,0,0,0,0
"P21802",0,0,0,0,0,0,0,0,0,0,0,0,0,0,0,0,0,0,0,0,0,0,0,0,0,0,0,0,0,0,0,0,0,0,0,0,0,0,0,0,0,0,0,0,0,0,0,0,0,0,0,0,0,0,0,0,0,0,0,0,0,0,0,0,0,0,0,0,0,0,0,0,0,0,0,0,0,0,0,0,0,0,0,0,0,0,0,0,0,0,0,0,0,0,0,0,0,0,0,0,0.000157878118092832,0,0,0,0,0,0,0,0,0,0,0,0,0,0,0,0,0,0,0,0,0,0,0,0,0,0,0,0,0,0,0,0,0,0,0,0,0,0,0,0,0,0,0,0,0,0,0,0,0,0,0,0,0,0,0,0,0,0,0,0,0,0,0,0,0,0,0,0,0,0,0,0,0,0,0.000631512472371329,0,0,0,0,0,0,0,0,0,0,0,0,0,0,0,0,0,0,0,0,0,0,0,0,0,0,0,0,0,0,0,0,0,0,0,0,0,0,0,0,0,0,0,0,0,0,0,0,0,0,0,0,0,0,0,0,0,0,0,0,0,0,0,0,0,0,0,0,0,0,0,0,0,0,0,0,0,0,0,0,0,0,0,0,0
"P22007",0,0,0,0,0,0,0,0,0,0,0,0,0,0,0,0,0,0,0,0,0,0,0,0,0,0,0.000157878118092832,0,0,0,0,0,0,0,0,0,0,0,0,0,0,0,0,0,0,0,0,0,0,0,0,0,0,0,0,0,0,0,0,0,0,0,0,0,0,0,0,0,0,0,0,0,0,0,0,0,0,0,0,0,0,0,0,0,0,0,0,0,0,0,0,0,0,0,0,0,0,0,0,0,0,0,0,0,0,0,0,0,0,0,0,0,0,0,0,0,0,0,0,0,0,0,0,0,0,0,0,0,0,0,0,0,0,0,0,0,0,0,0,0,0,0,0,0,0,0,0,0,0,0,0,0,0,0,0,0,0,0,0,0,0,0,0,0,0,0,0,0,0,0,0,0,0,0,0,0,0,0,0,0,0,0,0,0,0,0,0,0,0,0,0,0,0,0,0,0,0,0,0,0,0,0,0,0,0,0,0,0,0,0,0,0,0,0,0,0,0,0,0,0,0,0,0,0,0,0,0,0,0,0,0,0,0,0,0,0,0,0,0,0,0,0,0,0,0,0,0,0,0,0,0,0,0,0,0,0,0,0,0,0,0
"P22151",0,0,0,0,0,0,0,0,0,0,0,0,0,0,0,0,0,0,0,0,0,0,0,0,0,0,0,0,0,0,0,0,0,0,0,0,0,0,0,0,0,0,0,0,0,0,0,0,0,0,0,0,0,0,0,0,0,0,0,0,0,0,0,0,0,0,0,0,0,0,0,0,0,0,0,0,0,0,0,0,0,0,0,0,0,0,0,0,0,0,0,0,0,0,0,0,0,0,0,0,0,0,0.000473634354278497,0,0,0,0,0,0,0,0,0,0,0,0,0,0,0,0,0,0,0,0,0,0,0,0,0,0,0,0,0,0,0,0,0,0,0,0,0,0,0,0,0,0,0,0,0,0,0,0,0,0,0,0,0,0,0,0,0,0,0,0,0,0,0,0,0,0,0,0,0,0,0,0,0,0,0,0,0,0,0,0,0,0,0,0,0,0,0,0,0,0,0,0,0,0,0,0,0,0,0,0,0,0,0,0,0,0,0,0,0,0,0,0,0,0,0,0,0,0,0,0,0,0,0,0,0,0,0,0,0,0,0,0,0,0,0,0,0,0,0,0,0,0,0,0,0,0,0,0,0,0,0,0,0,0,0,0,0,0
"P22288",0,0,0,0,0,0,0,0,0,0,0,0,0,0,0,0,0,0,0,0,0,0,0,0,0,0,0,0,0,0,0,0,0,0,0,0,0,0,0,0,0,0,0,0,0,0,0,0,0,0,0,0,0,0,0,0,0,0,0,0,0,0,0,0,0,0,0,0,0,0,0,0,0,0,0,0,0,0,0,0,0,0,0,0,0,0,0,0,0,0,0,0,0,0,0,0,0,0,0,0,0,0,0,0.000315756236185665,0,0,0,0,0,0,0,0,0,0,0,0,0.000315756236185665,0,0.000315756236185665,0,0,0,0,0,0,0,0,0,0,0,0,0,0,0,0,0,0,0,0,0,0,0,0,0,0,0,0,0,0,0,0,0,0,0,0,0,0,0,0,0,0,0,0,0,0,0,0,0,0,0,0,0,0,0,0,0,0,0,0,0,0,0,0,0,0,0,0,0,0,0,0,0,0,0,0,0,0,0,0,0,0,0,0,0,0,0,0,0,0,0,0,0,0,0,0,0,0,0,0,0,0,0,0,0,0,0,0,0,0,0,0,0,0,0,0,0,0,0,0,0,0,0,0,0,0,0,0,0,0,0,0,0,0,0,0,0,0,0,0,0,0
"P22511",0,0,0,0,0,0,0,0,0,0,0,0,0,0,0,0,0,0,0,0,0,0,0,0,0,0,0,0,0,0,0,0,0,0,0,0,0,0,0,0,0,0,0,0,0,0,0,0,0,0,0,0,0,0,0,0,0,0,0,0,0,0,0,0,0,0,0,0,0,0,0,0,0,0,0,0,0,0,0,0,0,0,0,0,0,0,0,0,0,0,0,0,0,0,0,0,0,0,0,0,0,0,0,0,0,0,0,0,0,0,0,0,0,0,0,0,0,0,0,0,0,0,0,0,0,0,0,0,0,0,0,0,0,0,0,0,0,0,0,0,0,0,0,0,0,0,0,0,0,0,0,0,0,0,0,0,0,0,0,0,0,0,0,0,0,0,0,0,0,0,0,0,0,0,0,0,0,0,0,0,0,0,0.000473634354278497,0,0,0,0,0,0,0,0,0,0,0,0.000315756236185665,0,0,0,0,0,0,0,0,0,0,0,0,0,0,0,0,0,0,0,0,0,0,0,0,0,0,0,0,0,0,0,0,0,0,0,0.00142090306283549,0,0,0,0,0,0,0,0,0,0,0,0,0,0,0,0,0,0,0,0,0,0,0,0,0,0,0,0,0,0
"P22562",0,0,0,0,0,0,0,0,0,0,0,0,0,0,0,0,0,0,0,0,0,0,0,0,0,0,0,0,0,0,0,0,0,0,0,0,0,0,0,0,0,0,0,0,0,0,0,0,0,0,0,0,0,0,0,0,0,0,0,0,0,0,0,0,0,0,0,0,0,0,0,0,0,0,0,0,0,0,0,0,0,0,0,0,0,0,0,0,0,0,0,0,0,0,0,0,0,0,0,0,0,0,0,0,0,0,0,0,0,0,0,0,0,0,0,0,0,0,0,0,0,0,0,0,0,0,0,0,0,0,0,0,0,0,0,0,0,0,0,0,0,0,0,0,0,0,0,0,0,0,0,0,0,0,0,0.000157878118092832,0,0,0,0,0,0,0,0,0,0,0,0,0,0,0,0,0,0,0,0,0,0,0,0,0,0,0,0,0,0,0,0,0,0,0,0,0,0,0,0,0,0,0,0,0,0,0,0,0,0,0,0,0,0,0,0,0,0,0,0,0,0,0,0,0,0,0,0,0,0,0,0,0,0,0,0,0,0,0,0,0.000157878118092832,0,0,0,0,0,0,0,0,0,0,0,0,0,0,0,0,0,0,0,0,0,0.000157878118092832,0,0
"P22925",0,0,0,0,0,0,0,0,0,0,0,0,0,0,0,0,0,0,0,0,0,0,0,0,0,0,0,0,0,0,0,0,0,0,0,0,0,0,0,0,0,0,0,0,0,0,0,0,0,0,0,0,0,0,0,0,0,0,0,0,0,0,0,0,0,0,0,0,0,0,0,0,0,0,0,0,0,0,0,0,0,0,0,0,0,0,0,0,0,0,0,0,0,0,0,0,0,0,0,0,0,0,0,0,0,0,0,0,0,0,0,0,0,0,0,0,0,0,0,0,0,0,0,0,0,0,0,0,0,0,0,0,0.00189453741711399,0,0,0,0,0,0,0,0,0,0,0,0,0,0,0,0,0,0,0,0,0,0,0,0,0,0,0,0,0,0,0,0,0,0,0,0,0,0,0,0,0,0,0,0,0,0,0,0,0,0,0,0,0,0,0,0,0,0,0,0,0,0,0,0,0,0,0,0,0,0,0,0,0,0,0,0,0,0,0,0,0,0,0,0,0,0,0,0,0,0,0,0,0,0,0,0,0,0,0,0,0.000157878118092832,0,0,0,0,0,0,0,0,0,0,0,0,0,0,0,0,0,0,0,0,0,0,0,0,0,0,0
"P22977",0,0,0,0,0,0,0.000315756236185665,0,0,0.000947268708556994,0,0,0.000157878118092832,0,0,0,0,0.00126302494474266,0,0,0,0,0,0,0,0.000473634354278497,0.000157878118092832,0,0,0,0.000631512472371329,0,0,0,0,0,0,0,0,0,0,0,0,0,0,0,0,0,0,0,0,0,0,0,0,0,0,0,0,0,0,0,0,0,0,0,0,0,0,0,0,0,0,0,0,0,0,0,0,0,0,0,0,0,0,0,0,0,0,0,0,0,0,0,0,0,0,0,0,0,0,0,0,0,0,0,0,0,0.000157878118092832,0,0,0,0,0,0,0.000473634354278497,0,0,0,0,0,0,0,0,0,0,0,0,0,0,0,0,0,0,0,0.000631512472371329,0,0,0,0,0,0,0,0,0,0,0,0,0,0,0,0,0,0.000157878118092832,0,0,0.000157878118092832,0,0,0,0,0.000315756236185665,0,0,0,0,0,0,0,0.000789390590464162,0,0,0,0,0.00236817177139249,0,0,0,0,0.000157878118092832,0,0,0.000157878118092832,0,0,0,0,0,0,0,0,0,0,0,0,0,0,0,0,0,0,0,0,0,0,0,0,0,0,0,0,0,0,0.000789390590464162,0,0,0,0,0,0,0,0,0,0,0,0,0,0,0,0,0,0,0,0,0,0,0,0,0,0.00410483107041364,0,0,0,0,0,0,0,0,0,0,0,0,0,0,0,0.000473634354278497,0,0,0,0,0
"P23243",0,0,0,0,0,0,0,0,0,0,0,0,0,0,0,0,0,0,0,0,0,0,0,0,0,0,0,0,0,0,0,0,0,0,0,0,0,0,0,0,0,0,0,0,0,0,0,0,0,0,0,0,0,0,0,0,0,0,0,0,0,0,0,0,0,0,0,0,0,0,0,0,0,0,0,0,0,0,0,0,0,0,0,0,0,0,0,0,0,0,0,0,0,0,0,0,0,0,0,0,0,0,0,0,0,0,0,0,0,0,0,0,0,0,0.0230502052415535,0,0,0,0,0,0,0,0,0,0,0,0,0,0,0,0,0,0,0,0,0,0,0,0,0,0,0,0,0,0,0,0,0,0,0,0,0,0,0,0,0,0,0,0,0,0,0.000473634354278497,0,0,0,0,0,0,0,0,0,0,0,0,0,0,0,0,0,0,0,0,0,0,0,0,0,0,0,0,0,0,0,0,0,0,0,0,0,0,0,0,0,0,0,0,0,0,0,0,0,0,0,0,0,0,0,0,0,0,0,0,0,0,0,0,0,0,0,0,0,0,0,0,0,0,0,0.000157878118092832,0,0,0,0,0,0,0,0,0,0,0,0,0,0,0,0.000157878118092832,0,0,0.00284180612567098,0,0,0,0
"P23266",0,0,0,0,0,0,0,0,0,0,0,0,0,0,0,0,0,0,0,0,0,0,0,0,0,0,0,0,0,0,0,0,0,0,0,0,0,0,0,0,0,0,0,0,0,0,0,0,0,0,0,0,0,0,0,0,0,0,0,0,0,0,0,0,0,0,0,0,0,0,0,0,0,0,0,0,0,0,0,0,0,0,0,0,0,0,0,0,0,0,0,0,0,0,0,0,0,0,0,0,0,0,0,0,0,0,0,0,0,0,0,0,0,0,0,0,0,0,0,0,0,0,0,0,0,0,0,0,0,0,0,0,0,0,0,0,0,0,0,0,0,0,0,0,0,0,0,0,0,0,0,0,0,0,0,0,0,0,0,0,0,0,0,0,0,0,0,0,0,0,0,0,0,0,0,0,0,0,0,0,0,0,0,0,0,0,0,0,0,0,0,0,0,0,0,0,0,0,0,0,0,0,0,0,0,0,0,0,0,0,0,0,0,0,0,0,0,0,0,0,0,0,0,0,0,0,0,0,0,0,0,0,0,0,0,0,0,0,0,0,0,0,0,0,0,0,0.000157878118092832,0,0,0,0,0,0,0,0,0,0,0,0,0,0
"P23360",0,0,0,0,0,0,0,0,0,0,0,0,0,0,0,0,0,0,0,0,0,0,0,0,0,0,0,0,0,0,0,0,0,0,0,0,0,0,0,0,0,0,0,0,0,0,0,0,0,0,0,0,0,0,0,0,0,0,0,0,0,0,0,0,0,0,0,0,0,0,0,0,0,0,0,0,0,0,0,0,0,0,0,0,0,0,0,0,0,0,0,0,0,0,0,0,0,0,0,0,0,0,0,0,0,0,0,0,0,0,0,0,0,0,0,0,0,0,0,0,0,0,0,0,0,0,0,0,0,0,0,0,0,0,0,0,0,0,0,0,0,0,0,0,0,0,0,0,0,0,0,0,0,0,0,0,0,0.0123144932112409,0,0,0,0,0,0,0,0,0,0,0,0,0,0,0,0,0,0,0,0,0,0,0,0,0,0,0,0,0,0,0,0,0,0,0,0,0,0,0,0,0,0,0,0,0,0,0,0,0,0,0,0,0,0,0,0,0,0,0,0,0,0,0,0,0,0,0,0,0,0,0,0,0,0,0,0,0,0,0,0,0,0,0,0,0,0,0,0,0,0,0,0,0,0,0,0,0,0,0,0,0,0,0
"P23551",0,0,0,0,0,0,0,0,0,0,0,0,0,0,0,0,0,0,0,0,0,0,0,0,0,0,0,0,0,0,0,0,0,0,0,0,0,0,0,0,0,0,0,0,0,0,0,0,0,0,0,0,0,0,0,0,0,0,0,0,0,0,0,0,0,0,0,0,0,0,0,0,0,0,0,0,0,0,0,0,0,0,0,0,0,0,0,0,0,0,0,0,0,0,0,0,0,0,0,0,0,0,0,0,0,0,0,0,0,0,0,0.000157878118092832,0,0,0,0,0,0,0,0,0,0,0,0,0,0,0,0,0,0,0,0,0,0,0,0,0,0,0,0,0,0,0,0,0,0,0,0,0,0,0,0,0,0,0,0,0,0,0,0,0,0,0,0,0,0,0,0,0,0,0,0,0,0,0,0,0,0,0,0,0,0,0,0,0,0,0,0,0,0,0,0,0,0,0,0,0,0,0,0,0,0,0,0,0,0,0,0,0,0,0,0,0,0,0,0.00284180612567098,0,0,0,0,0,0,0,0,0,0,0,0,0,0,0,0,0,0,0,0,0,0,0,0,0,0,0,0,0,0,0,0,0,0,0,0,0,0,0,0,0,0,0,0,0
"P23553",0,0,0.00173665929902116,0,0,0.000947268708556994,0,0,0,0,0,0,0,0,0.000157878118092832,0,0,0,0,0,0,0,0,0,0,0,0,0,0,0,0,0,0,0,0,0,0,0,0,0,0,0,0,0,0,0,0,0,0,0,0,0,0,0,0,0,0,0,0,0,0,0,0,0,0,0,0,0,0,0,0,0,0,0,0,0,0,0,0,0,0,0,0,0,0,0,0,0,0,0,0,0,0,0,0,0,0,0,0,0,0,0,0,0,0,0,0,0,0,0,0,0.000315756236185665,0,0,0,0.00221029365329965,0,0,0,0,0,0,0,0,0,0,0,0,0,0,0,0,0,0,0.00520997789706347,0,0,0,0,0,0,0,0,0,0,0,0,0,0,0.000631512472371329,0,0,0,0,0,0,0.000157878118092832,0,0,0,0,0.000157878118092832,0,0.00110514682664983,0,0,0.00410483107041364,0.000789390590464162,0,0.000631512472371329,0.000473634354278497,0,0,0,0.00110514682664983,0,0,0,0,0,0,0.00126302494474266,0,0,0,0,0,0,0,0,0,0,0,0,0,0,0,0,0,0,0,0,0,0,0,0,0,0,0,0,0,0,0,0,0,0,0,0,0,0,0,0,0,0,0,0,0,0,0,0,0.00394695295232081,0,0,0,0,0,0,0.00189453741711399,0,0,0,0,0,0,0,0,0,0,0,0,0,0,0,0,0.000157878118092832,0,0,0,0,0,0
"P23555",0,0,0,0,0,0,0,0,0,0,0,0,0,0,0,0,0,0,0,0,0,0.000473634354278497,0,0,0,0,0,0,0,0,0,0,0,0,0,0,0,0,0,0,0,0,0,0,0,0,0,0,0,0,0,0,0,0,0,0,0,0,0,0,0,0,0,0,0,0,0,0,0,0,0,0,0,0,0,0,0,0,0,0,0,0,0,0,0,0,0,0,0,0,0,0,0,0,0,0,0,0,0,0,0,0,0,0,0,0,0,0,0,0,0,0.000315756236185665,0.000315756236185665,0,0.0104199557941269,0,0,0,0,0,0,0,0,0,0,0,0,0,0,0,0,0,0,0,0,0.00931480896747711,0,0,0,0,0,0,0,0,0,0,0,0,0,0,0,0,0,0,0,0.00947268708556994,0,0,0,0,0,0,0,0,0,0,0,0,0,0,0,0,0,0,0,0.00110514682664983,0,0,0,0,0,0,0,0,0,0,0,0,0,0,0,0,0,0,0,0,0,0,0,0,0,0,0,0,0,0,0,0,0,0,0,0,0,0,0,0,0,0,0,0,0,0,0,0,0,0,0,0,0,0,0,0,0,0,0,0,0,0,0,0,0,0,0,0,0,0,0,0,0,0,0,0,0,0,0.000157878118092832,0.000631512472371329,0.00252604988948532,0,0,0,0
"P23557",0,0,0,0,0,0,0,0,0,0,0,0,0,0,0,0,0,0,0,0,0,0,0,0,0,0,0,0,0,0,0,0,0,0,0,0,0,0,0,0,0,0,0,0,0,0,0,0,0,0,0,0,0,0,0,0,0,0,0,0,0,0,0,0,0,0,0,0,0,0,0,0,0,0,0,0,0,0,0,0,0,0,0,0,0,0,0,0,0,0,0,0,0,0,0,0,0,0,0,0,0,0,0,0,0,0,0,0,0,0,0,0.000947268708556994,0,0,0,0,0,0,0,0,0,0,0,0,0,0,0,0,0,0,0,0,0,0,0,0,0,0,0,0,0,0,0,0,0,0,0,0,0,0,0,0,0,0,0,0,0,0,0,0,0,0,0,0,0,0,0,0,0,0,0,0,0,0,0,0,0,0,0,0,0,0,0,0,0,0,0,0,0,0,0,0,0,0,0,0,0,0,0,0,0,0,0,0,0,0,0,0,0,0,0,0,0,0,0,0,0,0,0,0,0,0,0,0,0,0,0,0,0,0,0,0,0,0,0,0,0,0,0,0,0,0,0,0,0,0,0,0,0,0,0,0,0,0,0,0,0,0,0,0,0.000157878118092832
"P23597",0,0,0,0,0,0,0,0,0,0,0,0,0,0,0,0,0,0,0,0,0,0,0,0,0,0,0,0,0,0,0,0,0,0,0,0,0,0,0,0,0,0,0,0,0,0,0,0,0,0,0,0,0,0,0,0,0,0,0,0,0,0,0,0,0,0,0,0,0,0,0,0,0,0,0,0,0,0,0,0,0,0,0,0,0,0,0,0,0,0,0,0,0,0,0,0,0,0,0,0,0,0,0,0,0,0,0,0,0,0,0,0,0,0,0,0,0,0,0,0,0,0,0,0,0,0,0,0,0,0,0,0,0,0,0,0,0,0,0,0,0,0,0,0,0,0,0,0,0,0,0,0,0,0,0,0,0,0.000315756236185665,0,0,0,0,0,0,0,0,0,0,0,0,0,0,0,0,0,0,0,0,0,0,0,0,0,0,0,0,0,0,0,0,0,0,0,0,0,0,0,0,0,0,0,0,0,0,0,0,0,0,0,0,0,0,0,0,0,0,0,0,0,0,0,0,0,0,0,0,0,0,0,0,0,0,0,0,0,0,0,0,0,0,0,0,0,0,0,0,0,0,0,0,0,0,0,0,0,0,0,0,0,0,0
"P23659",0,0,0,0,0,0,0,0,0,0,0,0,0,0,0,0,0,0,0,0,0,0,0,0,0,0,0,0,0,0,0,0.000157878118092832,0,0,0,0,0,0,0,0,0,0,0,0,0,0,0,0,0,0,0,0,0,0,0,0,0,0,0,0,0,0,0,0,0,0,0,0,0,0,0,0,0,0,0,0,0,0,0,0,0,0,0,0,0,0,0,0,0,0,0,0,0,0,0,0,0,0,0,0,0,0,0,0,0,0,0,0,0,0,0,0,0,0,0,0,0,0,0,0,0,0,0,0,0,0,0,0,0,0,0,0,0,0,0,0,0,0,0,0,0,0,0,0,0,0,0,0,0,0,0,0,0,0,0,0,0,0,0,0,0,0,0,0,0,0,0,0,0,0,0,0.000157878118092832,0,0,0,0,0,0,0,0,0,0,0,0,0,0,0,0,0,0,0,0,0,0,0,0,0,0,0,0,0,0,0,0,0,0,0,0.000315756236185665,0,0,0,0,0,0,0,0,0,0,0,0,0,0,0,0,0,0,0,0,0,0,0,0,0,0,0,0,0,0,0,0,0,0,0,0,0,0,0,0,0,0,0,0,0,0,0,0,0,0,0,0,0
"P23737",0,0,0,0,0,0,0,0,0,0,0,0,0,0,0,0,0,0,0,0,0,0,0,0,0,0,0,0,0,0,0,0,0,0,0,0,0,0,0,0,0,0,0,0,0,0,0,0,0,0,0,0,0,0,0,0,0,0,0,0,0,0,0,0,0,0,0,0,0,0,0,0,0,0,0,0,0,0,0,0,0,0,0,0,0,0,0,0,0,0,0,0,0,0,0,0,0,0,0,0,0,0,0,0,0,0,0,0,0,0,0,0,0,0,0,0,0,0,0,0,0,0,0,0,0,0,0,0,0,0,0,0,0,0,0,0,0,0,0,0,0,0,0,0,0,0,0,0,0,0,0,0,0,0,0,0.000157878118092832,0,0,0,0,0,0,0,0,0,0,0,0,0,0,0,0,0,0,0,0,0,0,0,0,0,0,0,0,0,0,0,0,0,0,0,0,0,0,0,0,0,0,0,0,0,0,0,0,0,0,0,0,0,0,0,0,0,0,0,0,0,0,0,0,0,0,0,0,0,0,0,0,0,0,0,0,0,0,0,0,0,0,0,0,0,0,0,0,0,0,0,0,0,0,0,0,0,0,0,0,0,0,0,0,0
"P23742",0,0,0,0,0,0,0,0,0,0,0,0,0,0,0,0,0,0,0,0,0,0,0,0,0,0,0,0,0,0,0,0,0,0,0,0,0,0,0,0,0,0,0,0,0,0,0,0,0,0,0,0,0,0,0,0,0,0,0,0,0,0,0,0,0,0,0,0,0,0,0,0,0,0,0,0,0,0,0,0,0,0,0,0,0,0,0,0,0,0,0,0,0,0,0,0,0,0,0,0,0,0,0,0,0,0,0,0,0,0,0,0,0,0,0,0,0,0,0,0,0,0,0,0.000157878118092832,0,0,0,0,0,0,0,0,0,0,0,0,0,0,0,0,0,0,0,0,0,0,0,0,0,0,0,0,0,0,0,0,0,0,0,0,0,0,0,0,0,0,0,0,0,0,0,0,0,0,0,0,0,0,0,0,0,0,0,0,0,0,0,0,0,0,0,0,0,0,0,0,0,0,0,0,0,0,0,0,0,0,0,0,0,0,0,0,0,0,0,0,0,0,0,0,0,0,0,0,0,0,0,0,0,0,0,0,0,0,0,0,0,0,0,0,0,0,0,0,0,0,0,0,0,0,0,0,0,0,0,0,0,0,0,0,0
"P23754",0,0,0,0,0,0.000157878118092832,0,0,0,0,0,0,0,0,0,0,0,0,0,0,0,0,0,0,0,0,0,0,0,0,0,0,0,0,0,0,0,0,0,0,0,0,0,0,0,0,0,0,0,0,0,0,0,0,0,0,0,0,0,0,0,0,0,0,0,0,0,0,0,0,0,0,0,0,0,0,0,0,0,0,0,0,0,0,0,0,0,0,0,0,0,0,0,0,0,0,0,0,0,0,0,0,0,0,0,0,0,0,0,0,0,0,0,0,0,0,0,0,0,0,0,0,0,0,0,0,0,0,0,0,0,0,0,0,0,0,0,0,0,0,0,0,0,0,0,0,0,0,0,0,0,0,0,0,0,0,0,0,0,0,0,0,0,0,0,0,0,0,0,0,0,0,0,0,0,0,0,0,0,0,0,0,0,0,0,0,0,0,0,0,0,0,0,0,0,0,0,0,0,0,0,0,0,0,0,0,0,0,0,0,0,0,0,0,0,0,0,0,0,0,0,0,0,0,0,0,0,0,0,0,0,0,0,0,0,0,0,0,0,0,0,0,0,0,0,0,0,0,0,0,0,0,0,0,0,0,0,0,0,0,0
"P24267",0,0,0,0,0,0.000157878118092832,0,0,0.000157878118092832,0,0,0,0,0,0,0,0,0,0,0,0,0,0,0,0,0,0,0,0,0,0,0,0,0,0,0,0,0,0,0,0,0,0,0,0,0,0,0,0,0,0,0,0,0,0,0,0,0,0,0,0,0,0,0,0,0,0,0,0,0,0,0,0,0,0,0,0,0,0,0,0,0,0,0,0,0,0,0,0,0,0,0,0,0,0,0,0,0,0,0,0,0,0,0,0,0,0,0,0,0,0,0,0,0,0,0,0,0,0,0,0,0,0,0,0,0,0,0,0,0,0,0,0,0,0,0,0,0,0,0,0,0,0,0,0,0,0,0,0,0,0,0,0,0,0,0,0,0,0,0,0,0,0,0,0,0,0,0,0,0,0,0,0,0,0,0,0,0,0.000157878118092832,0,0,0,0,0,0,0,0,0,0,0,0,0,0,0,0,0,0,0,0,0,0,0,0,0,0,0,0,0,0,0,0,0,0,0,0,0,0,0,0,0,0,0,0,0,0,0,0,0,0,0,0,0,0,0,0,0,0,0,0,0,0,0,0,0,0,0,0,0,0,0,0,0,0,0,0,0,0,0,0,0,0
"P24319",0,0,0,0,0,0,0,0,0,0,0,0,0,0,0,0,0,0,0,0,0,0,0,0,0,0,0,0,0,0,0,0,0,0,0,0,0,0,0,0,0,0,0,0,0,0,0,0,0,0,0,0,0,0,0,0,0,0,0,0,0,0,0,0,0,0,0,0,0,0,0,0,0,0,0,0,0,0,0,0,0,0,0,0,0,0,0,0,0,0,0,0,0,0,0,0,0,0,0,0,0,0,0,0,0,0,0,0,0,0,0,0,0,0,0.000157878118092832,0,0,0,0,0,0,0,0,0,0,0,0,0,0,0,0,0,0,0,0,0,0,0,0,0,0,0,0,0,0,0,0,0,0,0,0,0,0,0,0,0,0,0,0.000157878118092832,0,0,0,0,0,0,0,0,0,0,0,0,0,0,0,0,0,0,0,0,0,0,0,0,0,0,0,0,0,0,0,0,0,0,0,0,0,0,0,0,0,0,0,0,0,0,0,0,0,0,0,0,0,0,0,0,0,0,0,0,0,0,0,0,0,0,0,0,0,0,0,0,0,0,0,0,0,0,0,0,0,0,0,0,0,0,0,0,0,0,0,0,0,0,0,0,0,0,0,0,0,0
"P24412",0,0,0,0,0,0.000157878118092832,0,0,0,0,0,0,0,0,0,0,0,0,0,0,0,0,0,0,0,0,0,0,0,0,0,0,0,0,0,0,0,0,0,0,0,0,0,0,0,0,0,0,0,0,0,0,0,0,0,0,0,0,0,0,0,0,0,0,0,0,0,0,0,0,0,0,0,0,0,0,0,0,0,0,0,0,0,0,0,0,0,0,0,0,0,0,0,0,0,0,0,0,0,0,0,0,0,0,0,0,0,0,0,0,0,0,0,0,0,0,0,0,0,0,0,0,0,0,0,0,0,0,0,0,0,0,0,0,0,0,0,0,0,0,0,0,0,0,0,0,0,0,0,0,0,0,0,0,0,0,0,0,0,0,0,0,0,0,0,0,0,0,0,0,0,0,0,0,0,0,0,0,0,0,0,0,0,0,0,0,0,0,0,0,0,0,0,0,0,0,0,0,0,0,0,0,0,0,0,0,0,0,0,0,0,0,0,0,0,0,0,0,0,0,0,0,0,0,0,0,0,0,0,0,0,0,0,0,0,0,0,0,0,0,0,0,0,0,0,0,0,0,0,0,0,0,0,0,0,0,0,0,0,0,0
"P24641",0,0,0.000789390590464162,0,0,0,0.000157878118092832,0,0,0,0,0,0,0,0,0,0,0.000315756236185665,0.000157878118092832,0.000473634354278497,0,0,0,0,0,0,0,0,0,0,0,0,0,0,0,0,0,0,0,0,0,0,0,0,0,0,0,0,0,0,0,0,0,0,0,0,0,0,0,0,0,0,0,0,0,0,0,0,0,0,0,0,0,0,0,0,0,0,0,0,0,0,0,0,0,0,0,0,0,0,0,0,0,0,0,0,0,0,0,0,0,0,0,0,0,0,0,0,0,0,0,0,0,0,0,0,0,0,0,0,0,0,0,0,0,0,0,0,0,0,0,0,0,0,0,0,0,0,0,0,0,0,0,0,0,0,0,0,0,0,0,0,0,0,0,0,0,0,0,0,0,0.000157878118092832,0,0,0,0,0,0,0,0.000157878118092832,0.000157878118092832,0,0,0,0.00142090306283549,0,0,0,0,0.000315756236185665,0,0,0,0,0,0,0,0,0,0,0,0,0,0,0,0,0,0,0,0,0,0,0,0,0,0,0,0,0,0,0,0,0,0,0,0,0,0,0,0,0,0,0,0,0,0,0,0,0,0,0,0,0,0,0,0,0,0,0,0,0.000157878118092832,0,0,0,0,0,0,0,0,0,0,0,0,0,0,0.000157878118092832,0,0,0,0,0
"P24875",0,0,0,0,0,0,0,0,0,0,0,0,0,0,0,0,0,0,0,0,0,0,0,0,0,0,0,0,0,0,0,0,0,0,0,0,0,0,0,0,0,0,0,0,0,0,0,0,0,0,0,0,0,0,0,0,0,0,0,0,0,0,0,0,0,0,0,0,0,0,0,0,0,0,0,0,0,0,0,0,0,0,0,0,0,0,0,0,0,0,0,0,0,0,0,0,0,0,0,0,0,0,0,0,0,0,0,0,0,0,0,0,0,0,0,0,0.000789390590464162,0,0.00110514682664983,0,0,0,0,0,0,0,0,0,0,0,0,0,0,0,0,0,0,0,0,0,0,0,0,0,0,0,0,0,0,0,0,0,0,0,0,0,0,0,0,0,0,0,0,0,0,0,0,0,0,0,0,0,0,0,0,0,0,0,0,0,0,0,0,0,0,0,0,0,0,0,0,0,0,0,0,0,0,0,0,0,0,0,0,0,0,0,0,0,0,0,0,0,0,0,0,0,0,0,0,0,0,0,0,0,0,0,0,0,0,0,0,0,0,0,0,0,0,0,0,0,0,0,0,0,0,0,0,0,0,0,0,0,0,0,0,0.000157878118092832,0,0,0,0,0
"P24877",0,0,0,0,0,0,0,0,0,0,0,0,0,0,0,0,0,0,0,0,0,0,0,0,0,0,0.00126302494474266,0,0,0,0,0,0,0,0,0,0,0,0,0,0,0,0,0,0,0,0,0,0,0,0,0,0,0,0,0,0,0,0,0,0,0,0,0,0,0,0,0,0,0,0,0,0,0,0,0,0,0,0,0,0,0,0,0,0,0,0,0,0,0,0,0,0,0,0,0,0,0,0,0,0,0,0,0,0,0,0,0,0,0,0,0,0,0,0,0,0.000631512472371329,0,0.000631512472371329,0,0,0,0,0,0,0,0,0,0,0,0,0,0,0,0,0,0,0,0,0,0,0,0,0,0,0,0,0,0,0,0,0,0,0,0,0,0,0,0,0,0,0,0,0,0,0,0,0,0,0,0,0,0,0,0,0,0,0,0,0,0,0,0,0,0,0,0,0,0,0,0,0,0,0,0,0,0,0,0,0,0,0,0,0,0,0,0,0,0,0,0,0,0,0,0,0,0,0,0,0,0,0,0,0,0,0,0,0,0,0,0,0,0,0,0,0,0,0,0,0,0,0,0,0,0,0,0,0,0,0,0,0,0,0,0,0,0,0,0,0,0
"P24878",0,0,0,0,0,0,0,0,0,0,0,0,0,0,0,0,0,0,0,0,0,0,0,0,0,0,0,0,0,0,0,0,0,0,0,0,0,0,0,0,0,0,0,0,0,0,0,0,0,0,0,0,0,0,0,0,0,0,0,0,0,0,0,0,0,0,0,0,0,0,0,0,0,0,0,0,0,0,0,0,0,0,0,0,0,0,0,0,0,0,0,0,0,0,0,0,0,0,0,0,0,0,0,0,0,0,0,0,0,0,0,0,0,0,0,0,0.000631512472371329,0,0,0,0,0,0,0,0,0,0,0,0,0,0,0,0,0,0,0,0,0,0,0,0,0,0,0,0,0,0,0,0,0,0,0,0,0,0,0,0,0,0,0,0,0,0,0,0,0,0,0,0,0,0,0,0,0,0,0,0,0,0,0,0,0,0,0,0,0,0,0,0,0,0,0,0,0,0,0,0,0,0,0,0,0,0,0,0,0,0,0,0,0,0,0,0,0,0,0,0,0,0,0,0,0,0,0,0,0,0,0,0,0,0,0,0,0.000157878118092832,0,0,0,0,0,0,0,0,0,0,0,0,0,0,0,0,0,0,0,0,0,0,0,0,0,0,0
"P24880",0,0,0,0,0,0,0,0,0,0,0,0,0,0,0,0,0,0,0,0,0,0.000947268708556994,0,0,0,0,0,0,0,0,0,0,0,0,0,0,0,0,0,0,0,0,0,0,0,0,0,0,0,0,0,0,0,0,0,0,0,0,0,0,0,0,0,0,0,0,0,0,0,0,0,0,0,0,0,0,0,0,0,0,0,0,0,0,0,0,0,0,0,0,0,0,0,0,0,0,0,0,0,0,0,0,0,0,0,0,0,0,0,0,0,0,0,0,0,0,0.00347331859804231,0,0.00221029365329965,0,0,0,0,0,0,0,0,0,0,0,0,0,0,0,0,0,0,0,0,0,0,0,0,0,0,0,0,0,0,0,0,0,0,0,0,0,0,0,0,0,0,0,0,0,0,0,0,0,0,0,0,0,0,0,0,0,0,0,0,0,0,0,0.00331544047994948,0,0,0,0,0,0,0,0,0,0,0,0,0,0,0,0,0,0,0,0,0,0,0,0,0,0,0,0,0,0,0,0,0,0,0,0,0,0,0,0,0,0,0,0,0,0,0,0,0,0,0,0,0,0,0,0,0,0,0,0,0,0,0,0,0,0,0,0,0,0,0,0,0,0,0,0,0,0
"P24881",0,0,0,0,0,0,0,0,0,0,0,0,0,0,0,0,0,0,0,0,0,0,0,0,0,0,0,0,0,0,0,0,0,0,0,0,0,0,0,0,0,0,0,0,0,0,0,0,0,0,0,0,0,0,0,0,0,0,0,0,0,0,0,0,0,0,0,0,0,0,0,0,0,0,0,0,0,0,0,0,0,0,0,0,0,0,0,0,0,0,0,0,0,0,0,0,0,0,0,0,0,0,0,0,0,0,0,0,0,0,0,0,0,0,0,0,0.00347331859804231,0.00647300284180613,0.00205241553520682,0,0,0,0,0,0,0.00820966214082728,0,0,0.0513103883801705,0,0,0,0,0,0,0,0,0,0,0,0,0,0,0,0,0,0,0,0,0,0,0,0,0,0,0,0,0,0,0,0,0,0,0,0,0,0,0,0,0,0,0,0,0,0,0,0,0,0,0,0,0,0,0,0,0,0,0,0,0,0,0,0,0,0,0,0,0,0,0,0,0,0,0,0,0,0,0,0,0,0,0,0,0,0,0,0,0,0,0,0,0,0,0,0,0,0,0,0,0,0,0,0,0,0,0,0,0,0,0,0,0,0,0,0,0,0,0,0,0,0,0,0,0,0,0.00205241553520682,0,0,0,0,0
"P24882",0,0,0,0,0,0,0,0,0,0,0,0,0,0,0,0,0,0,0,0,0,0,0,0,0,0,0,0,0,0,0,0,0,0,0,0,0,0,0,0,0,0,0,0,0,0,0,0,0,0,0,0,0,0,0,0,0,0,0,0,0,0,0,0,0,0,0,0,0,0,0,0,0,0,0,0,0,0,0,0,0,0,0,0,0,0,0,0,0,0,0,0,0,0,0,0,0,0,0,0,0,0,0,0,0,0,0,0,0,0,0,0,0,0,0,0,0,0,0,0,0,0,0,0,0,0,0,0,0.000157878118092832,0,0,0,0,0,0,0,0,0,0,0,0,0,0,0,0,0,0,0,0,0,0,0,0,0,0,0,0,0,0,0,0,0,0,0,0,0,0,0,0,0,0,0,0,0,0,0,0,0,0,0,0,0,0,0,0,0,0,0,0,0,0,0,0,0,0,0,0,0,0,0,0,0,0,0,0,0,0,0,0,0,0,0,0,0,0,0,0,0,0,0,0,0,0,0,0,0,0,0,0,0,0,0,0,0,0,0,0,0,0,0,0,0,0,0,0,0,0,0,0,0,0,0,0,0,0,0,0,0,0,0,0
"P24952",0,0,0,0,0,0,0,0,0,0,0,0,0,0,0,0,0,0,0,0,0,0,0,0,0,0,0,0,0,0,0,0,0,0,0,0,0,0,0,0,0,0,0,0,0,0,0,0,0,0,0,0,0,0,0,0,0,0,0,0,0,0,0,0,0,0,0,0,0,0,0,0,0,0,0,0,0,0,0,0,0,0,0,0,0,0,0,0,0,0,0,0,0,0,0,0,0,0,0,0,0,0,0,0,0,0,0,0,0,0,0,0,0,0,0,0,0.000315756236185665,0,0.000947268708556994,0,0,0,0,0,0,0.000157878118092832,0,0,0.000315756236185665,0,0,0,0,0,0,0,0,0,0,0,0,0,0,0,0,0,0,0,0,0,0,0,0,0,0,0,0,0,0,0,0,0,0,0,0,0,0,0,0,0,0,0,0,0,0,0,0,0,0,0,0,0,0,0,0,0,0,0,0,0,0,0,0,0,0,0,0,0,0,0,0,0,0,0,0,0,0,0,0,0,0,0,0,0,0,0,0,0,0,0,0,0,0,0,0,0,0,0,0,0,0,0,0,0,0,0,0,0,0,0,0,0,0,0,0,0,0,0,0,0,0,0,0,0,0,0.000157878118092832,0,0,0,0,0
"P24997",0,0,0,0,0,0,0,0,0,0,0,0,0,0,0,0,0,0,0,0,0,0,0,0,0,0,0,0,0,0,0,0,0,0,0,0,0,0,0,0,0,0,0,0,0,0,0,0,0,0,0,0,0,0,0,0,0,0,0,0,0,0,0,0,0,0,0,0,0,0,0,0,0,0,0,0,0,0,0,0,0,0,0,0,0,0,0,0,0,0,0,0,0,0,0,0,0,0,0,0,0,0,0,0,0,0,0,0,0,0,0,0,0,0,0,0,0.000157878118092832,0,0,0,0,0,0,0,0,0,0,0,0,0,0,0,0,0,0,0,0,0,0,0,0,0,0,0,0,0,0,0,0,0,0,0,0,0,0,0,0,0,0,0,0,0,0,0,0,0,0,0,0,0,0,0,0,0,0,0,0,0,0,0,0,0,0,0,0,0,0,0,0,0,0,0,0,0,0,0,0,0,0,0,0,0,0,0,0,0,0,0,0,0,0,0,0,0,0,0,0,0,0,0,0,0,0,0,0,0,0,0,0,0,0,0,0,0,0,0,0,0,0,0,0,0,0,0,0,0,0,0,0,0,0,0,0,0,0,0,0,0,0,0,0
"P25099",0,0,0,0,0,0,0,0,0,0,0,0,0,0,0,0,0,0,0,0,0,0,0,0,0,0,0,0,0,0,0,0,0,0,0,0,0,0,0,0,0,0,0,0,0,0,0,0,0,0,0,0,0,0,0,0,0,0,0,0,0,0,0,0,0,0,0,0,0,0,0,0,0,0,0,0,0,0,0,0,0,0,0,0,0,0,0,0,0,0,0,0,0,0,0,0,0,0,0,0,0,0,0,0,0,0,0,0,0,0,0,0,0,0,0,0,0,0.00142090306283549,0,0,0,0,0,0,0,0,0,0,0,0,0,0,0,0,0,0,0,0,0,0,0,0,0,0,0,0,0,0,0,0,0,0,0,0,0,0,0,0,0,0,0,0,0,0,0,0,0,0,0,0,0,0,0,0,0,0,0,0,0,0,0,0,0,0,0,0,0,0,0,0,0,0,0,0,0,0,0,0,0,0,0,0,0,0,0,0,0,0,0,0,0,0,0,0,0,0,0,0,0,0,0,0,0,0,0,0,0,0,0,0,0,0,0,0,0,0,0,0,0,0,0,0,0,0,0,0,0,0,0,0,0,0,0,0,0,0,0,0,0,0,0
"P25115",0,0,0,0,0,0,0,0,0,0,0,0,0,0,0,0,0,0,0,0,0,0,0,0,0,0,0,0,0,0,0,0,0,0,0,0,0,0,0,0,0,0,0,0,0,0,0,0,0,0,0,0,0,0,0,0,0,0,0,0,0,0,0,0,0,0,0,0,0,0,0,0,0,0,0,0,0,0,0,0,0,0,0,0,0,0,0,0,0,0,0,0,0,0,0,0,0,0,0,0,0,0,0,0,0,0,0,0,0,0,0,0,0,0,0,0,0,0,0,0,0,0,0,0,0,0,0,0,0,0,0,0,0,0,0,0,0,0,0,0,0,0,0,0,0,0,0,0,0,0,0,0,0,0,0,0,0,0,0,0,0,0,0,0,0,0,0,0,0,0,0,0,0,0,0,0,0,0,0,0,0,0,0,0,0,0,0,0,0,0,0,0,0,0,0,0,0,0,0,0,0,0,0,0,0,0,0,0,0,0,0,0,0,0,0,0,0,0,0,0,0,0,0,0,0,0,0,0.000157878118092832,0,0,0,0,0,0,0,0,0,0,0,0,0,0,0,0,0,0,0,0,0.000157878118092832,0,0,0,0,0,0,0,0,0.000473634354278497,0,0,0.000157878118092832
"P25126",0,0,0,0,0,0,0,0,0,0,0,0,0,0,0,0,0,0,0,0,0,0,0,0,0,0,0,0,0,0,0,0,0,0,0,0,0,0,0,0,0,0,0,0,0,0,0,0,0,0,0,0,0,0,0,0,0,0,0,0,0,0,0,0,0,0,0,0,0,0,0,0,0,0,0,0,0,0,0,0,0,0,0,0,0,0,0,0,0,0,0,0,0,0,0,0,0,0,0,0,0,0,0,0,0,0,0,0,0,0,0,0,0,0,0,0,0,0.000157878118092832,0,0,0,0,0,0,0,0,0,0,0,0,0,0,0,0,0,0,0,0,0,0,0,0,0,0,0.000315756236185665,0,0,0,0,0,0,0,0,0,0,0,0,0,0,0,0,0,0,0,0,0,0,0,0,0,0,0,0,0,0,0,0,0,0,0,0,0,0,0,0,0,0,0,0,0,0,0,0,0,0,0,0,0,0,0,0,0,0,0,0,0,0,0,0,0,0,0,0,0,0,0,0,0,0,0,0,0,0,0,0,0,0,0,0,0,0,0,0,0,0.000473634354278497,0,0,0,0,0,0,0,0,0,0,0,0,0,0,0,0,0,0.000315756236185665,0,0,0,0,0,0,0,0
"P25426",0,0,0,0,0,0,0,0,0,0,0,0,0,0,0,0.000157878118092832,0,0,0,0,0,0,0,0,0,0,0,0,0,0,0,0,0,0,0,0,0,0,0,0,0,0,0,0,0,0,0,0,0,0,0,0,0,0,0,0,0,0,0,0,0,0,0,0,0,0,0,0,0,0,0,0,0,0,0,0,0,0,0,0,0,0,0,0,0,0,0,0,0,0,0,0,0,0,0,0,0,0,0,0,0,0,0,0,0,0,0,0,0,0,0,0,0,0,0,0,0,0,0,0,0,0,0,0.000631512472371329,0,0,0,0,0,0,0,0,0,0,0,0,0,0,0,0,0,0,0,0,0,0,0,0,0,0,0,0,0,0,0,0,0,0,0,0,0,0,0,0,0,0,0,0,0,0,0,0,0,0,0,0,0,0,0,0,0,0,0,0,0,0,0,0,0,0,0,0,0,0,0,0,0.000631512472371329,0,0,0,0,0,0,0,0,0,0,0,0,0,0,0,0,0,0,0,0.000157878118092832,0,0,0,0,0,0,0,0,0,0,0,0,0,0,0,0,0.000157878118092832,0,0,0,0,0,0.000157878118092832,0,0,0,0,0,0,0,0,0,0,0,0,0,0,0,0,0,0,0,0,0
"P25427",0,0.000157878118092832,0,0,0.00173665929902116,0,0.000315756236185665,0,0.000315756236185665,0,0,0,0,0,0,0,0,0,0.00126302494474266,0.00315756236185665,0.00268392800757815,0.000789390590464162,0,0,0,0,0,0,0,0,0,0,0,0,0,0,0,0,0,0,0,0,0,0,0,0,0,0,0,0,0,0,0,0,0,0,0,0,0,0,0,0,0,0,0,0,0,0,0,0,0,0,0,0,0,0,0,0,0,0,0,0,0,0,0,0,0,0,0,0,0,0,0,0,0,0,0,0,0,0,0,0,0,0,0,0,0,0,0,0,0,0,0,0,0,0,0,0,0,0,0,0,0,0,0,0,0,0,0,0,0,0,0,0,0,0,0,0,0,0,0,0,0,0,0,0,0,0,0,0,0,0,0,0,0,0,0,0,0,0,0,0,0,0,0,0,0,0,0,0,0,0,0,0,0,0,0,0,0,0,0,0,0,0,0,0,0,0,0,0,0,0,0,0,0,0,0.000157878118092832,0,0,0,0,0,0,0,0,0,0,0,0,0,0,0,0,0,0,0,0,0,0,0,0,0,0,0,0,0,0,0,0,0,0,0,0,0,0,0,0,0,0,0,0,0,0,0,0,0,0,0,0,0,0.00142090306283549,0,0.000789390590464162,0,0,0,0,0,0,0,0
"P25556",0,0,0,0,0,0,0,0,0,0,0,0,0,0,0,0,0,0,0,0,0,0,0,0,0,0,0,0,0,0,0,0,0,0,0,0,0,0,0,0,0,0,0,0,0,0,0,0,0,0,0,0,0,0,0,0,0,0,0,0,0,0,0,0,0,0,0,0,0,0,0,0,0,0,0,0,0,0,0,0,0,0,0,0,0,0,0,0,0,0,0,0,0,0,0,0,0,0,0,0,0,0,0,0,0,0,0,0,0,0,0,0,0,0,0,0,0,0,0,0.000157878118092832,0,0,0,0,0,0,0,0,0,0,0,0,0,0,0,0,0,0,0,0,0,0,0,0,0,0,0,0,0,0,0,0,0,0,0,0,0,0,0,0,0,0,0,0,0,0,0,0,0,0,0,0,0,0,0,0,0,0,0,0,0,0,0,0,0,0,0,0,0,0,0,0,0,0,0,0,0,0,0,0,0,0,0,0,0,0,0,0,0,0,0,0,0,0,0,0,0,0,0,0,0,0,0,0,0,0,0,0,0,0,0,0,0,0,0,0,0,0,0,0,0,0,0,0,0,0,0,0,0,0,0,0,0,0,0,0,0,0,0,0,0
"P25683",0,0,0,0,0,0,0,0,0,0,0,0,0,0,0,0,0,0,0,0,0,0,0,0,0,0,0,0,0,0,0,0,0,0,0,0,0,0,0,0,0,0,0,0,0,0,0,0,0,0,0,0,0,0,0,0,0,0,0,0,0,0,0,0,0,0,0,0,0,0,0,0,0,0,0,0,0,0,0,0,0,0,0,0,0,0,0,0,0,0,0,0,0,0,0,0,0,0,0,0,0,0,0,0,0,0,0,0,0,0,0,0,0,0,0,0,0,0,0,0,0.00142090306283549,0,0,0,0,0,0,0,0,0,0,0,0,0,0,0,0,0,0,0,0,0,0,0,0,0,0,0,0,0,0,0,0,0,0,0,0,0,0,0,0,0,0,0,0,0,0,0,0,0,0,0,0,0,0,0,0,0,0,0,0,0,0,0,0,0,0,0,0,0,0,0,0,0,0,0,0,0,0,0,0,0,0,0,0,0,0.00110514682664983,0,0,0.000315756236185665,0,0,0,0,0,0.000157878118092832,0,0,0,0,0,0,0,0,0,0,0,0,0,0,0,0,0,0,0,0,0,0,0,0,0,0,0,0,0,0,0,0,0,0,0,0,0,0.000157878118092832,0,0,0,0,0,0,0
"P25688",0,0,0,0.000157878118092832,0,0,0,0,0,0,0,0,0,0,0,0,0,0,0,0,0,0,0,0,0,0,0,0,0,0,0,0,0,0,0,0,0,0,0,0,0,0,0,0,0,0,0,0,0,0,0,0,0,0,0,0,0,0,0,0,0,0,0,0,0,0,0,0,0,0,0,0,0,0,0,0,0,0,0,0,0,0,0,0,0,0,0,0,0,0,0,0,0,0,0,0,0,0,0,0,0,0,0,0,0,0,0,0,0,0,0,0,0,0,0,0,0,0,0,0,0.000315756236185665,0,0,0,0,0,0,0,0,0,0,0,0,0,0,0,0,0,0,0,0,0,0,0,0,0,0,0,0,0,0,0,0,0,0,0,0,0,0,0,0,0,0,0,0,0,0,0,0,0,0,0,0,0,0,0,0,0,0,0,0,0,0,0,0,0,0,0,0,0,0,0,0,0,0,0,0,0,0,0,0,0,0,0,0,0,0,0,0,0,0,0,0,0,0,0,0,0,0,0,0,0,0,0,0,0,0,0,0,0,0,0,0,0,0,0,0,0,0,0,0,0,0,0,0,0,0,0,0,0,0,0,0,0,0,0,0,0,0,0,0
"P25706",0,0,0,0,0,0,0,0,0,0,0,0,0,0,0,0,0,0,0,0,0,0,0,0,0,0,0,0,0,0,0,0,0,0,0,0,0,0,0,0,0,0,0,0,0,0,0,0,0,0,0,0,0,0,0,0,0,0,0,0,0,0,0,0,0,0,0,0,0,0,0,0,0,0,0,0,0,0,0,0,0,0,0,0,0,0,0,0,0,0,0,0,0,0,0,0,0,0,0,0,0,0,0,0,0,0,0,0,0,0,0,0,0,0,0,0,0,0,0,0,0,0,0,0,0,0,0,0,0,0,0,0,0,0,0,0,0,0,0,0,0,0,0,0,0,0,0,0,0,0,0,0,0,0,0,0,0,0.00157878118092832,0,0,0,0,0,0,0,0,0,0,0,0,0,0,0,0,0,0,0,0,0,0,0,0,0,0,0,0,0,0,0,0,0,0,0,0,0,0,0,0,0,0,0,0,0,0,0,0,0,0,0,0,0,0,0,0,0,0,0,0,0,0,0,0,0,0,0,0,0,0,0,0,0,0,0,0,0,0,0,0,0,0,0,0,0,0,0,0,0,0,0,0,0,0,0,0,0,0,0,0,0,0,0
"P25719",0,0,0,0,0,0,0,0,0,0,0,0,0,0,0,0,0,0,0,0,0,0,0,0,0,0,0,0,0,0,0,0,0,0,0,0,0,0,0,0,0,0,0,0,0,0,0,0,0,0,0,0,0,0,0,0,0,0,0,0,0,0,0,0,0,0,0,0,0,0,0,0,0,0,0,0,0,0,0,0,0,0,0,0,0,0,0,0,0,0,0,0,0,0,0,0,0,0,0,0,0,0,0,0,0,0,0,0,0,0,0,0,0,0,0,0,0,0,0,0,0.000157878118092832,0,0,0,0,0,0,0,0,0,0,0,0,0,0,0,0,0,0,0,0,0,0,0,0,0,0,0,0,0,0,0,0,0,0,0,0,0,0,0,0,0,0,0,0,0,0,0,0,0,0,0,0,0,0,0,0,0,0,0,0,0,0,0,0,0,0,0,0,0,0,0,0,0,0,0,0,0,0,0,0,0,0,0,0,0,0,0,0,0,0,0,0,0,0,0,0,0,0,0,0,0,0,0,0,0,0,0,0,0,0,0,0,0,0,0,0,0,0,0,0,0,0,0,0,0,0,0,0,0,0,0,0,0,0,0,0,0,0,0,0
"P25866",0,0,0,0,0,0,0,0,0,0,0,0,0,0,0,0,0,0,0,0,0,0,0,0,0,0,0,0,0,0,0,0,0,0,0,0,0,0,0,0,0,0,0,0,0,0,0,0,0,0,0,0,0,0,0,0,0,0,0,0,0,0,0,0,0,0,0,0,0,0,0,0,0,0,0,0,0,0,0,0,0,0,0,0,0,0,0,0,0,0,0,0,0,0,0,0,0,0,0,0,0,0,0,0,0,0,0,0,0,0,0,0,0,0,0,0,0,0,0,0,0,0,0,0,0,0,0,0,0,0,0,0,0,0,0,0,0,0,0,0,0,0,0,0,0,0,0,0,0,0,0,0,0,0,0,0,0,0,0,0,0,0,0,0,0,0,0,0,0,0,0,0,0,0,0,0,0,0,0,0,0,0,0,0,0,0,0,0,0,0,0,0,0,0,0,0,0,0,0,0,0,0,0,0,0,0,0,0,0,0,0,0,0,0,0,0,0,0,0,0,0,0,0,0,0,0,0,0,0,0,0,0,0,0.000157878118092832,0,0,0,0,0,0,0,0,0,0,0,0,0,0,0,0,0,0,0,0,0,0,0,0,0,0,0
"P26186",0,0,0,0,0,0,0,0.000157878118092832,0.000947268708556994,0,0,0,0,0,0,0,0,0,0.000157878118092832,0,0.000473634354278497,0,0,0,0,0,0,0,0,0,0,0,0,0,0,0,0,0,0,0,0,0,0,0,0,0,0,0,0,0,0,0,0,0,0,0,0,0,0,0,0,0,0,0,0,0,0,0,0,0,0,0,0,0,0,0,0,0,0,0,0,0,0,0,0,0,0,0,0,0,0,0,0,0,0,0,0,0,0,0,0,0,0,0,0,0,0,0,0,0,0,0,0,0,0,0,0,0,0,0,0,0,0,0,0,0,0,0,0,0,0,0,0,0,0,0,0,0,0,0,0,0,0,0,0,0,0,0,0,0,0,0,0,0,0,0,0,0.000473634354278497,0.000157878118092832,0,0,0,0,0.000315756236185665,0,0,0,0,0,0,0.000315756236185665,0,0,0,0,0.000157878118092832,0,0,0,0,0,0,0,0,0,0,0,0,0,0,0,0,0,0,0,0,0,0,0,0,0,0,0,0,0,0,0,0,0,0,0,0,0,0,0,0,0,0,0,0,0,0,0,0,0,0,0,0,0,0,0,0,0,0,0,0,0,0,0,0.000473634354278497,0.000789390590464162,0,0,0,0,0,0,0,0,0,0,0,0,0,0,0,0,0,0,0,0
"P28112",0,0,0,0,0,0,0,0,0,0,0,0,0,0,0,0,0,0,0,0,0,0,0,0,0,0,0,0,0,0,0,0,0,0,0,0,0,0,0,0,0,0,0,0,0,0,0,0,0,0,0,0,0,0,0,0,0,0,0,0,0,0,0,0,0,0,0,0,0,0,0,0,0,0,0,0,0,0,0,0,0,0,0,0,0,0,0,0,0,0,0,0,0,0,0,0,0,0,0,0,0,0,0,0,0,0,0,0,0,0,0,0,0,0,0,0,0,0,0,0,0,0,0,0,0,0,0,0,0,0,0,0,0,0,0,0,0,0,0,0,0,0,0,0,0,0,0,0,0,0,0,0.000157878118092832,0,0,0,0,0,0,0,0,0,0,0,0,0,0,0,0,0,0,0,0,0,0,0,0,0,0,0,0,0,0,0,0,0,0,0,0,0,0,0,0,0,0,0,0,0,0,0,0,0,0,0,0,0,0,0,0,0,0,0,0,0,0.000157878118092832,0,0,0,0.000157878118092832,0,0,0,0,0,0,0,0,0,0,0,0,0,0,0,0,0,0,0,0,0,0.000157878118092832,0,0,0,0,0,0,0,0,0,0,0,0,0,0,0,0,0,0,0,0,0
"P28453",0,0,0,0,0,0.000157878118092832,0,0,0.000473634354278497,0,0,0,0,0,0,0,0,0,0,0,0,0,0,0,0,0,0,0,0,0,0,0,0,0,0,0,0,0,0,0,0,0,0,0,0,0,0,0,0,0,0,0,0,0,0,0,0,0,0,0,0,0,0,0,0,0,0,0,0,0,0,0,0,0,0,0,0,0,0,0,0,0,0,0,0,0,0,0,0,0,0,0,0,0,0,0,0,0,0,0,0,0,0,0,0,0,0,0,0,0,0,0,0,0,0,0,0,0,0,0,0,0,0,0,0,0,0,0,0,0,0,0,0,0,0,0,0,0,0,0,0,0,0,0,0,0,0,0,0,0,0,0,0,0,0,0,0,0,0,0,0,0,0,0,0,0,0,0,0,0,0,0,0.000157878118092832,0,0,0,0,0,0,0,0,0,0,0,0,0,0,0,0,0,0,0,0,0,0,0,0,0,0,0,0,0,0,0,0,0,0,0,0,0,0,0,0,0,0,0,0,0,0,0,0,0,0,0,0,0,0,0,0,0,0,0,0,0,0,0,0,0,0,0,0,0,0,0,0,0,0,0,0,0,0,0,0,0,0,0,0,0,0,0,0
"P29036",0,0,0,0,0,0,0,0,0,0,0,0,0,0,0,0,0,0,0,0,0,0,0,0,0,0,0,0,0,0,0,0,0,0,0,0,0,0,0,0,0,0,0,0,0,0,0,0,0,0,0,0,0,0,0,0,0,0,0,0,0,0,0,0,0,0,0,0,0,0,0,0,0,0,0,0,0,0,0,0,0,0,0,0,0,0,0,0,0,0,0,0,0,0,0,0,0,0,0,0,0,0,0,0,0,0,0,0,0,0,0,0,0,0,0,0,0,0,0,0,0,0,0,0,0,0,0,0,0,0,0,0,0,0,0,0,0,0,0,0,0,0,0.000157878118092832,0,0,0,0,0,0,0,0,0,0,0,0,0,0,0,0,0,0,0,0,0,0,0,0,0,0,0,0,0,0,0,0,0,0,0,0,0,0,0,0,0,0,0,0,0,0,0,0,0,0,0,0,0,0,0,0,0,0,0,0,0,0,0,0,0,0,0,0,0,0,0,0,0,0,0,0,0,0,0,0,0,0,0,0,0,0,0,0,0,0,0,0,0,0,0,0,0,0,0,0,0,0,0,0,0,0,0,0,0,0,0,0,0,0,0,0,0,0
"P29729",0,0,0,0,0,0,0,0,0,0,0,0,0,0,0,0,0,0,0,0,0,0,0,0,0,0,0,0,0,0,0,0,0,0,0,0,0,0,0,0,0,0,0,0,0,0,0,0,0,0,0,0,0,0,0,0,0,0,0,0,0,0,0,0,0,0,0,0,0,0,0,0,0,0,0,0,0,0,0,0,0,0,0,0,0,0,0,0,0,0,0,0,0,0,0,0,0,0,0,0,0,0,0,0,0,0,0,0,0,0,0,0,0,0,0,0,0,0,0,0,0,0,0,0,0,0,0,0,0,0,0,0,0,0,0,0,0,0,0,0,0,0,0,0,0,0,0,0,0,0,0,0,0,0,0,0,0,0,0,0,0,0,0,0,0,0,0,0,0,0,0,0,0,0,0,0,0,0,0,0,0,0,0,0,0,0,0,0,0,0,0,0,0,0,0,0,0,0,0,0,0,0,0,0,0,0,0,0,0,0,0,0,0,0,0,0,0,0,0,0,0,0,0,0,0,0,0,0,0,0,0,0,0,0,0.000157878118092832,0,0,0,0,0,0,0,0,0,0,0,0,0,0,0,0,0,0,0,0,0,0,0,0,0,0
"P29947",0,0,0,0,0,0,0,0,0,0,0,0,0,0,0,0,0,0,0,0,0,0,0,0,0,0,0,0,0,0,0,0,0,0,0,0,0,0,0,0,0,0,0,0,0,0,0,0,0,0,0,0,0,0,0,0,0,0,0,0,0,0,0,0,0,0,0,0,0,0,0,0,0,0,0,0,0,0,0,0,0,0,0,0,0,0,0,0,0,0,0,0,0,0,0,0,0,0,0,0,0,0,0,0,0,0,0,0,0,0,0,0,0,0,0,0,0,0,0,0,0,0,0,0,0,0,0,0,0,0,0,0,0,0,0,0,0,0,0,0,0,0,0,0,0,0,0,0,0,0,0,0,0,0,0,0,0,0,0,0,0,0,0,0,0,0,0,0,0,0,0,0,0,0,0,0,0,0,0,0,0,0,0,0,0,0,0,0,0,0,0,0,0,0,0,0,0,0,0,0,0,0,0,0,0,0,0,0,0,0,0,0,0,0,0,0,0,0,0,0,0,0,0,0,0,0,0,0,0,0,0,0,0,0,0,0,0,0,0,0,0,0,0,0,0,0,0,0,0,0,0,0,0,0,0,0,0,0,0.00110514682664983,0,0
"P30024",0,0,0,0,0,0,0,0,0,0,0,0,0,0,0,0,0,0,0,0,0,0,0,0,0,0,0,0,0,0,0,0,0,0,0,0,0,0,0,0,0,0,0,0,0,0,0,0,0,0,0,0,0,0,0,0,0,0,0,0,0,0,0,0,0,0,0,0,0,0,0,0,0,0,0,0,0,0,0,0,0,0,0,0,0,0,0,0,0,0,0,0,0,0,0,0,0,0,0,0,0,0,0,0,0,0,0,0,0,0,0,0,0,0,0,0,0,0,0,0,0,0,0,0,0,0,0,0,0,0,0,0,0,0,0,0,0,0,0,0,0,0,0,0,0,0,0,0,0,0.000947268708556994,0,0,0,0,0,0,0,0,0,0,0,0,0,0,0,0,0,0,0,0,0,0,0,0,0,0,0,0,0,0,0,0,0,0,0,0,0,0,0,0,0,0,0,0,0,0,0,0,0,0,0,0,0,0,0,0,0,0,0,0,0.000157878118092832,0,0,0,0,0,0,0,0,0,0,0,0,0,0,0,0.000947268708556994,0,0,0,0,0,0,0,0,0,0,0,0,0,0,0,0.000789390590464162,0,0,0,0,0,0,0,0,0,0,0,0,0,0,0,0,0,0
"P30193",0,0,0,0,0,0,0,0,0,0,0,0,0,0,0,0,0,0,0,0,0,0,0,0,0,0,0,0,0.000631512472371329,0,0,0,0,0,0,0,0,0,0,0,0,0,0,0,0,0,0,0,0,0,0,0,0,0,0,0,0,0,0,0,0,0,0,0,0,0,0,0,0,0,0,0,0,0,0,0,0,0,0,0,0,0,0,0,0,0,0,0,0,0,0,0,0,0,0,0,0,0,0,0,0,0,0,0,0,0,0,0,0,0,0,0,0,0,0,0,0,0,0,0,0,0,0,0,0,0,0,0,0,0,0,0,0,0,0,0,0,0,0,0,0,0,0,0,0,0,0,0,0,0,0,0,0,0,0,0,0,0,0,0,0,0,0,0,0,0,0,0,0,0,0,0,0,0,0,0,0,0,0,0,0,0,0,0,0,0,0,0,0,0,0,0,0,0,0,0,0,0,0,0,0,0,0,0,0,0,0,0,0,0,0,0,0,0,0,0,0,0,0,0,0,0,0,0,0,0,0,0,0,0,0,0,0,0,0,0,0,0,0,0,0,0,0,0,0,0,0,0,0,0,0,0,0,0,0,0,0,0,0,0,0
"P30339",0,0,0,0,0,0,0,0,0,0,0,0,0,0,0,0,0,0,0,0,0,0,0,0,0,0,0,0,0,0,0,0,0,0,0,0,0,0,0,0,0,0,0,0,0,0,0,0,0,0,0,0,0,0,0,0,0,0,0,0,0,0,0,0,0,0,0,0,0,0,0,0,0,0,0,0,0,0,0,0,0,0,0,0,0,0,0,0,0,0,0,0,0,0,0,0,0,0,0,0,0,0,0,0,0,0,0,0,0,0,0,0,0,0,0,0,0,0,0,0,0,0,0,0,0,0,0,0,0,0,0,0,0,0,0,0,0,0,0,0,0,0,0,0,0,0,0,0,0,0,0,0.000315756236185665,0,0,0,0,0,0,0,0,0,0,0,0,0,0,0,0,0,0,0,0,0,0,0,0,0,0,0,0,0,0,0,0,0,0,0,0,0,0,0,0,0,0,0,0,0,0,0,0,0,0,0,0,0,0,0,0,0,0,0,0,0,0,0,0,0,0,0,0,0,0,0,0,0,0,0,0,0,0,0,0,0,0,0,0,0,0,0,0,0,0,0,0,0,0,0,0,0,0,0,0,0,0,0,0,0,0,0,0,0
"P30493",0,0,0,0,0,0,0,0,0,0,0,0,0,0,0,0,0,0,0,0,0,0,0,0,0,0,0,0,0,0,0,0,0,0,0,0,0,0,0,0,0,0,0,0,0,0,0,0,0,0,0,0,0,0,0,0,0,0,0,0,0,0,0,0,0,0,0,0,0,0,0,0,0,0,0,0,0,0,0,0,0,0,0,0,0,0,0,0,0,0,0,0,0,0,0,0,0,0,0,0,0,0,0,0,0,0,0,0,0,0,0,0,0,0,0,0,0,0,0,0,0,0,0,0,0,0,0,0,0,0,0,0,0,0,0,0,0,0,0,0,0,0,0,0,0,0,0,0,0,0,0,0,0.000315756236185665,0,0,0,0,0,0,0,0,0,0,0,0,0,0,0,0,0,0,0,0,0,0,0,0,0,0,0,0,0,0,0,0,0,0,0,0,0,0,0,0,0,0,0,0,0,0,0,0,0,0,0,0,0,0,0,0,0,0,0,0,0,0,0,0,0,0,0,0,0,0,0,0,0,0,0,0,0,0,0,0,0,0,0,0,0,0,0,0,0,0,0,0,0,0,0,0,0,0,0,0,0,0,0,0,0,0,0,0
"P30504",0,0,0,0,0,0,0,0,0,0,0,0,0,0,0,0,0,0,0,0,0,0,0,0,0,0,0,0,0,0,0,0,0,0,0,0,0,0,0,0,0,0,0,0,0,0,0,0,0,0,0,0,0,0,0,0,0,0,0,0,0,0,0,0,0,0,0,0,0,0,0,0,0,0,0,0,0,0,0,0,0,0,0,0,0,0,0,0,0,0,0,0,0,0,0,0,0,0,0,0,0,0,0,0,0,0,0,0,0,0,0,0,0,0,0,0,0,0,0,0,0,0,0,0,0,0,0,0,0,0,0,0,0,0,0,0,0,0,0,0,0,0,0,0,0,0,0,0,0,0,0,0,0.000315756236185665,0,0,0,0,0,0,0.00473634354278497,0,0,0,0,0,0,0,0,0,0,0,0,0,0,0,0,0,0,0,0,0,0,0,0,0,0,0,0,0,0,0,0,0,0,0,0,0,0,0,0,0,0,0,0,0,0,0,0,0,0,0,0,0,0,0,0,0,0,0,0,0,0,0,0,0,0,0,0,0,0,0,0,0,0,0,0,0,0,0,0,0.000157878118092832,0,0,0,0,0,0,0,0,0,0,0,0,0,0,0,0,0,0,0,0
"P30581",0,0,0,0,0,0,0,0,0,0,0,0,0,0,0,0,0,0,0,0,0,0,0,0,0,0,0,0,0,0,0,0,0,0,0,0,0,0,0,0,0,0,0,0,0,0,0,0,0,0,0,0,0,0,0,0,0,0,0,0,0,0,0,0,0,0,0,0,0,0,0,0,0,0,0,0,0,0,0,0,0,0,0,0,0,0,0,0,0,0,0,0,0,0,0,0,0,0,0,0,0,0,0,0,0,0,0,0,0,0,0,0,0,0,0,0,0,0,0,0,0,0,0,0,0,0,0,0,0,0,0,0,0,0,0,0,0,0,0,0,0,0,0,0,0,0,0,0,0,0,0,0,0,0,0,0,0,0,0,0,0,0,0,0,0,0,0.000157878118092832,0,0,0,0,0,0,0,0,0,0,0,0,0,0,0,0,0,0,0,0,0,0,0,0,0,0,0,0,0,0,0,0,0,0,0,0,0,0,0,0,0,0,0,0,0,0,0,0,0,0,0,0,0,0,0,0,0,0,0,0,0,0,0,0,0,0,0,0,0,0,0,0,0,0,0,0,0,0,0,0,0,0,0,0,0,0,0,0,0,0,0,0,0,0
"P30584",0,0,0,0,0,0.000315756236185665,0,0,0.000631512472371329,0,0,0,0,0,0,0,0.000315756236185665,0,0,0,0.000157878118092832,0,0,0,0,0,0,0,0,0,0,0,0,0,0,0,0,0,0,0,0,0,0,0,0,0,0,0,0,0,0,0,0,0,0,0,0,0,0,0,0,0,0,0,0,0,0,0,0,0,0,0,0,0,0,0,0,0,0,0,0,0,0,0,0,0,0,0,0,0,0,0,0,0,0,0,0,0,0,0,0,0,0,0,0,0,0,0,0,0,0,0,0,0,0,0,0,0,0,0,0,0,0,0,0,0,0,0,0,0,0,0,0,0,0,0,0,0,0,0,0,0,0,0,0,0,0,0,0,0,0,0,0,0,0,0,0,0,0,0.00347331859804231,0,0,0,0.000157878118092832,0,0.000315756236185665,0,0,0,0.000631512472371329,0,0.000789390590464162,0,0,0,0.000315756236185665,0,0.0116829807388696,0,0,0,0,0,0,0,0,0,0,0,0,0,0,0,0,0,0,0,0,0,0,0,0,0,0,0,0,0,0,0,0,0,0,0,0,0,0,0,0,0,0,0,0,0,0,0,0,0,0,0,0,0,0,0,0,0,0,0,0,0,0.000631512472371329,0,0,0,0,0,0,0,0,0,0,0,0,0,0,0,0,0,0,0,0,0
"P30585",0,0,0,0,0,0,0,0,0.000157878118092832,0,0,0,0,0,0,0,0,0,0.000157878118092832,0,0,0,0,0,0,0,0,0,0,0,0,0,0,0,0,0,0,0,0,0,0,0,0,0,0,0,0,0,0,0,0,0,0,0,0,0,0,0,0,0,0,0,0,0,0,0,0,0,0,0,0,0,0,0,0,0,0,0,0,0,0,0,0,0,0,0,0,0,0,0,0,0,0,0,0,0,0,0,0,0,0,0,0,0,0,0,0,0,0,0,0,0,0,0,0,0,0,0,0,0,0,0,0,0,0,0,0,0,0,0,0,0,0,0,0,0,0,0,0,0,0,0,0,0,0,0,0,0,0,0,0,0,0.000157878118092832,0,0,0,0,0,0,0,0,0,0,0,0,0,0,0,0,0,0,0,0,0,0,0,0,0,0,0,0,0,0,0,0,0,0,0,0,0,0,0,0,0,0,0,0,0,0,0,0,0,0,0,0,0,0,0,0,0,0,0,0,0,0,0,0,0,0,0,0,0,0,0,0,0,0,0,0,0,0,0,0,0,0,0,0,0,0,0,0,0,0,0,0,0,0,0,0,0,0,0,0,0,0,0,0,0,0,0,0
"P30698",0,0,0,0,0,0,0,0,0,0,0,0,0,0,0,0,0,0,0,0,0,0,0.00110514682664983,0,0,0,0,0,0,0,0,0,0,0,0,0,0,0,0,0,0,0,0,0,0,0,0,0,0,0,0,0,0,0,0,0,0,0,0,0,0,0,0,0,0,0,0,0,0,0,0,0,0,0,0,0,0,0,0,0,0,0,0,0,0,0,0,0,0,0,0,0,0,0,0,0,0,0,0,0,0,0,0,0,0,0,0,0,0,0,0,0,0,0,0,0,0,0,0,0,0,0,0,0,0,0,0,0,0,0,0,0,0,0,0,0,0,0,0,0,0,0,0,0,0,0,0,0,0,0,0,0,0,0,0,0,0,0,0,0,0,0,0,0,0,0,0,0,0,0,0,0,0,0,0.000315756236185665,0,0,0,0,0,0,0,0,0,0,0,0,0,0,0,0,0,0,0,0,0,0,0,0,0,0,0,0,0,0,0,0,0,0,0,0,0,0,0,0,0,0,0,0,0,0,0,0,0,0,0,0,0,0,0,0,0,0,0,0,0,0,0,0,0,0,0,0,0,0,0,0,0,0,0,0,0,0,0,0,0,0,0,0,0,0
"P30705",0,0,0,0,0,0,0,0,0,0,0,0,0,0,0,0,0,0,0,0,0,0,0,0,0,0,0,0,0,0,0,0,0,0,0,0,0,0,0,0,0,0,0,0,0,0,0,0,0,0,0,0,0,0,0,0,0,0,0,0,0,0,0,0,0,0,0,0,0,0,0,0,0,0,0,0,0,0,0,0,0,0,0,0,0,0,0,0,0,0,0,0,0,0,0,0,0,0,0,0,0,0,0,0,0,0,0,0,0,0,0,0,0,0,0,0,0,0,0,0,0,0,0,0,0,0,0,0,0,0,0,0,0,0,0,0,0,0,0,0,0,0,0,0,0,0,0,0,0,0,0,0,0,0,0,0,0,0,0,0,0,0,0,0,0,0,0,0,0,0,0,0,0,0,0,0,0.000157878118092832,0,0,0,0,0,0,0,0,0,0,0,0,0,0,0,0,0,0,0,0,0,0,0,0,0,0,0.000157878118092832,0,0,0,0,0,0,0,0,0,0,0,0,0,0,0,0,0,0,0,0,0,0,0,0,0,0,0,0,0,0,0,0,0,0,0,0,0,0,0,0,0,0,0,0,0,0,0,0,0,0,0,0,0,0,0,0,0
"P30815",0,0,0,0,0,0,0,0,0,0,0,0,0,0,0,0,0,0,0,0,0,0,0,0,0,0,0,0,0,0,0,0,0,0,0,0,0,0,0,0,0,0,0,0,0,0,0,0,0,0,0,0,0,0,0,0,0,0,0,0,0,0,0,0,0,0,0,0,0,0,0,0,0,0,0,0,0,0,0,0,0,0,0,0,0,0,0,0,0,0,0,0,0,0,0,0,0,0,0,0,0,0,0,0,0,0,0,0,0,0,0,0,0,0,0,0,0,0,0,0,0,0,0,0,0,0,0,0,0,0,0,0,0,0,0,0,0,0,0,0,0,0,0,0,0,0,0,0,0,0,0,0,0,0,0,0,0,0,0,0,0,0,0,0,0,0,0,0,0,0,0,0,0,0,0,0,0,0,0,0,0,0,0,0,0,0,0,0,0,0,0,0,0,0,0,0,0,0,0,0,0,0,0,0,0,0,0,0,0,0,0,0,0,0,0,0,0,0,0,0,0,0,0,0,0,0,0,0,0,0,0,0,0,0,0.000157878118092832,0,0,0,0,0,0,0,0,0,0,0,0,0,0,0,0,0,0,0,0,0,0,0,0,0,0
"P30976",0,0,0,0,0,0.00284180612567098,0.000157878118092832,0,0,0,0,0,0,0,0,0,0,0.000157878118092832,0,0,0,0,0,0,0,0.000157878118092832,0,0,0,0,0.000157878118092832,0,0,0,0,0,0,0,0,0,0,0,0,0,0,0,0,0,0,0,0,0,0,0,0,0,0,0,0,0,0,0,0,0,0,0,0,0,0,0,0,0,0,0,0,0,0,0,0,0,0,0,0,0,0,0,0,0,0,0,0,0,0,0,0,0,0,0,0,0,0,0,0,0,0,0,0,0,0,0,0,0,0,0,0,0,0,0,0,0,0,0,0,0,0,0,0,0,0,0,0,0,0,0,0,0,0,0,0,0,0,0,0,0,0,0,0,0,0,0,0,0,0,0,0,0,0,0,0,0,0,0,0,0,0,0,0,0,0,0,0,0,0,0,0,0,0,0,0,0,0,0,0,0,0,0,0,0,0,0,0,0,0,0,0,0,0,0,0,0,0,0,0,0,0,0,0,0,0,0,0,0,0,0,0,0,0.000157878118092832,0.000157878118092832,0,0,0,0,0,0,0,0,0,0,0,0,0,0,0,0,0,0,0,0,0,0,0,0.000157878118092832,0,0,0,0,0,0,0,0,0,0,0,0,0,0,0,0,0,0,0
"P31023",0,0,0,0,0,0,0,0,0,0,0,0,0,0,0,0,0,0,0,0,0,0,0,0,0,0,0,0,0,0,0,0,0,0,0,0,0,0,0,0,0,0,0,0,0,0,0,0,0,0,0,0,0,0,0,0,0,0,0,0,0,0,0,0,0,0,0,0,0,0,0,0,0,0,0,0,0,0,0,0,0,0,0,0,0,0,0,0,0,0,0,0,0,0,0,0,0,0,0,0,0,0,0,0,0,0,0,0,0,0,0,0,0,0,0,0,0,0,0,0,0,0,0,0,0,0,0,0,0,0,0,0,0,0,0,0,0,0,0,0,0,0,0,0,0,0,0,0,0,0,0,0,0,0,0,0,0,0.00457846542469214,0,0,0,0,0,0,0,0,0,0,0,0,0,0,0,0,0,0,0,0,0,0,0,0,0,0,0,0,0,0,0,0,0,0,0,0,0,0,0,0,0,0,0,0,0,0,0,0,0,0,0,0,0,0,0,0,0,0,0,0,0,0,0,0,0,0,0,0,0,0,0,0,0,0,0,0,0,0,0,0,0,0,0,0,0,0,0,0,0,0,0,0,0,0,0,0,0,0,0,0,0,0,0
"P31177",0,0,0,0,0,0,0,0,0,0,0,0,0,0,0,0,0,0,0,0,0,0,0,0,0,0,0,0,0,0,0,0,0,0,0,0,0,0,0,0,0,0,0,0,0,0,0,0,0,0,0,0,0,0,0,0,0,0,0,0,0,0,0,0,0,0,0,0,0,0,0,0,0,0,0,0,0,0,0,0,0,0,0,0,0,0,0,0,0,0,0,0,0,0,0,0,0,0,0,0,0,0,0,0,0,0,0,0,0,0,0,0,0,0,0,0,0,0,0,0,0,0,0,0,0,0,0,0,0,0,0,0,0,0,0,0,0,0,0,0,0,0,0,0,0,0,0,0,0,0,0,0,0,0,0,0,0,0,0,0,0,0,0,0,0,0,0,0,0,0,0,0,0,0,0,0.000315756236185665,0,0,0,0,0,0,0,0,0,0,0,0,0,0,0,0,0,0,0,0,0,0,0,0,0,0,0,0,0,0,0,0,0,0,0,0,0,0,0,0,0,0,0,0,0,0,0,0,0,0,0,0,0,0,0,0,0,0,0,0,0,0,0,0,0,0,0,0,0,0,0,0,0,0,0,0,0,0,0,0,0,0,0,0,0
"P31252",0,0,0,0,0,0,0,0,0,0,0,0,0,0,0,0,0,0,0,0,0,0,0,0,0,0,0,0,0,0,0,0,0,0,0,0,0,0,0,0,0,0,0,0,0,0,0,0,0,0,0,0,0,0,0,0,0,0,0,0,0,0,0,0,0,0,0,0,0,0,0,0,0,0,0,0,0,0,0,0,0,0,0,0,0,0,0,0,0,0,0,0,0,0,0,0,0,0,0,0,0,0,0,0,0,0,0,0,0,0,0,0,0,0,0,0,0,0,0,0,0,0,0,0,0,0,0,0,0,0,0,0,0,0,0,0,0,0,0,0,0,0,0,0,0,0,0,0,0,0,0,0,0,0,0,0,0,0,0,0,0,0,0,0,0,0,0,0,0,0,0,0,0,0,0.000157878118092832,0,0,0,0,0,0,0,0,0,0,0,0,0,0,0,0,0,0,0,0,0,0,0,0,0,0,0,0,0,0,0,0,0,0,0,0,0,0,0,0,0,0,0,0,0,0,0,0,0,0,0,0,0,0,0,0,0,0,0,0,0,0,0,0,0,0,0,0,0,0,0,0,0,0,0,0,0,0,0,0,0,0,0,0,0,0
"P31365",0,0,0,0,0,0,0,0,0,0,0,0,0,0,0,0,0,0,0,0,0,0,0,0,0,0,0,0,0,0,0,0,0,0,0,0,0,0,0,0,0,0,0,0,0,0,0,0,0,0,0,0,0,0,0,0,0,0,0,0,0,0,0,0,0,0,0,0,0,0,0,0,0,0,0,0,0,0,0,0,0,0,0,0,0,0,0,0,0,0,0,0,0,0,0,0,0,0,0,0,0,0,0,0,0,0,0,0,0,0,0,0,0,0,0,0,0,0,0,0,0,0,0,0,0,0,0,0,0,0,0,0,0,0,0,0,0,0,0,0,0,0,0,0,0,0,0,0,0,0,0,0,0,0,0,0,0,0,0,0.000157878118092832,0,0,0,0,0,0,0,0,0,0,0,0,0,0,0,0,0,0,0,0,0,0,0,0,0,0,0,0,0,0,0,0,0,0,0,0,0,0,0,0,0,0,0,0,0,0,0,0,0,0,0,0,0,0,0,0,0,0,0,0,0,0,0,0,0,0,0,0,0,0,0,0,0,0,0,0,0,0,0,0,0,0,0,0,0,0,0,0,0,0,0,0,0,0,0,0,0,0,0,0,0
"P31489",0,0,0,0,0,0,0,0,0,0,0,0,0,0,0,0,0,0,0,0,0,0,0,0,0,0,0,0,0,0,0,0,0,0,0,0,0,0,0,0,0,0,0,0,0,0,0,0,0,0,0,0,0,0,0,0,0,0,0,0,0,0,0,0,0,0,0,0,0,0,0,0,0,0,0,0,0,0,0,0,0,0,0,0,0,0,0,0,0,0,0,0,0,0,0,0,0,0,0,0,0,0,0,0,0,0,0,0,0,0,0,0,0,0,0,0,0,0,0,0,0,0,0,0,0,0,0,0,0,0,0,0,0,0,0,0,0,0,0,0,0,0,0,0,0,0,0,0,0,0,0,0,0,0,0,0,0,0,0,0,0.000947268708556994,0,0,0,0,0,0,0,0,0,0,0,0,0,0,0,0,0,0,0,0,0,0,0,0,0,0,0,0,0,0,0,0,0,0,0,0,0,0,0,0,0,0,0,0,0,0,0,0,0,0,0,0,0,0,0,0,0,0,0,0,0,0,0,0,0,0,0,0,0,0,0,0,0,0,0,0,0,0,0,0,0,0,0,0,0,0,0,0,0,0,0,0,0,0,0,0,0,0,0,0
"P31636",0,0,0,0,0,0,0,0,0,0,0,0,0,0,0,0,0,0,0,0,0,0,0,0,0,0,0,0,0,0,0,0,0,0,0,0,0,0,0,0,0,0,0,0,0,0,0,0,0,0,0,0,0,0,0,0,0,0,0,0,0,0,0,0,0,0,0,0,0,0,0,0,0,0,0,0,0,0,0,0,0,0,0,0,0,0,0,0,0,0,0,0,0,0,0,0,0,0,0,0,0,0,0,0,0,0,0,0,0,0,0,0,0,0,0,0,0,0,0,0,0,0,0,0,0,0,0,0,0,0,0,0,0,0,0,0,0,0,0,0,0,0,0,0,0,0,0,0,0,0,0,0,0,0,0,0,0,0,0,0,0,0.000631512472371329,0,0,0,0,0,0,0,0,0,0,0,0,0,0,0,0,0,0,0,0,0,0,0,0,0,0,0,0,0,0,0,0,0,0,0,0,0,0,0,0,0,0,0,0,0,0,0,0,0,0,0,0,0,0,0,0,0,0,0,0,0,0,0,0,0,0,0,0,0,0,0,0,0,0,0,0,0,0,0,0,0,0,0,0,0,0,0,0,0,0,0,0,0,0,0,0,0,0,0
"P31662",0,0,0,0,0,0,0,0,0,0,0,0,0,0,0,0,0,0,0.000473634354278497,0,0,0.000157878118092832,0,0,0,0,0,0,0,0,0,0,0,0,0,0,0,0,0,0,0,0,0,0,0,0,0,0,0,0,0,0,0,0,0,0,0,0,0,0,0,0,0,0,0,0,0,0,0,0,0,0,0,0,0,0,0,0,0,0,0,0,0,0,0,0,0,0,0,0,0,0,0,0,0,0,0,0,0,0,0,0,0,0,0,0,0,0,0,0,0,0,0,0,0,0,0,0,0,0,0,0,0,0,0,0,0,0,0,0,0,0,0,0,0,0,0,0,0,0,0,0,0,0,0,0,0,0,0,0,0,0,0,0,0,0,0,0,0,0,0,0,0,0,0,0,0,0,0,0,0,0,0,0,0,0,0,0,0,0,0,0,0,0,0,0,0,0,0,0,0,0,0,0,0,0,0,0,0,0,0,0,0,0,0,0,0,0,0,0,0,0,0,0,0,0,0,0,0,0,0,0,0,0,0,0,0,0,0,0,0,0,0,0,0,0,0,0,0,0,0,0,0,0,0,0,0,0,0,0,0,0,0,0,0,0,0,0,0,0,0
"P32104",0,0,0,0,0,0,0,0,0,0,0,0,0,0,0,0,0,0,0,0,0,0,0,0,0,0,0,0,0,0.000315756236185665,0,0,0,0,0,0,0,0,0,0,0,0,0,0,0,0,0,0,0,0,0,0,0,0,0,0,0,0,0,0,0,0,0,0,0,0,0,0,0,0,0,0,0,0,0,0,0,0,0,0,0,0,0,0,0,0,0,0,0,0,0,0,0,0,0,0,0,0,0,0,0,0,0,0,0,0,0,0,0,0,0,0,0,0,0,0,0,0,0,0,0,0,0,0,0,0,0,0,0,0,0,0,0,0,0,0,0,0,0,0,0,0,0,0,0,0,0,0,0,0,0,0,0,0,0,0,0,0,0,0,0,0,0,0,0,0,0,0,0,0,0,0,0,0,0,0,0,0,0,0,0,0,0,0,0,0,0,0,0,0,0,0,0,0,0,0,0,0,0,0,0,0,0,0,0,0,0,0,0,0,0,0,0,0,0,0,0,0,0,0,0,0,0,0,0,0,0,0,0,0,0.000631512472371329,0,0,0,0,0,0,0,0,0,0,0,0,0,0,0,0,0,0,0,0,0,0,0,0,0,0,0,0,0,0
"P32512",0,0,0,0,0,0,0,0,0,0,0,0,0,0,0,0,0,0,0,0,0,0.000315756236185665,0,0,0,0,0,0,0,0,0,0,0,0,0,0,0,0,0,0,0,0,0,0,0,0,0,0,0,0,0,0,0,0,0,0,0,0,0,0,0,0,0,0,0,0,0,0,0,0,0,0,0,0,0,0,0,0,0,0,0,0,0,0,0,0,0,0,0,0,0,0,0,0,0,0,0,0,0,0,0,0,0,0,0,0,0,0,0,0,0,0,0,0,0,0,0,0,0,0,0,0,0,0,0,0,0,0,0,0,0,0,0,0,0,0,0,0,0,0,0,0,0,0,0,0,0,0,0,0,0,0,0,0,0,0,0,0,0,0,0,0,0,0,0,0,0,0,0,0,0,0,0,0,0,0,0,0,0,0,0,0,0,0,0,0,0,0,0,0,0,0,0,0,0,0,0,0,0,0,0,0,0,0,0,0,0,0,0,0,0,0,0,0,0,0,0,0,0,0,0,0,0,0,0,0,0,0,0,0,0,0,0,0,0,0,0,0,0,0,0,0,0,0,0,0,0,0,0,0,0,0,0,0,0,0,0,0,0,0,0
"P32673",0,0,0,0,0,0,0,0,0,0,0,0,0,0,0,0,0,0,0,0,0,0,0,0,0,0,0,0,0,0,0,0,0,0,0,0,0,0,0,0,0,0,0,0,0,0,0,0,0,0,0,0,0,0,0,0,0,0,0,0,0,0,0,0,0,0,0,0,0,0,0,0,0,0,0,0,0,0,0,0,0,0,0,0,0,0,0,0,0,0,0,0,0,0,0,0,0,0,0,0,0,0,0,0,0,0,0,0,0,0,0,0,0,0,0,0,0,0,0,0,0,0,0,0,0,0,0,0,0,0,0,0,0,0,0,0,0,0,0,0,0,0,0,0,0,0,0,0,0,0,0,0,0,0,0,0,0,0,0,0,0,0,0,0,0,0,0,0,0,0,0.000315756236185665,0,0,0,0,0,0,0,0,0,0,0,0,0,0,0,0,0,0,0,0,0,0,0,0,0,0,0,0,0,0,0,0,0,0,0,0,0,0,0,0,0,0,0,0,0,0,0,0,0,0,0,0,0,0,0,0,0,0,0,0,0,0,0,0,0,0,0,0,0,0,0,0,0,0,0,0,0,0,0,0,0,0,0,0,0,0,0,0,0,0
"P32697",0,0,0,0,0,0,0,0,0,0,0,0,0,0,0,0,0,0,0,0,0,0,0,0,0,0,0,0,0,0,0,0,0,0,0,0,0,0,0,0,0,0,0,0,0,0,0,0,0,0,0,0,0,0,0,0,0,0,0,0,0,0,0,0,0,0,0,0,0,0,0,0,0,0,0,0,0,0,0,0,0,0,0,0,0,0,0,0,0,0,0,0,0,0,0,0,0,0,0,0,0,0,0,0,0,0,0,0,0,0,0,0,0,0,0,0,0,0,0,0,0,0,0,0,0,0,0,0,0,0,0,0,0,0,0,0,0,0,0,0,0,0,0,0,0,0,0,0,0,0,0,0,0,0,0,0,0,0,0,0,0,0,0,0,0,0,0,0,0,0,0.000157878118092832,0,0,0,0,0,0,0,0,0,0,0,0,0,0,0,0,0,0,0,0,0,0,0,0,0,0,0,0,0,0,0,0,0,0,0,0,0,0,0,0,0,0,0,0,0,0,0,0,0,0,0,0,0,0,0,0,0,0,0,0,0,0,0,0,0,0,0,0,0,0,0,0,0,0,0,0,0,0,0,0,0,0,0,0,0,0,0,0,0,0
"P33027",0,0,0,0,0,0,0,0,0,0,0,0,0,0,0,0,0,0,0,0,0,0,0,0,0,0,0.000315756236185665,0,0,0,0,0,0,0,0,0,0,0,0,0,0,0,0,0,0,0,0,0,0,0,0,0,0,0,0,0,0,0,0,0,0,0,0,0,0,0,0,0,0,0,0,0,0,0,0,0,0,0,0,0,0,0,0,0,0,0,0,0,0,0,0,0,0,0,0,0,0,0,0,0,0,0,0,0,0,0,0,0,0,0,0,0,0,0,0,0,0,0,0,0,0,0,0,0,0,0,0,0,0,0,0,0,0,0,0,0,0,0,0,0,0,0,0,0,0,0,0,0,0,0,0,0,0,0,0,0,0,0,0,0,0,0,0,0,0,0,0,0,0,0,0,0,0,0,0.000473634354278497,0,0,0,0,0,0,0,0,0,0,0,0,0,0,0,0,0,0,0,0,0,0,0,0,0,0,0,0,0,0,0,0,0,0.00110514682664983,0,0,0,0,0,0,0,0,0,0,0,0,0,0,0,0,0,0,0,0,0,0,0,0,0,0,0,0,0,0,0,0,0,0,0,0,0,0,0,0,0,0,0,0,0,0,0,0,0,0,0,0
"P33270",0,0,0,0,0,0,0,0,0,0,0,0,0,0,0,0,0,0,0,0,0,0,0,0,0,0,0,0,0,0,0,0,0,0,0,0,0,0,0,0,0,0,0,0,0,0,0,0,0,0,0,0,0,0,0,0,0,0,0,0,0,0,0,0,0,0,0,0,0,0,0,0,0,0,0,0,0,0,0,0,0,0,0,0,0,0,0,0,0,0,0,0,0,0,0,0,0,0,0,0,0,0,0,0,0,0,0,0,0,0,0,0,0,0,0,0,0,0,0,0,0,0,0,0,0,0,0,0,0,0,0,0,0,0,0,0,0,0,0,0,0,0,0,0,0,0,0,0,0,0,0,0,0,0,0,0,0,0,0,0,0,0,0,0,0,0,0,0,0,0,0,0,0,0,0,0,0,0,0,0,0,0,0,0.000157878118092832,0,0,0,0,0,0,0,0,0,0,0,0,0,0,0,0,0,0,0,0,0,0,0,0,0,0,0,0,0,0,0,0,0,0,0,0,0,0,0,0,0,0,0,0,0,0,0,0,0,0,0,0,0,0,0,0,0,0,0,0,0,0,0,0,0,0,0,0,0,0,0,0,0,0,0,0,0
"P33755",0,0,0,0,0,0,0,0,0,0,0,0,0,0,0,0,0,0,0,0,0,0,0,0,0,0,0,0,0,0,0,0,0,0,0,0,0,0,0,0,0,0,0,0,0,0,0,0,0,0,0,0,0,0,0,0,0,0,0,0,0,0,0,0,0,0,0,0,0,0,0,0,0,0,0,0,0,0,0,0,0,0,0,0,0,0,0,0,0,0,0,0,0,0,0,0,0,0,0,0,0,0,0,0,0,0,0,0,0,0,0,0,0,0,0,0,0,0,0,0,0,0,0,0,0,0,0,0,0,0,0,0,0,0,0,0,0,0,0,0,0,0,0,0,0,0,0,0,0,0,0,0,0,0,0,0,0,0,0,0,0,0,0,0,0,0,0,0,0,0,0,0,0,0,0,0,0,0,0,0,0,0,0.00457846542469214,0,0,0,0,0,0,0,0,0,0,0,0,0,0,0,0,0,0,0,0,0,0,0,0,0,0,0,0,0,0,0,0,0,0,0,0,0,0,0,0,0,0,0,0,0,0,0,0,0,0,0,0,0,0,0,0,0,0,0,0,0,0,0,0,0,0,0,0,0,0,0,0,0,0,0,0,0,0
"P33756",0,0,0,0,0,0,0,0,0,0,0,0,0,0,0,0,0,0,0,0,0,0,0,0,0,0,0,0,0,0,0,0,0,0,0,0,0,0,0,0,0,0,0,0,0,0,0,0,0,0,0,0,0,0,0,0,0,0,0,0,0,0,0,0,0,0,0,0,0,0,0,0,0,0,0,0,0,0,0,0,0,0,0,0,0,0,0,0,0,0,0,0,0,0,0,0,0,0,0,0,0,0,0,0,0,0,0,0,0,0,0,0,0,0,0,0,0,0,0,0,0,0,0,0,0,0,0,0,0,0,0,0,0,0,0,0,0,0,0,0,0,0,0,0,0,0,0,0,0,0,0,0,0,0,0,0,0,0,0,0,0,0,0,0,0,0,0,0,0,0,0,0,0,0,0,0,0,0,0,0,0,0,0.00347331859804231,0,0,0,0,0,0,0,0,0,0,0,0,0,0,0,0,0,0,0,0,0,0,0,0.000157878118092832,0,0.000473634354278497,0,0,0,0,0,0,0,0,0,0.000631512472371329,0,0,0,0.000315756236185665,0,0,0,0,0.000631512472371329,0,0,0,0,0,0,0,0,0,0,0,0,0,0,0,0,0,0,0,0,0,0,0,0,0,0,0.000315756236185665,0,0,0,0,0,0
"P34502",0,0,0,0,0,0,0,0,0,0,0,0,0,0,0,0,0,0,0,0,0,0,0,0,0,0,0,0,0,0,0,0,0,0,0,0,0,0,0,0,0,0,0,0,0,0,0,0,0,0,0,0,0,0,0,0,0,0,0,0,0,0,0,0,0,0,0,0,0,0,0,0,0,0,0,0,0,0,0,0,0,0,0,0,0,0,0,0,0,0,0,0,0,0,0,0,0,0,0,0,0,0,0,0,0,0,0,0,0,0,0,0,0,0,0,0,0,0,0,0,0,0,0,0,0,0,0,0,0,0,0,0,0,0,0,0,0,0,0,0,0,0,0,0,0,0,0,0,0,0,0,0,0,0,0,0,0,0,0,0,0,0,0,0,0,0,0,0,0,0,0,0,0,0,0,0,0,0,0,0,0,0,0,0,0,0,0,0,0,0,0,0,0,0,0,0,0,0,0,0,0,0,0,0,0,0,0,0,0,0,0,0,0,0,0,0,0,0,0,0,0,0,0,0,0,0,0,0,0,0,0,0,0,0,0,0,0,0.000157878118092832,0,0,0,0,0,0,0,0.000315756236185665,0,0,0,0,0,0,0,0,0,0,0,0,0,0,0
"P34512",0,0,0,0,0,0,0,0,0.000157878118092832,0,0,0,0,0,0,0,0,0,0.000157878118092832,0,0,0,0,0,0,0,0,0,0,0,0,0,0,0,0,0,0,0,0,0,0,0,0,0,0,0,0,0,0,0,0,0,0,0,0,0,0,0,0,0,0,0,0,0,0,0,0,0,0,0,0,0,0,0,0,0,0,0,0,0,0,0,0,0,0,0,0,0,0,0,0,0,0,0,0,0,0,0,0,0,0,0,0,0,0,0,0,0,0,0,0,0,0,0,0,0,0,0,0,0,0,0,0,0,0,0,0,0,0,0,0,0,0,0,0,0,0,0,0,0,0,0,0,0,0,0,0,0,0,0,0,0,0,0,0,0,0,0,0,0,0,0,0,0,0,0,0,0,0,0,0,0,0,0,0,0,0,0,0,0,0,0,0,0,0,0,0,0,0,0,0,0,0,0,0,0,0,0,0,0,0,0,0,0,0,0,0,0,0,0,0,0,0,0,0,0,0,0,0,0,0,0,0,0,0,0,0,0,0,0,0,0,0,0,0,0,0,0,0,0,0,0,0,0,0,0,0,0,0,0,0,0,0,0,0,0,0,0,0,0,0
"P34572",0,0,0,0,0,0,0,0,0.000315756236185665,0,0,0,0,0,0,0,0,0,0,0,0,0,0,0,0,0,0,0,0,0,0,0,0,0,0,0,0,0,0,0,0,0,0,0,0,0,0,0,0,0,0,0,0,0,0,0,0,0,0,0,0,0,0,0,0,0,0,0,0,0,0,0,0,0,0,0,0,0,0,0,0,0,0,0,0,0,0,0,0,0,0,0,0,0,0,0,0,0,0,0,0,0,0,0,0,0,0,0,0,0,0,0,0,0,0,0,0,0,0,0,0,0,0,0,0,0,0,0,0,0,0,0,0,0,0,0,0,0,0,0,0,0,0,0,0,0,0,0,0,0,0,0,0,0,0,0,0,0,0,0,0,0,0,0,0,0,0,0,0,0,0,0,0,0,0,0,0,0,0,0,0,0,0,0,0,0,0,0,0,0,0,0,0,0,0,0,0,0,0,0,0,0,0,0,0,0,0,0,0,0,0,0,0,0,0,0,0,0,0,0,0,0,0,0,0,0,0,0,0,0,0,0,0,0,0,0,0,0,0,0,0,0,0,0,0,0,0,0,0,0,0,0,0,0,0,0,0,0,0,0,0
"P34672",0,0,0,0,0,0,0,0,0,0.00268392800757815,0,0,0,0,0,0,0,0,0,0,0,0,0,0,0,0,0,0,0,0,0,0,0,0,0,0,0,0,0,0,0,0,0,0,0,0,0,0,0,0,0,0,0,0,0,0,0,0,0,0,0,0,0,0,0,0,0,0,0,0,0,0,0,0,0,0,0,0,0,0,0,0,0,0,0,0,0,0,0,0,0,0,0,0,0,0,0,0,0,0,0,0,0,0,0,0,0,0,0,0,0,0,0,0,0,0,0,0,0,0,0,0,0,0,0,0,0,0,0,0,0,0,0,0,0,0,0,0,0,0,0,0,0,0,0,0,0,0,0,0,0,0,0,0,0,0,0,0,0,0,0,0,0,0,0,0,0,0,0,0,0,0,0,0,0,0,0,0,0,0,0,0,0,0,0,0,0,0,0,0,0,0,0,0,0,0,0,0,0,0,0,0,0,0,0,0,0,0,0,0,0,0,0,0,0,0,0,0,0,0,0,0,0,0,0,0,0,0,0,0,0,0,0,0,0,0,0,0,0,0,0,0,0,0,0,0,0,0,0,0,0,0,0,0,0,0,0,0,0,0,0
"P35121",0,0,0,0,0,0,0,0,0,0,0,0,0,0,0.000315756236185665,0,0,0.000157878118092832,0,0,0,0,0,0,0,0,0,0,0,0,0.00173665929902116,0.000473634354278497,0,0,0,0,0,0,0,0,0,0,0,0,0,0,0,0,0,0,0,0,0,0,0,0,0,0,0,0,0,0,0,0,0,0,0,0,0,0,0,0,0,0,0,0,0,0,0,0,0,0,0,0,0,0,0,0,0,0,0,0,0,0,0,0,0,0,0,0,0,0,0,0,0,0,0,0,0,0,0,0,0,0,0,0,0,0,0,0,0,0,0,0,0,0,0,0,0,0,0,0,0,0,0,0,0,0,0,0,0,0,0,0,0,0,0,0,0,0,0,0,0,0,0,0,0,0,0,0,0,0,0,0,0,0,0,0,0,0,0,0,0,0,0,0,0,0,0,0,0,0,0,0,0,0,0,0,0,0,0,0,0,0,0,0,0,0,0,0,0,0,0,0,0,0,0,0,0,0,0,0,0,0,0,0,0,0,0,0,0,0,0,0,0,0,0,0,0,0,0,0,0,0,0,0,0,0.000631512472371329,0,0,0,0,0,0,0,0,0,0,0,0,0,0,0,0,0,0,0,0,0,0,0
"P35193",0,0,0,0,0,0,0,0,0,0,0,0,0,0,0,0,0.000473634354278497,0,0,0,0,0,0,0,0,0,0,0,0,0,0,0,0,0,0,0,0,0,0,0,0,0,0,0,0,0,0,0,0,0,0,0,0,0,0,0,0,0,0,0,0,0,0,0,0,0,0,0,0,0,0,0,0,0,0,0,0,0,0,0,0,0,0,0,0,0,0,0,0,0,0,0,0,0,0,0,0,0,0,0,0,0,0,0,0,0,0,0,0,0,0,0,0,0,0,0,0,0,0,0,0,0,0,0,0,0,0,0,0,0,0,0,0,0,0,0,0,0,0,0,0,0,0,0,0,0,0,0,0,0,0,0,0,0,0,0,0,0,0,0,0,0,0,0,0,0,0,0,0,0,0,0,0,0,0,0,0,0,0,0,0,0,0,0,0,0,0,0,0,0,0,0,0,0,0,0,0,0,0,0,0,0,0,0,0,0,0,0,0,0,0,0,0,0,0,0,0,0,0,0,0,0,0,0,0,0,0,0,0,0,0,0,0,0,0,0,0,0,0,0,0,0,0,0,0,0,0,0,0,0,0,0,0,0,0,0,0,0,0,0,0
"P35377",0,0,0,0,0,0,0,0,0,0,0,0,0,0,0,0,0,0,0.000789390590464162,0,0,0,0,0,0,0,0,0,0,0,0,0,0,0,0,0,0,0,0,0,0,0,0,0,0,0,0,0,0,0,0,0,0,0,0,0,0,0,0,0,0,0,0,0,0,0,0,0,0,0,0,0,0,0,0,0,0,0,0,0,0,0,0,0,0,0,0,0,0,0,0,0,0,0,0,0,0,0,0,0,0,0,0,0,0,0,0,0,0,0,0,0,0,0,0,0,0,0,0,0,0,0,0,0,0,0,0,0,0,0,0,0,0,0,0,0,0,0,0,0,0,0,0,0,0,0,0,0,0,0,0,0,0,0,0,0,0,0,0,0,0,0,0,0,0,0,0,0,0,0,0,0,0,0,0,0,0,0,0,0,0,0,0,0,0,0,0,0,0,0,0,0,0,0,0,0,0,0,0,0,0,0,0,0,0,0,0,0,0,0,0,0,0,0,0,0,0,0,0.000157878118092832,0,0,0,0,0,0,0,0.000473634354278497,0,0,0,0,0,0,0,0,0,0,0,0,0,0,0,0,0,0,0,0,0,0,0,0,0,0,0,0,0,0,0,0,0,0
"P35378",0,0,0,0,0,0,0,0,0,0,0,0,0,0,0,0,0,0,0.00205241553520682,0,0,0,0,0,0,0,0,0,0,0,0,0,0,0,0,0,0,0,0,0,0,0,0,0,0,0,0,0,0,0,0,0,0,0,0,0,0,0,0,0,0,0,0,0,0,0,0,0,0,0,0,0,0,0,0,0,0,0,0,0,0,0,0,0,0,0,0,0,0,0,0,0,0,0,0,0,0,0,0,0,0,0,0,0,0,0,0,0,0,0,0,0,0,0,0,0,0,0,0,0,0,0,0,0,0,0,0,0,0,0,0,0,0,0,0,0,0,0,0,0,0,0,0,0,0,0,0,0,0,0,0,0,0,0,0,0,0,0,0,0,0,0,0,0,0,0,0,0,0,0,0,0,0,0,0,0,0,0,0,0,0,0,0,0,0,0,0,0,0,0,0,0,0,0,0,0,0,0,0,0,0,0,0,0,0,0,0,0,0,0,0,0,0,0,0,0,0,0,0,0,0,0,0,0,0.00126302494474266,0,0,0,0,0,0.00157878118092832,0,0,0,0,0,0,0,0,0,0,0,0,0,0,0,0,0,0,0,0,0,0,0,0,0,0,0,0,0,0
"P35625",0,0,0,0,0,0,0,0,0,0,0,0,0,0,0,0,0,0,0,0,0.000157878118092832,0,0,0,0,0,0,0,0,0,0,0,0,0,0,0,0,0,0,0,0,0,0,0,0,0,0,0,0,0,0,0,0,0,0,0,0,0,0,0,0,0,0,0,0,0,0,0,0,0,0,0,0,0,0,0,0,0,0,0,0,0,0,0,0,0,0,0,0,0,0,0,0,0,0,0,0,0,0,0,0,0,0,0,0,0,0,0,0,0,0,0,0,0,0,0,0,0,0,0,0,0,0,0,0,0,0,0,0,0,0,0,0,0,0,0,0,0,0,0,0,0,0,0,0,0,0,0,0,0,0,0,0,0,0,0,0,0,0,0,0,0,0,0,0,0,0,0,0,0,0,0,0,0,0,0,0,0,0,0,0,0,0,0,0,0,0,0,0,0,0,0,0,0,0,0,0,0,0,0,0,0,0,0,0,0,0,0,0,0,0,0,0,0,0,0,0,0,0,0,0,0,0,0,0,0,0,0,0,0,0,0,0,0,0,0,0,0,0,0,0,0,0,0,0,0,0,0,0,0,0,0,0,0,0,0,0,0,0,0,0
"P35655",0,0,0,0,0,0,0,0,0,0,0,0,0,0,0,0,0,0,0,0,0,0.000631512472371329,0,0,0,0,0,0,0,0,0,0,0,0,0,0,0,0,0,0,0,0,0,0,0,0,0,0,0,0,0,0,0,0,0,0,0,0,0,0,0,0,0,0,0,0,0,0,0,0,0,0,0,0,0,0,0,0,0,0,0,0,0,0,0,0,0,0,0,0,0,0,0,0,0,0,0,0,0,0,0,0,0,0,0,0,0,0,0,0,0,0,0,0,0,0,0,0,0,0,0,0,0,0,0,0,0,0,0,0,0,0,0,0,0,0,0,0,0,0,0,0,0,0,0,0,0,0,0,0,0,0,0,0,0,0,0,0,0,0,0,0,0,0,0,0,0,0,0,0,0,0,0,0,0,0,0,0,0,0,0,0,0,0,0,0,0,0,0,0,0,0,0,0,0,0,0,0,0,0,0,0,0,0,0,0,0,0,0,0,0,0,0,0,0,0,0,0,0,0,0,0,0,0,0,0,0,0,0,0,0,0,0,0,0,0,0,0,0,0,0,0,0,0,0,0,0,0,0,0,0,0,0,0,0,0,0,0,0,0,0
"P35656",0,0,0,0,0,0,0,0,0,0,0,0,0,0,0,0,0,0,0,0,0,0.000473634354278497,0,0,0,0,0,0,0,0,0,0,0,0,0,0,0,0,0,0,0,0,0,0,0,0,0,0,0,0,0,0,0,0,0,0,0,0,0,0,0,0,0,0,0,0,0,0,0,0,0,0,0,0,0,0,0,0,0,0,0,0,0,0,0,0,0,0,0,0,0,0,0,0,0,0,0,0,0,0,0,0,0,0,0,0,0,0,0,0,0,0,0,0,0,0,0,0,0,0,0,0,0,0,0,0,0,0,0,0,0,0,0,0,0,0,0,0,0,0,0,0,0,0,0,0,0,0,0,0,0,0,0,0,0,0,0,0,0,0,0,0,0,0,0,0,0,0,0,0,0,0,0,0,0,0,0,0,0,0,0,0,0,0,0,0,0,0,0,0,0,0,0,0,0,0,0,0,0,0,0,0,0,0,0,0,0,0,0,0,0,0,0,0,0,0,0,0,0,0,0,0,0,0,0,0,0,0,0,0,0,0,0,0,0,0,0,0,0,0,0,0,0,0,0,0,0,0,0,0,0,0,0,0,0,0,0,0,0,0,0
"P35659",0,0,0,0,0,0,0,0,0,0,0,0,0,0,0,0,0,0,0,0,0,0.000789390590464162,0,0,0,0,0,0,0,0,0,0,0,0,0,0,0,0,0,0,0,0,0,0,0,0,0,0,0,0,0,0,0,0,0,0,0,0,0,0,0,0,0,0,0,0,0,0,0,0,0,0,0,0,0,0,0,0,0,0,0,0,0,0,0,0,0,0,0,0,0,0,0,0,0,0,0,0,0,0,0,0,0,0,0,0,0,0,0,0,0,0,0,0,0,0,0,0,0,0,0,0,0,0,0,0,0,0,0,0,0,0,0,0,0,0,0,0,0,0,0,0,0,0,0,0,0,0,0,0,0,0,0,0,0,0,0,0,0,0,0,0,0,0,0,0,0,0,0,0,0,0,0,0,0,0,0,0,0,0,0,0,0,0,0,0,0,0,0,0,0,0,0,0,0,0,0,0,0,0,0,0,0,0,0,0,0,0,0,0,0,0,0,0,0,0,0,0,0,0,0,0,0,0,0,0,0,0,0,0,0,0,0,0,0,0,0,0,0,0,0,0,0,0,0,0,0,0,0,0,0,0,0,0,0,0,0,0,0,0,0
"P35687",0,0,0,0,0,0,0,0,0,0,0,0,0,0,0,0,0,0,0,0,0,0.000157878118092832,0,0,0,0,0,0,0,0,0,0,0,0,0,0,0,0,0,0,0,0,0,0,0,0,0,0,0,0,0,0,0,0,0,0,0,0,0,0,0,0,0,0,0,0,0,0,0,0,0,0,0,0,0,0,0,0,0,0,0,0,0,0,0,0,0,0,0,0,0,0,0,0,0,0,0,0,0,0,0,0,0,0,0,0,0,0,0,0,0,0,0,0,0,0,0,0,0,0,0,0,0,0,0,0,0,0,0,0,0,0,0,0,0,0,0,0,0,0,0,0,0,0,0,0,0,0,0,0,0,0,0,0,0,0,0,0,0,0,0,0,0,0,0,0,0,0,0,0,0,0,0,0,0,0,0,0,0,0,0,0,0,0,0,0,0,0,0,0,0,0,0,0,0,0,0,0,0,0,0,0,0,0,0,0,0,0,0,0,0,0,0,0,0,0,0,0,0,0,0,0,0,0,0,0,0,0,0,0,0,0,0,0,0,0,0,0,0,0,0,0,0,0,0,0,0,0,0,0,0,0,0,0,0,0,0,0,0,0,0
"P35690",0,0,0,0,0,0,0,0,0,0,0,0,0,0,0,0,0,0,0,0,0,0,0,0,0,0,0,0,0,0,0,0,0,0,0,0,0,0,0,0,0,0,0,0,0,0,0,0,0,0,0,0,0,0,0,0,0,0,0,0,0,0,0,0,0,0,0,0,0,0,0,0,0,0,0,0,0,0,0,0,0,0,0,0,0,0,0,0,0,0,0,0,0,0,0,0,0,0,0,0,0,0,0,0,0,0,0,0,0,0,0,0,0,0,0,0,0,0,0,0,0,0,0,0,0,0,0,0,0,0,0,0,0,0,0,0,0,0,0,0,0,0,0,0,0,0,0,0,0,0,0,0,0,0,0,0,0,0,0,0,0,0,0,0,0,0,0,0,0,0,0,0,0,0,0,0,0,0,0,0,0,0,0,0,0,0,0,0,0,0,0,0,0,0,0,0,0,0,0,0,0,0,0,0,0,0,0,0,0,0,0,0,0,0,0,0,0,0,0,0,0,0,0,0,0,0,0,0,0,0,0,0,0,0,0,0,0.00110514682664983,0,0,0,0,0,0,0,0,0,0,0,0,0,0,0,0,0,0,0,0,0,0,0,0
"P35718",0,0,0,0,0,0,0,0,0,0,0,0,0,0,0,0,0,0,0,0,0,0.000157878118092832,0,0,0,0,0,0,0,0,0,0,0,0,0,0,0,0,0,0,0,0,0,0,0,0,0,0,0,0,0,0,0,0,0,0,0,0,0,0,0,0,0,0,0,0,0,0,0,0,0,0,0,0,0,0,0,0,0,0,0,0,0,0,0,0,0,0,0,0,0,0,0,0,0,0,0,0,0,0,0,0,0,0,0,0,0,0,0,0,0,0,0,0,0,0,0,0,0,0,0,0,0,0,0,0,0,0,0,0,0,0,0,0,0,0,0,0,0,0,0,0,0,0,0,0,0,0,0,0,0,0,0,0,0,0,0,0,0,0,0,0,0,0,0,0,0,0,0,0,0,0,0,0,0,0,0,0,0,0,0,0,0,0,0,0,0,0,0,0,0,0,0,0,0,0,0,0,0,0,0,0,0,0,0,0,0,0,0,0,0,0,0,0,0,0,0,0,0,0,0,0,0,0,0,0,0,0,0,0,0,0,0,0,0,0,0,0,0,0,0,0,0,0,0,0,0,0,0,0,0,0,0,0,0,0,0,0,0,0,0
"P35719",0,0,0,0,0,0,0,0,0,0,0,0,0,0,0,0,0,0,0,0,0,0.000315756236185665,0,0,0,0,0,0,0,0,0,0,0,0,0,0,0,0,0,0,0,0,0,0,0,0,0,0,0,0,0,0,0,0,0,0,0,0,0,0,0,0,0,0,0,0,0,0,0,0,0,0,0,0,0,0,0,0,0,0,0,0,0,0,0,0,0,0,0,0,0,0,0,0,0,0,0,0,0,0,0,0,0,0,0,0,0,0,0,0,0,0,0,0,0,0,0,0,0,0,0,0,0,0,0,0,0,0,0,0,0,0,0,0,0,0,0,0,0,0,0,0,0,0,0,0,0,0,0,0,0,0,0,0,0,0,0,0,0,0,0,0,0,0,0,0,0,0,0,0,0,0,0,0,0,0,0,0,0,0,0,0,0,0,0,0,0,0,0,0,0,0,0,0,0,0,0,0,0,0,0,0,0,0,0,0,0,0,0,0,0,0,0,0,0,0,0,0,0,0,0,0,0,0,0,0,0,0,0,0,0,0,0,0,0,0,0.000789390590464162,0,0,0,0,0,0,0,0,0,0,0,0,0,0,0,0,0,0,0,0,0,0,0,0
"P35775",0,0,0,0,0,0,0,0,0,0,0,0,0,0,0,0,0,0,0,0,0,0.000157878118092832,0,0,0,0,0,0,0,0,0,0,0,0,0,0,0,0,0,0,0,0,0,0,0,0,0,0,0,0,0,0,0,0,0,0,0,0,0,0,0,0,0,0,0,0,0,0,0,0,0,0,0,0,0,0,0,0,0,0,0,0,0,0,0,0,0,0,0,0,0,0,0,0,0,0,0,0,0,0,0,0,0,0,0,0,0,0,0,0,0,0,0,0,0,0,0,0,0,0,0,0,0,0,0,0,0,0,0,0,0,0,0,0,0,0,0,0,0,0,0,0,0,0,0,0,0,0,0,0,0,0,0,0,0,0,0,0,0,0,0,0,0,0,0,0,0,0,0,0,0,0,0,0,0,0,0,0,0,0,0,0,0,0,0,0,0,0,0,0,0,0,0,0,0,0,0,0,0,0,0,0,0,0,0,0,0,0,0,0,0,0,0,0,0,0,0,0,0,0,0,0,0,0,0,0,0,0,0,0,0,0,0,0,0,0,0,0,0,0,0,0,0,0,0,0,0,0,0,0,0,0,0,0,0,0,0,0,0,0,0
"P35807",0,0,0,0,0,0,0,0,0,0,0,0,0,0,0,0,0,0,0,0,0,0.000157878118092832,0,0,0,0,0,0,0,0,0,0,0,0,0,0,0,0,0,0,0,0,0,0,0,0,0,0,0,0,0,0,0,0,0,0,0,0,0,0,0,0,0,0,0,0,0,0,0,0,0,0,0,0,0,0,0,0,0,0,0,0,0,0,0,0,0,0,0,0,0,0,0,0,0,0,0,0,0,0,0,0,0,0,0,0,0,0,0,0,0,0,0,0,0,0,0,0,0,0,0,0,0,0,0,0,0,0,0,0,0,0,0,0,0,0,0,0,0,0,0,0,0,0,0,0,0,0,0,0,0,0,0,0,0,0,0,0,0,0,0,0,0,0,0,0,0,0,0,0,0,0,0,0,0,0,0,0,0,0,0,0,0,0,0,0,0,0,0,0,0,0,0,0,0,0,0,0,0,0,0,0,0,0,0,0,0,0,0,0,0,0,0,0,0,0,0,0,0,0,0,0,0,0,0,0,0,0,0,0,0,0,0,0,0,0,0,0,0,0,0,0,0,0,0,0,0,0,0,0,0,0,0,0,0,0,0.000157878118092832,0,0,0,0
"P35821",0,0,0,0,0,0,0,0,0,0,0,0,0,0,0,0,0,0,0,0,0,0,0,0,0,0,0,0,0,0,0,0,0,0,0,0,0,0,0,0,0,0,0,0,0,0,0,0,0,0,0,0,0,0,0,0,0,0,0,0,0,0,0,0,0,0,0,0,0,0,0,0,0,0,0,0,0,0,0,0,0,0,0,0,0,0,0,0,0,0,0,0,0,0,0,0,0,0,0,0,0,0,0,0,0,0,0,0,0,0,0,0,0,0,0,0,0,0,0,0,0,0,0,0,0,0,0,0,0,0,0,0,0,0,0,0,0,0,0,0,0,0,0,0,0,0,0,0,0,0,0,0,0,0,0,0,0,0,0,0,0,0,0,0,0,0,0,0,0,0,0,0,0,0,0,0,0,0,0,0,0,0,0,0,0,0,0,0,0,0,0,0,0,0,0,0,0,0,0,0,0,0,0,0,0,0,0,0,0,0,0,0,0,0.000473634354278497,0,0,0,0,0,0,0,0,0,0,0,0,0,0,0,0,0,0,0,0,0,0,0,0,0,0,0,0,0,0,0,0,0,0,0,0,0,0,0,0,0,0,0,0,0,0,0
"P35826",0,0,0,0,0,0,0,0,0,0,0,0,0,0,0,0,0,0,0,0,0,0,0.000157878118092832,0,0,0,0,0,0,0,0,0,0,0,0,0,0,0,0,0,0,0,0,0,0,0,0,0,0,0,0,0,0,0,0,0,0,0,0,0,0,0,0,0,0,0,0,0,0,0,0,0,0,0,0,0,0,0,0,0,0,0,0,0,0,0,0,0,0,0,0,0,0,0,0,0,0,0,0,0,0,0,0,0,0,0,0,0,0,0,0,0,0,0,0,0,0,0,0,0,0,0,0,0,0,0,0,0,0,0,0,0,0,0,0,0,0,0,0,0,0,0,0,0,0,0,0,0,0,0,0,0,0,0,0,0,0,0,0,0,0,0,0,0,0,0,0,0,0,0,0,0,0,0,0,0,0,0,0,0,0,0,0,0,0,0,0,0,0,0,0,0,0,0,0,0,0,0,0,0,0,0,0,0,0,0,0,0,0,0,0,0,0,0,0,0,0,0,0,0,0,0,0,0,0,0,0,0,0,0,0,0,0,0,0,0,0,0,0,0,0,0,0,0,0,0,0,0,0,0,0,0,0,0,0,0,0,0,0,0,0
"P35827",0,0,0,0,0,0,0,0,0,0,0,0,0,0,0,0,0,0,0,0,0,0,0.000157878118092832,0,0,0,0,0,0,0,0,0,0,0,0,0,0,0,0,0,0,0,0,0,0,0,0,0,0,0,0,0,0,0,0,0,0,0,0,0,0,0,0,0,0,0,0,0,0,0,0,0,0,0,0,0,0,0,0,0,0,0,0,0,0,0,0,0,0,0,0,0,0,0,0,0,0,0,0,0,0,0,0,0,0,0,0,0,0,0,0,0,0,0,0,0,0,0,0,0,0,0,0,0,0,0,0,0,0,0,0,0,0,0,0,0,0,0,0,0,0,0,0,0,0,0,0,0,0,0,0,0,0,0,0,0,0,0,0,0,0,0,0,0,0,0,0,0,0,0,0,0,0,0,0,0,0,0,0,0,0,0,0,0,0,0,0,0,0,0,0,0,0,0,0,0,0,0,0,0,0,0,0,0,0,0,0,0,0,0,0,0,0,0,0,0,0,0,0,0,0,0,0,0,0,0,0,0,0,0,0,0,0,0,0,0,0,0,0.000473634354278497,0,0,0,0,0,0,0,0,0,0,0,0,0,0,0,0,0,0,0,0,0,0
"P35987",0,0,0,0,0,0,0,0,0,0,0,0,0,0,0,0,0,0,0,0,0,0,0,0,0,0,0,0,0,0,0,0.00142090306283549,0,0,0,0,0,0,0,0,0,0,0,0,0,0,0,0,0,0,0,0,0,0,0,0,0,0,0,0,0,0,0,0,0,0,0,0,0,0,0,0,0,0,0,0,0,0,0,0,0,0,0,0,0,0,0,0,0,0,0,0,0,0,0,0,0,0,0,0,0,0,0,0,0,0,0,0,0,0,0,0,0,0,0,0,0,0,0,0,0,0,0,0,0,0,0,0,0,0,0,0,0,0,0,0,0,0,0,0,0,0,0,0,0,0,0,0,0,0,0,0,0,0,0,0,0,0,0,0,0,0,0,0,0,0,0,0,0,0,0,0,0,0,0,0,0,0,0,0,0,0,0,0,0,0,0,0,0,0,0,0,0,0,0,0,0,0,0,0,0,0,0,0,0,0.000315756236185665,0,0,0,0,0,0,0,0,0,0.000315756236185665,0,0,0,0,0,0,0,0,0,0,0,0,0,0,0,0,0,0,0,0,0,0,0,0,0,0,0,0,0,0,0,0,0,0,0,0,0,0,0,0,0,0,0,0,0
"P36032",0,0,0,0,0,0,0,0,0,0,0,0,0,0,0,0,0,0,0,0,0,0,0,0,0,0,0.000473634354278497,0,0,0,0,0,0,0,0,0,0,0,0,0,0,0,0,0,0,0,0,0,0,0,0,0,0,0,0,0,0,0,0,0,0,0,0,0,0,0,0,0,0,0,0,0,0,0,0,0,0,0,0,0,0,0,0,0,0,0,0,0,0,0,0,0,0,0,0,0,0,0,0,0,0,0,0,0,0,0,0,0,0,0,0,0,0,0,0,0,0,0,0,0,0,0,0,0,0,0,0,0,0,0,0,0,0,0,0,0,0,0,0,0,0,0,0,0,0,0,0,0,0,0,0,0,0,0,0,0,0,0,0,0,0,0,0,0,0,0,0,0,0,0,0,0,0,0,0,0,0,0,0,0,0,0,0,0,0,0,0,0,0,0,0,0,0,0,0,0,0,0,0,0,0,0,0,0,0,0,0,0,0,0,0,0,0,0,0,0,0,0,0,0,0,0,0,0,0,0,0,0,0,0,0,0,0,0,0,0,0,0,0,0,0,0,0,0,0,0,0,0,0,0,0,0,0,0,0,0,0,0,0,0,0.000157878118092832
"P36316",0,0,0,0,0,0,0,0,0,0,0,0,0,0,0,0,0,0,0,0,0,0,0,0,0,0,0,0,0,0,0.000315756236185665,0,0,0,0,0,0,0,0,0,0,0,0,0,0,0,0,0,0,0,0,0,0,0,0,0,0,0,0,0,0,0,0,0,0,0,0,0,0,0,0,0,0,0,0,0,0,0,0,0,0,0,0,0,0,0,0,0,0,0,0,0,0,0,0,0,0,0,0,0,0,0,0,0,0,0,0,0,0,0,0,0,0,0,0,0,0,0,0,0,0,0,0,0,0,0,0,0,0,0,0,0,0,0,0,0,0,0,0,0,0,0,0,0,0,0,0,0,0,0,0,0,0,0,0,0,0,0,0,0,0,0,0,0,0,0,0,0,0,0,0,0,0,0,0,0,0,0,0,0,0,0,0,0,0,0,0,0,0,0,0,0,0,0,0,0,0,0,0,0,0,0,0,0,0,0,0,0,0,0,0,0,0,0,0,0,0,0,0,0,0,0,0,0,0,0,0,0,0,0,0.00315756236185665,0,0,0,0,0,0,0,0,0,0,0,0,0,0,0,0,0,0,0,0,0,0,0,0,0,0,0,0,0,0
"P36385",0,0,0,0,0,0,0,0,0,0,0,0,0,0,0,0,0,0,0,0,0,0,0,0,0,0,0,0,0,0,0,0,0,0,0,0,0,0,0,0,0,0,0,0,0,0,0,0,0,0,0,0,0,0,0,0,0,0,0,0,0,0,0,0,0,0,0,0,0,0,0,0,0,0,0,0,0,0,0,0,0,0,0,0,0,0,0,0,0,0,0,0,0,0,0,0,0,0,0,0,0,0,0,0,0,0,0,0,0,0,0,0,0,0,0,0,0,0,0,0,0,0,0,0,0,0,0,0,0,0,0,0,0,0,0,0,0,0,0,0,0,0,0,0,0,0,0,0,0,0,0,0,0,0,0,0,0,0,0,0,0,0,0,0,0,0,0,0,0,0,0,0,0,0,0,0,0,0,0,0,0,0,0,0,0,0,0,0,0,0,0,0,0,0,0,0,0,0,0,0,0,0,0,0,0,0,0.00189453741711399,0,0,0,0,0,0,0,0.000157878118092832,0,0,0,0,0,0,0,0,0,0,0,0,0,0,0,0,0,0,0,0,0,0,0,0,0,0,0,0,0,0,0,0,0,0,0,0,0,0,0,0,0,0,0,0,0,0
"P36447",0,0,0,0,0,0,0,0,0,0,0,0,0,0,0,0,0,0,0,0,0,0,0,0,0,0,0,0,0,0,0,0,0,0,0,0,0,0,0,0,0,0,0,0,0,0,0,0,0,0,0,0,0,0,0,0,0,0,0,0,0,0,0,0,0,0,0,0,0,0,0,0,0,0,0,0,0,0,0,0,0,0,0,0,0,0,0,0,0,0,0,0,0,0,0,0,0,0,0,0,0,0,0,0,0,0,0,0,0,0,0,0,0,0,0,0,0,0,0,0,0,0,0,0,0,0,0,0,0,0,0,0,0,0,0,0,0,0,0,0,0,0,0,0,0,0,0,0,0,0,0,0,0,0,0,0,0,0,0,0,0,0,0,0,0,0,0,0,0,0,0,0,0,0,0,0,0,0,0,0,0,0,0,0,0,0,0,0,0,0,0,0,0,0,0,0,0,0,0,0,0,0,0,0,0,0,0.000473634354278497,0,0,0,0,0,0,0,0,0,0,0,0,0.000315756236185665,0,0,0,0,0,0,0,0,0,0,0,0,0,0,0,0,0,0,0,0,0,0,0,0,0,0,0,0,0,0,0,0,0,0,0,0,0,0,0,0,0
"P36449",0,0,0,0,0,0,0,0,0,0,0,0,0,0,0,0,0,0,0,0,0,0,0,0,0,0,0,0,0,0,0,0,0,0,0,0,0,0,0,0,0,0,0,0,0,0,0,0,0,0,0,0,0,0,0,0,0,0,0,0,0,0,0,0,0,0,0,0,0,0,0,0,0,0,0,0,0,0,0,0,0,0,0,0,0,0,0,0,0,0,0,0,0,0,0,0,0,0,0,0,0,0,0,0,0,0,0,0,0,0,0,0,0,0,0,0,0,0,0,0,0,0,0,0,0,0,0,0,0,0,0,0,0,0,0,0,0,0,0,0,0,0,0,0,0,0,0,0,0,0,0,0,0,0,0,0,0,0,0,0,0,0,0,0,0,0,0,0,0,0,0,0,0,0,0,0,0,0,0,0,0,0,0,0,0,0,0,0,0,0,0,0,0,0,0,0,0,0,0,0,0,0,0,0,0,0,0.000315756236185665,0,0,0,0,0,0,0,0,0,0,0,0,0,0,0,0,0,0,0,0,0,0,0,0,0,0,0,0,0,0,0,0,0,0,0,0,0,0,0,0,0,0,0,0,0,0,0,0,0,0,0,0,0,0
"P36453",0,0,0,0,0,0,0,0,0,0,0,0,0,0,0,0,0,0,0,0,0,0,0,0,0,0,0,0,0,0,0,0,0,0,0,0,0,0,0,0,0,0,0,0,0,0,0,0,0,0,0,0,0,0,0,0,0,0,0,0,0,0,0,0,0,0,0,0,0,0,0,0,0,0,0,0,0,0,0,0,0,0,0,0,0,0,0,0,0,0,0,0,0,0,0,0,0,0,0,0,0,0,0,0,0,0,0,0,0,0,0,0,0,0,0,0,0,0,0,0,0,0,0,0,0,0,0,0,0,0,0,0,0,0,0,0,0,0,0,0,0,0,0,0,0,0,0,0,0,0,0,0,0,0,0,0,0,0,0,0,0,0,0,0,0,0,0,0,0,0,0,0,0,0,0,0,0,0,0,0,0,0,0,0,0,0,0,0,0,0,0,0,0,0,0,0,0,0,0,0,0,0,0,0,0,0,0,0,0,0,0,0,0,0,0,0,0,0,0,0,0.000789390590464162,0,0,0,0,0,0,0,0,0,0,0,0,0,0,0,0,0,0,0,0,0,0,0,0,0,0,0,0,0,0,0,0,0,0,0,0,0,0,0,0
"P36467",0,0,0,0,0,0,0,0,0,0,0,0,0,0,0,0,0,0,0,0,0,0,0,0,0,0,0,0,0,0,0,0,0,0,0,0,0,0,0,0,0,0,0,0,0,0,0,0,0,0,0,0,0,0,0,0,0,0,0,0,0,0,0,0,0,0,0,0,0,0,0,0,0,0,0,0,0,0,0,0,0,0,0,0,0,0,0,0,0,0,0,0,0,0,0,0,0,0,0,0,0,0,0,0,0,0,0,0,0,0,0,0,0,0,0,0,0,0,0,0,0,0,0,0,0,0,0,0,0,0,0,0,0,0,0,0,0,0,0,0,0,0,0,0,0,0,0,0,0,0,0,0,0,0,0,0,0,0,0,0,0,0,0,0,0,0,0,0,0,0,0,0,0,0,0,0,0,0,0,0,0,0,0,0,0,0,0,0,0,0,0,0,0,0,0,0,0,0,0,0,0,0,0,0,0,0,0,0,0,0,0,0,0,0,0,0,0,0,0,0,0.000157878118092832,0,0,0,0,0,0,0,0,0,0,0,0,0,0,0,0,0,0,0,0,0,0,0,0,0,0,0,0,0,0,0,0,0,0,0,0,0,0,0,0
"P36484",0,0,0,0,0,0,0,0,0,0,0,0,0,0,0,0,0,0,0,0,0,0,0,0,0,0,0,0,0,0,0,0,0,0,0,0,0,0,0,0,0,0,0,0,0,0,0,0,0,0,0,0,0,0,0,0,0,0,0,0,0,0,0,0,0,0,0,0,0,0,0,0,0,0,0,0,0,0,0,0,0,0,0,0,0,0,0,0,0,0,0,0,0,0,0,0,0,0,0,0,0,0,0,0,0,0,0,0,0,0,0,0,0,0,0,0,0,0,0,0,0,0,0,0,0,0,0,0,0,0,0,0,0,0,0,0,0,0,0,0,0,0,0,0,0,0,0,0,0,0,0,0,0,0,0,0,0,0,0,0,0,0,0,0,0,0,0,0,0,0,0,0,0,0,0,0,0,0,0,0,0,0,0,0,0,0,0,0,0,0,0,0,0,0,0,0,0,0,0,0,0,0,0,0,0,0,0,0,0,0.000157878118092832,0,0,0,0,0,0,0,0,0,0,0,0,0,0,0.000157878118092832,0,0,0,0,0,0,0,0,0,0,0,0,0,0,0,0,0,0,0,0,0,0,0,0,0,0,0,0,0,0,0,0,0,0,0,0
"P36488",0,0,0,0,0,0,0,0,0,0,0,0,0,0,0,0,0,0,0,0,0,0,0,0,0,0,0,0,0,0,0,0,0,0,0,0,0,0,0,0,0,0,0,0,0,0,0,0,0,0,0,0,0,0,0,0,0,0,0,0,0,0,0,0,0,0,0,0,0,0,0,0,0,0,0,0,0,0,0,0,0,0,0,0,0,0,0,0,0,0,0,0,0,0,0,0,0,0,0,0,0,0,0,0,0,0,0,0,0,0,0,0,0,0,0,0,0,0,0,0,0,0,0,0,0,0,0,0,0,0,0,0,0,0,0,0,0,0,0,0,0,0,0,0,0,0,0,0,0,0,0,0,0,0,0,0,0,0,0,0,0,0,0,0,0,0,0,0,0,0,0,0,0,0,0,0,0,0,0,0,0,0,0,0,0,0,0,0,0,0,0,0,0,0,0,0,0,0,0,0,0,0,0,0,0,0,0.000157878118092832,0,0,0,0,0,0,0,0,0,0,0,0,0,0,0.000157878118092832,0,0,0,0,0,0,0,0,0,0,0,0,0,0,0,0,0,0,0,0,0,0,0,0,0,0,0,0,0,0,0,0,0,0,0,0,0,0,0
"P36490",0,0,0,0,0,0,0,0,0,0,0,0,0,0,0,0,0,0,0,0,0,0,0,0,0,0,0,0,0,0,0,0,0,0,0,0,0,0,0,0,0,0,0,0,0,0,0,0,0,0,0,0,0,0,0,0,0,0,0,0,0,0,0,0,0,0,0,0,0,0,0,0,0,0,0,0,0,0,0,0,0,0,0,0,0,0,0,0,0,0,0,0,0,0,0,0,0,0,0,0,0,0,0,0,0,0,0,0,0,0,0,0,0,0,0,0,0,0,0,0,0,0,0,0,0,0,0,0,0,0,0,0,0,0,0,0,0,0,0,0,0,0,0,0,0,0,0,0,0,0,0,0,0,0,0,0,0,0,0,0,0,0,0,0,0,0,0,0,0,0,0,0,0,0,0,0,0,0,0,0,0,0,0,0,0,0,0,0,0,0,0,0,0,0,0,0,0,0,0,0,0,0,0,0,0,0,0.000315756236185665,0,0,0,0,0,0,0,0,0,0,0,0,0,0,0,0,0,0,0,0,0,0,0,0,0,0,0,0,0,0,0,0,0,0,0,0,0,0,0,0,0,0,0,0,0,0,0,0,0,0,0,0,0,0
"P36492",0,0,0,0,0,0,0,0,0,0,0,0,0,0,0,0,0,0,0,0,0,0,0,0,0,0,0,0,0,0,0,0,0,0,0,0,0,0,0,0,0,0,0,0,0,0,0,0,0,0,0,0,0,0,0,0,0,0,0,0,0,0,0,0,0,0,0,0,0,0,0,0,0,0,0,0,0,0,0,0,0,0,0,0,0,0,0,0,0,0,0,0,0,0,0,0,0,0,0,0,0,0,0,0,0,0,0,0,0,0,0,0,0,0,0,0,0,0,0,0,0,0,0,0,0,0,0,0,0,0,0,0,0,0,0,0,0,0,0,0,0,0,0,0,0,0,0,0,0,0,0,0,0,0,0,0,0,0,0,0,0,0,0,0,0,0,0,0,0,0,0,0,0,0,0,0,0,0,0,0,0,0,0,0,0,0,0,0,0,0,0,0,0,0,0,0,0,0,0,0,0,0,0,0,0,0,0.000315756236185665,0,0,0,0,0,0,0,0,0,0,0,0,0,0,0,0,0,0,0,0,0,0,0,0,0,0,0,0,0,0,0,0,0,0,0,0,0,0,0,0,0,0,0,0,0,0,0,0,0,0,0,0,0,0
"P36635",0,0,0,0,0,0,0,0,0,0,0,0,0,0,0,0,0,0,0,0,0,0,0,0,0,0,0,0,0,0,0,0,0,0,0,0,0,0,0,0,0,0,0,0,0,0,0,0,0,0,0,0,0,0,0,0,0,0,0,0,0,0,0,0,0,0,0,0,0,0,0,0,0,0,0,0,0,0,0,0,0,0,0,0,0,0,0,0,0,0,0,0,0,0,0,0,0,0,0,0,0,0,0,0,0,0,0,0,0,0,0,0,0,0,0,0,0,0,0,0,0,0,0,0,0,0,0,0,0,0,0,0,0,0,0,0,0,0,0,0,0,0,0,0,0,0,0,0,0,0,0,0,0,0,0,0,0,0,0,0,0,0,0,0,0,0,0,0,0,0,0,0,0,0,0,0,0,0,0,0,0,0,0,0,0,0,0,0,0,0,0,0,0,0,0,0,0,0,0,0,0,0,0,0,0,0,0,0,0.000315756236185665,0,0,0,0,0,0,0,0,0,0,0,0,0,0,0,0,0,0,0,0,0,0,0,0,0,0,0,0,0,0,0,0,0,0,0,0,0,0,0,0,0,0,0,0,0,0,0,0,0,0,0,0
"P36651",0,0,0,0,0,0,0,0,0,0,0,0,0,0,0,0,0,0,0,0,0,0,0,0,0,0,0,0,0,0,0,0,0,0,0,0,0,0,0,0,0,0,0,0,0,0,0,0,0,0,0,0,0,0,0,0,0,0,0,0,0,0,0,0,0,0,0,0,0,0,0,0,0,0,0,0,0,0,0,0,0,0,0,0,0,0,0,0,0,0,0,0,0,0,0,0,0,0,0,0,0,0,0,0,0,0,0,0,0,0,0,0,0,0,0,0,0,0,0,0,0,0,0,0,0,0,0,0,0,0,0,0,0,0,0,0,0,0,0,0,0,0,0,0,0,0,0,0,0,0,0,0,0,0,0,0,0,0,0,0,0,0,0,0,0,0,0,0,0,0,0,0,0,0,0,0,0,0,0,0,0,0,0,0,0,0,0,0,0,0,0,0,0,0,0,0,0,0,0,0,0,0,0,0,0,0,0,0,0,0,0,0,0,0,0,0,0,0,0,0,0,0,0,0,0,0,0,0.000157878118092832,0,0,0,0,0,0,0,0,0,0,0,0,0,0,0,0,0,0,0,0,0,0,0,0,0,0,0,0,0,0,0,0,0.000157878118092832
"P36699",0,0,0,0,0,0,0,0,0,0,0,0,0,0,0,0,0,0,0,0,0,0,0,0,0,0,0,0,0,0,0,0,0,0,0,0,0,0,0,0,0,0,0,0,0,0,0,0,0,0,0,0,0,0,0,0,0,0,0,0,0,0,0,0,0,0,0,0,0,0,0,0,0,0,0,0,0,0,0,0,0,0,0,0,0,0,0,0,0,0,0,0,0,0,0,0,0,0,0,0,0,0,0,0,0,0,0,0,0,0,0,0,0,0,0,0,0,0,0,0,0,0,0,0,0,0,0,0,0,0,0,0,0,0,0,0,0,0,0,0,0,0,0,0,0,0,0,0,0,0,0,0,0,0,0,0,0,0,0,0,0,0,0,0,0,0,0,0,0,0,0,0,0,0,0,0,0,0,0,0,0,0,0,0,0,0,0,0,0,0,0,0,0,0,0,0,0,0,0,0,0,0,0,0,0,0,0,0,0,0,0,0,0,0,0,0,0,0,0,0.000157878118092832,0,0.000157878118092832,0,0,0,0,0,0.000157878118092832,0,0,0,0,0,0,0,0,0.000315756236185665,0,0,0,0,0,0,0,0,0,0,0,0,0,0,0,0,0,0,0,0,0,0,0,0.000157878118092832
"P36765",0,0,0,0,0,0,0,0,0,0,0,0,0,0,0,0,0,0,0,0,0,0,0,0,0,0,0,0,0,0,0,0,0,0,0,0,0,0,0,0,0,0,0,0,0,0,0,0,0,0,0,0,0,0,0,0,0,0,0,0,0,0,0,0,0,0,0,0,0,0,0,0,0,0,0,0,0,0,0,0,0,0,0,0,0,0,0,0,0,0,0,0,0,0,0,0,0,0,0,0,0,0,0,0,0,0,0,0,0,0,0,0,0,0,0,0,0,0,0,0,0,0,0,0,0,0,0,0,0,0,0,0,0,0,0,0,0,0,0,0,0,0,0,0,0,0,0,0,0,0,0,0,0,0,0,0,0,0,0,0,0,0,0,0,0,0,0,0,0,0,0,0,0,0,0,0,0,0,0,0,0,0,0,0,0,0,0,0,0,0,0,0,0,0,0,0,0,0,0,0,0,0,0,0,0,0,0,0,0,0,0.000157878118092832,0,0,0,0,0,0,0,0.000473634354278497,0,0,0,0,0.000157878118092832,0,0,0,0,0.00315756236185665,0,0,0,0,0,0,0,0,0,0,0,0,0,0.000157878118092832,0,0,0,0,0,0,0,0,0,0,0,0,0,0,0,0,0,0
"P36901",0,0,0,0,0,0,0,0,0,0,0,0,0,0,0,0,0,0,0,0,0,0,0,0,0,0,0,0,0,0,0,0,0,0,0,0,0,0,0,0,0,0,0,0,0,0,0,0,0,0,0,0,0,0,0,0,0,0,0,0,0,0,0,0,0,0,0,0,0,0,0,0,0,0,0,0,0,0,0,0,0,0,0,0,0,0,0,0,0,0,0,0,0,0,0,0,0,0,0,0,0,0,0,0,0,0,0,0,0,0,0,0,0,0,0,0,0,0,0,0,0,0,0,0,0,0,0,0,0,0,0,0,0,0,0,0,0,0,0,0,0,0,0,0,0,0,0,0,0,0,0,0,0,0,0,0,0,0,0,0,0,0,0,0,0,0,0,0,0,0,0,0,0,0,0,0,0,0,0,0,0,0,0,0,0,0,0,0,0,0,0,0,0,0,0,0,0,0,0,0,0,0,0,0,0,0,0,0,0,0,0,0,0,0,0,0,0,0,0,0,0,0,0,0,0,0,0,0,0,0,0,0,0,0,0,0,0,0,0,0,0,0,0,0,0,0,0,0,0,0,0,0,0,0,0,0.000315756236185665,0,0,0,0,0
"P36914",0,0,0,0,0,0,0,0,0,0,0,0,0,0,0,0,0,0,0,0,0,0,0,0,0,0,0,0,0,0,0,0,0,0,0,0,0,0,0,0,0,0,0,0,0,0,0,0,0,0,0,0,0,0,0,0,0,0,0,0,0,0,0,0,0,0,0,0,0,0,0,0,0,0,0,0,0,0,0,0,0,0,0,0,0,0,0,0,0,0,0,0,0,0,0,0,0,0,0,0,0,0,0,0,0,0,0,0,0,0,0,0,0,0,0,0,0,0,0,0,0,0,0,0,0,0,0,0,0,0,0,0,0,0,0,0,0,0,0,0,0,0,0,0,0,0,0,0,0,0,0,0,0,0,0,0,0,0,0,0,0,0,0,0,0,0,0,0,0,0,0,0,0,0,0,0,0,0,0,0,0,0,0,0,0,0,0,0,0,0,0,0,0,0,0,0,0,0,0,0,0,0,0,0,0,0,0,0,0,0,0.000157878118092832,0,0,0,0,0,0,0,0,0,0,0,0,0,0,0,0,0,0,0,0,0,0,0,0,0,0,0,0,0,0,0,0,0,0,0,0,0,0,0,0,0,0,0,0,0,0,0,0,0,0
"P37178",0,0,0,0,0,0,0,0,0,0,0,0,0,0,0,0,0,0,0,0,0,0,0,0,0,0,0,0,0,0,0,0,0,0,0,0,0,0,0,0,0,0,0,0,0,0,0,0,0,0,0,0,0,0,0,0,0,0,0,0,0,0,0,0,0,0,0,0,0,0,0,0,0,0,0,0,0,0,0,0,0,0,0,0,0,0,0,0,0,0,0,0,0,0,0,0,0,0,0,0,0,0,0,0,0,0,0,0,0,0,0,0,0,0,0,0,0,0,0,0,0,0,0,0,0,0,0,0,0,0,0,0,0,0,0,0,0,0,0,0,0,0,0,0,0,0,0,0,0,0,0,0,0,0,0,0,0,0,0,0,0,0,0,0,0,0,0,0,0,0,0,0,0,0,0,0,0,0,0,0,0,0,0,0,0,0,0,0,0,0,0,0,0,0,0,0,0,0,0,0,0,0,0,0,0,0,0,0,0,0,0,0.000157878118092832,0,0,0,0,0,0,0,0,0,0,0,0,0,0,0,0,0,0,0,0,0,0,0,0,0,0,0,0,0,0,0,0,0,0,0,0,0,0,0,0,0,0,0,0,0,0,0,0,0
"P37850",0,0,0,0,0,0,0,0,0,0,0,0,0,0,0,0,0,0,0,0,0,0,0,0,0,0,0,0,0,0,0,0,0,0,0,0,0,0,0,0,0,0,0,0,0,0,0,0,0,0,0,0,0,0,0,0,0,0,0,0,0,0,0,0,0,0,0,0,0,0,0,0,0,0,0,0,0,0,0,0,0,0,0,0,0,0,0,0,0,0,0,0,0,0,0,0,0,0,0,0,0,0,0,0,0,0,0,0,0,0,0,0,0,0,0,0,0,0,0,0,0,0,0,0,0,0,0,0,0,0,0,0,0,0,0,0,0,0,0,0,0,0,0,0,0,0,0,0,0,0,0,0,0,0,0,0,0,0,0,0,0,0,0,0,0,0,0,0,0,0,0,0,0,0,0,0,0,0,0,0,0,0,0,0,0,0,0,0,0,0,0,0,0,0,0,0,0,0,0,0,0,0,0,0,0,0,0,0,0,0,0,0,0,0,0.000157878118092832,0,0,0,0,0,0,0,0,0,0,0,0,0,0,0,0,0,0,0,0,0,0,0,0,0,0,0,0,0,0,0,0,0,0,0,0,0,0,0,0,0,0,0,0,0,0
"P38273",0,0,0,0,0,0,0,0,0,0,0,0,0,0,0,0,0,0,0,0,0,0,0,0,0,0,0,0,0,0,0,0,0,0,0,0,0,0,0,0,0,0,0,0,0,0,0,0,0,0,0,0,0,0,0,0,0,0,0,0,0,0,0,0,0,0,0,0,0,0,0,0,0,0,0,0,0,0,0,0,0,0,0,0,0,0,0,0,0,0,0,0,0,0,0,0,0,0,0,0,0,0,0,0,0,0,0,0,0,0,0,0,0,0,0,0,0,0,0,0,0,0,0,0,0,0,0,0,0,0,0,0,0,0,0,0,0,0,0,0,0,0,0,0,0,0,0,0,0,0,0,0,0,0,0,0,0,0,0,0,0,0,0,0,0,0,0,0,0,0,0,0,0,0,0,0,0,0,0,0,0,0,0,0,0,0,0,0,0,0,0,0,0,0,0,0,0,0,0,0,0,0,0,0,0,0,0,0,0,0,0,0,0,0,0,0,0.000315756236185665,0,0,0,0,0,0,0,0,0,0,0,0,0,0,0,0,0,0,0,0,0,0,0,0,0,0,0,0,0,0,0,0,0,0,0,0,0,0,0,0,0,0,0,0
"P38481",0,0,0,0,0,0,0,0,0,0,0,0,0,0,0,0,0,0,0,0,0,0,0,0,0,0,0,0,0,0,0,0,0,0,0,0,0,0,0,0,0,0,0,0,0,0,0,0,0,0,0,0,0,0,0,0,0,0,0,0,0,0,0,0,0,0,0,0,0,0,0,0,0,0,0,0,0,0,0,0,0,0,0,0,0,0,0,0,0,0,0,0,0,0,0,0,0,0,0,0,0,0,0,0,0,0,0,0,0,0,0,0,0,0,0,0,0,0,0,0,0,0,0,0,0,0,0,0,0,0,0,0,0,0,0,0,0,0,0,0,0,0,0,0,0,0,0,0,0,0,0,0,0,0,0,0,0,0,0,0,0,0,0,0,0,0,0,0,0,0,0,0,0,0,0,0,0,0,0,0,0,0,0,0,0,0,0,0,0,0,0,0,0,0,0,0,0,0,0,0,0,0,0,0,0,0,0,0,0,0,0,0,0,0,0,0,0,0,0,0.000789390590464162,0.000631512472371329,0,0,0,0,0,0,0,0,0,0,0,0,0,0,0,0,0,0,0,0,0,0,0,0,0,0,0,0,0,0,0,0,0,0,0,0,0,0,0,0
"P38482",0,0,0,0,0,0,0,0,0,0,0,0,0,0,0,0,0,0,0,0,0,0,0,0,0,0,0,0,0,0,0,0,0,0,0,0,0,0,0,0,0,0,0,0,0,0,0,0,0,0,0,0,0,0,0,0,0,0,0,0,0,0,0,0,0,0,0,0,0,0,0,0,0,0,0,0,0,0,0,0,0,0,0,0,0,0,0,0,0,0,0,0,0,0,0,0,0,0,0,0,0,0,0,0,0,0,0,0,0,0,0,0,0,0,0,0,0,0,0,0,0,0,0,0,0,0,0,0,0,0,0,0,0,0,0,0,0,0,0,0,0,0,0,0,0,0,0,0,0,0,0,0,0,0,0,0,0,0,0,0,0,0,0,0,0,0,0,0,0,0,0,0,0,0,0,0,0,0,0,0,0,0,0,0,0,0,0,0,0,0,0,0,0,0,0,0,0,0,0,0,0,0,0,0,0,0,0,0,0,0,0,0,0,0,0,0,0,0,0,0.000157878118092832,0,0,0,0,0,0,0,0,0,0,0,0,0,0,0,0,0,0,0,0,0,0,0,0,0,0,0,0,0,0,0,0,0,0,0,0,0,0,0,0,0
"P38483",0,0,0,0,0,0,0,0,0,0,0,0,0,0,0,0,0,0,0,0,0,0,0,0,0,0,0,0,0,0,0,0,0,0,0,0,0,0,0,0,0,0,0,0,0,0,0,0,0,0,0,0,0,0,0,0,0,0,0,0,0,0,0,0,0,0,0,0,0,0,0,0,0,0,0,0,0,0,0,0,0,0,0,0,0,0,0,0,0,0,0,0,0,0,0,0,0,0,0,0,0,0,0,0,0,0,0,0,0,0,0,0,0,0,0,0,0,0,0,0,0,0,0,0,0,0,0,0,0,0,0,0,0,0,0,0,0,0,0,0,0,0,0,0,0,0,0,0,0,0,0,0,0,0,0,0,0,0,0,0,0,0,0,0,0,0,0,0,0,0,0,0,0,0,0,0,0,0,0,0,0,0,0,0,0,0,0,0,0,0,0,0,0,0,0,0,0,0,0,0,0,0,0,0,0,0,0,0,0,0,0,0,0,0,0,0,0,0,0,0.000315756236185665,0,0,0,0,0,0,0,0,0,0,0,0,0,0,0,0,0,0,0,0,0,0,0,0,0,0,0,0,0,0,0,0,0,0,0,0,0,0,0,0,0
"P38484",0,0,0,0,0,0,0,0,0,0,0,0,0,0,0,0,0,0,0,0,0,0,0,0,0,0,0,0,0,0,0,0,0,0,0,0,0,0,0,0,0,0,0,0,0,0,0,0,0,0,0,0,0,0,0,0,0,0,0,0,0,0,0,0,0,0,0,0,0,0,0,0,0,0,0,0,0,0,0,0,0,0,0,0,0,0,0,0,0,0,0,0,0,0,0,0,0,0,0,0,0,0,0,0,0,0,0,0,0,0,0,0,0,0,0,0,0,0,0,0,0,0,0,0,0,0,0,0,0,0,0,0,0,0,0,0,0,0,0,0,0,0,0,0,0,0,0,0,0,0,0,0,0,0,0,0,0,0,0,0,0,0,0,0,0,0,0,0,0,0,0,0,0,0,0,0,0,0,0,0,0,0,0,0,0,0,0,0,0,0,0,0,0,0,0,0,0,0,0,0,0,0,0,0,0,0,0,0,0,0,0,0,0,0,0,0,0,0,0,0.000315756236185665,0,0,0,0,0,0,0,0,0,0,0,0,0,0,0,0,0,0,0,0,0,0,0,0,0,0,0,0,0,0,0,0,0,0,0,0,0,0,0,0,0
"P38511",0,0,0,0,0,0,0,0,0,0,0,0,0,0,0,0,0,0,0,0,0,0,0,0,0,0,0,0,0,0,0,0,0,0,0,0,0,0,0,0,0,0,0,0,0,0,0,0,0,0,0,0,0,0,0,0,0,0,0,0,0,0,0,0,0,0,0,0,0,0,0,0,0,0,0,0,0,0,0,0,0,0,0,0,0,0,0,0,0,0,0,0,0,0,0,0,0,0,0,0,0,0,0,0,0,0,0,0,0,0,0,0,0,0,0,0,0,0,0,0,0,0,0,0,0,0,0,0,0,0,0,0,0,0,0,0,0,0,0,0,0,0,0,0,0,0,0,0,0,0,0,0,0,0,0,0,0,0,0,0,0,0,0,0,0,0,0,0,0,0,0,0,0,0,0,0,0,0,0,0,0,0,0,0,0,0,0,0,0,0,0,0,0,0,0,0,0,0,0,0,0,0,0,0,0,0,0,0,0,0,0,0,0,0,0,0,0,0,0,0,0,0,0,0,0,0,0,0,0,0,0,0,0.000157878118092832,0,0,0,0.000157878118092832,0,0.000157878118092832,0,0,0,0,0,0,0,0,0,0,0,0,0,0,0,0,0,0,0,0,0,0.000157878118092832
"P38515",0,0,0,0,0,0,0,0,0,0,0,0,0,0,0,0,0,0,0,0,0,0,0,0,0,0,0,0,0,0,0,0,0,0,0,0,0,0,0,0,0,0,0,0,0,0,0,0,0,0,0,0,0,0,0,0,0,0,0,0,0,0,0,0,0,0,0,0,0,0,0,0,0,0,0,0,0,0,0,0,0,0,0,0,0,0,0,0,0,0,0,0,0,0,0,0,0,0,0,0,0,0,0,0,0,0,0,0,0,0,0,0,0,0,0,0,0,0,0,0,0,0,0,0,0,0,0,0,0,0,0,0,0,0,0,0,0,0,0,0,0,0,0,0,0,0,0,0,0,0,0,0,0,0,0,0,0,0,0,0,0,0,0,0,0,0,0,0,0,0,0,0,0,0,0,0,0,0,0,0,0,0,0,0,0,0,0,0,0,0,0,0,0,0,0,0,0,0,0,0,0,0,0,0,0,0,0,0,0,0,0,0,0,0,0,0,0,0,0,0.000157878118092832,0,0,0,0,0,0,0,0,0,0,0,0,0,0,0,0,0,0,0,0,0,0,0,0,0,0,0,0,0,0,0,0,0,0,0,0,0,0,0,0,0.000157878118092832
"P38574",0,0,0,0,0,0,0,0,0,0,0,0,0,0,0,0,0,0,0,0,0,0,0,0,0,0,0,0,0,0,0,0,0,0,0,0,0,0,0,0,0,0,0,0,0,0,0,0,0,0,0,0,0,0,0,0,0,0,0,0,0,0,0,0,0,0,0,0,0,0,0,0,0,0,0,0,0,0,0,0,0,0,0,0,0,0,0,0,0,0,0,0,0,0,0,0,0,0,0,0,0,0,0,0,0,0,0,0,0,0,0,0,0,0,0,0,0,0,0,0,0,0,0,0,0,0,0,0,0,0,0,0,0,0,0,0,0,0,0,0,0,0,0,0,0,0,0,0,0,0,0,0,0,0,0,0,0,0,0,0,0,0,0,0,0,0,0,0,0,0,0,0,0,0,0,0,0,0,0,0,0,0,0,0,0,0,0,0,0,0,0,0,0,0,0,0,0,0,0,0,0,0,0,0,0,0,0,0,0,0,0,0,0,0,0,0,0,0,0,0,0,0,0,0,0,0,0,0.000789390590464162,0.000157878118092832,0,0,0,0,0,0,0,0,0,0,0,0,0,0,0,0,0,0,0,0,0,0,0,0,0,0,0,0,0.000157878118092832,0,0,0
"P38578",0,0,0,0,0,0,0,0,0,0,0,0,0,0,0,0,0,0,0,0,0,0,0,0,0,0,0,0,0,0,0,0,0,0,0,0,0,0,0,0,0,0,0,0,0,0,0,0,0,0,0,0,0,0,0,0,0,0,0,0,0,0,0,0,0,0,0,0,0,0,0,0,0,0,0,0,0,0,0,0,0,0,0,0,0,0,0,0,0,0,0,0,0,0,0,0,0,0,0,0,0,0,0,0,0,0,0,0,0,0,0,0,0,0,0,0,0,0,0,0,0,0,0,0,0,0,0,0,0,0,0,0,0,0,0,0,0,0,0,0,0,0,0,0,0,0,0,0,0,0,0,0,0,0,0,0,0,0,0,0,0,0,0,0,0,0,0,0,0,0,0,0,0,0,0,0,0,0,0,0,0,0,0,0,0,0,0,0,0,0,0,0,0,0,0,0,0,0,0,0,0,0,0,0,0,0,0,0,0,0,0,0,0,0,0,0,0,0,0,0,0,0.000473634354278497,0,0,0,0,0,0,0,0,0,0,0,0,0,0,0,0,0,0,0,0,0,0,0,0,0,0,0,0,0,0,0,0,0,0,0,0.000157878118092832,0,0,0
"P38579",0,0,0,0,0,0,0,0,0,0,0,0,0,0,0,0,0,0,0,0,0,0,0,0,0,0,0,0,0,0,0,0,0,0,0,0,0,0,0,0,0,0,0,0,0,0,0,0,0,0,0,0,0,0,0,0,0,0,0,0,0,0,0,0,0,0,0,0,0,0,0,0,0,0,0,0,0,0,0,0,0,0,0,0,0,0,0,0,0,0,0,0,0,0,0,0,0,0,0,0,0,0,0,0,0,0,0,0,0,0,0,0,0,0,0,0,0,0,0,0,0,0,0,0,0,0,0,0,0,0,0,0,0,0,0,0,0,0,0,0,0,0,0,0,0,0,0,0,0,0,0,0,0,0,0,0,0,0,0,0,0,0,0,0,0,0,0,0,0,0,0,0,0,0,0,0,0,0,0,0,0,0,0,0,0,0,0,0,0,0,0,0,0,0,0,0,0,0,0,0,0,0,0,0,0,0,0,0,0,0,0,0,0,0,0,0,0,0,0,0,0,0.000157878118092832,0,0,0,0,0,0,0,0,0,0,0,0,0,0,0,0,0,0,0,0,0,0,0,0,0,0,0,0,0,0,0,0,0,0,0,0,0,0,0
"P38599",0,0,0,0,0,0,0,0,0,0,0,0,0,0,0,0,0,0,0,0,0,0,0,0,0,0,0,0,0,0,0,0,0,0,0,0,0,0,0,0,0,0,0,0,0,0,0,0,0,0,0,0,0,0,0,0,0,0,0,0,0,0,0,0,0,0,0,0,0,0,0,0,0,0,0,0,0,0,0,0,0,0,0,0,0,0,0,0,0,0,0,0,0,0,0,0,0,0,0,0,0,0,0,0,0,0,0,0,0,0,0,0,0,0,0,0,0,0,0,0,0,0,0,0,0,0,0,0,0,0,0,0,0,0,0,0,0,0,0,0,0,0,0,0,0,0,0,0,0,0,0,0,0,0,0,0,0,0,0,0,0,0,0,0,0,0,0,0,0,0,0,0,0,0,0,0,0,0,0,0,0,0,0,0,0,0,0,0,0,0,0,0,0,0,0,0,0,0,0,0,0,0,0,0,0,0,0,0,0,0,0,0,0,0,0,0,0,0,0,0,0,0,0,0,0,0,0,0,0,0,0.000315756236185665,0,0,0,0,0,0,0,0,0,0,0,0,0,0,0,0,0,0,0,0,0,0,0,0,0,0,0,0,0,0.000157878118092832
"P38628",0,0,0,0,0,0,0,0,0,0,0,0,0,0,0,0,0,0,0,0,0,0,0,0,0,0,0,0,0,0,0,0,0,0,0,0,0,0,0,0,0,0,0,0,0,0,0,0,0,0,0,0,0,0,0,0,0,0,0,0,0,0,0,0,0,0,0,0,0,0,0,0,0,0,0,0,0,0,0,0,0,0,0,0,0,0,0,0,0,0,0,0,0,0,0,0,0,0,0,0,0,0,0,0,0,0,0,0,0,0,0,0,0,0,0,0,0,0,0,0,0,0,0,0,0,0,0,0,0,0,0,0,0,0,0,0,0,0,0,0,0,0,0,0,0,0,0,0,0,0,0,0,0,0,0,0,0,0,0,0,0,0,0,0,0,0,0,0,0,0,0,0,0,0,0,0,0,0,0,0,0,0,0,0,0,0,0,0,0,0,0,0,0,0,0,0,0,0,0,0,0,0,0,0,0,0,0,0,0,0,0,0,0,0,0,0,0,0,0,0,0,0,0.000473634354278497,0,0,0,0,0,0,0,0,0,0,0,0,0,0,0,0,0,0,0,0,0,0,0,0,0,0,0,0,0,0,0,0,0,0,0,0,0,0
"P38667",0,0,0,0,0,0,0,0,0,0,0,0,0,0,0,0,0,0,0,0,0,0,0,0,0,0,0,0,0,0,0,0,0,0,0,0,0,0,0,0,0,0,0,0,0,0,0,0,0,0,0,0,0,0,0,0,0,0,0,0,0,0,0,0,0,0,0,0,0,0,0,0,0,0,0,0,0,0,0,0,0,0,0,0,0,0,0,0,0,0,0,0,0,0,0,0,0,0,0,0,0,0,0,0,0,0,0,0,0,0,0,0,0,0,0,0,0,0,0,0,0,0,0,0,0,0,0,0,0,0,0,0,0,0,0,0,0,0,0,0,0,0,0,0,0,0,0,0,0,0,0,0,0,0,0,0,0,0,0,0,0,0,0,0,0,0,0,0,0,0,0,0,0,0,0,0,0,0,0,0,0,0,0,0,0,0,0,0,0,0,0,0,0,0,0,0,0,0,0,0,0,0,0,0,0,0,0,0,0,0,0,0,0,0,0,0,0,0,0,0,0,0,0.000157878118092832,0,0,0,0,0,0,0,0,0,0,0,0,0,0,0,0,0,0,0,0,0,0,0,0,0,0,0,0,0,0,0,0,0,0,0,0,0,0
"P38798",0,0,0,0,0,0,0,0,0,0,0,0,0,0,0,0,0,0,0,0,0,0,0,0,0,0,0,0,0,0,0,0,0,0,0,0,0,0,0,0,0,0,0,0,0,0,0,0,0,0,0,0,0,0,0,0,0,0,0,0,0,0,0,0,0,0,0,0,0,0,0,0,0,0,0,0,0,0,0,0,0,0,0,0,0,0,0,0,0,0,0,0,0,0,0,0,0,0,0,0,0,0,0,0,0,0,0,0,0,0,0,0,0,0,0,0,0,0,0,0,0,0,0,0,0,0,0,0,0,0,0,0,0,0,0,0,0,0,0,0,0,0,0,0,0,0,0,0,0,0,0,0,0,0,0,0,0,0,0,0,0,0,0,0,0,0,0,0,0,0,0,0,0,0,0,0,0,0,0,0,0,0,0,0,0,0,0,0,0,0,0,0,0,0,0,0,0,0,0,0,0,0,0,0,0,0,0,0,0,0,0,0,0,0,0,0,0,0,0,0,0,0,0,0,0,0,0,0,0,0,0,0,0,0,0,0,0,0,0,0,0,0,0,0,0,0,0,0,0,0,0,0.000157878118092832,0,0.000157878118092832,0,0,0,0,0,0,0
"P38848",0,0,0,0,0,0,0,0,0,0,0,0,0,0,0,0,0,0,0,0,0,0,0,0,0,0,0,0,0,0,0,0,0,0,0,0,0,0,0,0,0,0,0,0,0,0,0,0,0,0,0,0,0,0,0,0,0,0,0,0,0,0,0,0,0,0,0,0,0,0,0,0,0,0,0,0,0,0,0,0,0,0,0,0,0,0,0,0,0,0,0,0,0,0,0,0,0,0,0,0,0,0,0,0,0,0,0,0,0,0,0,0,0,0,0,0,0,0,0,0,0,0,0,0,0,0,0,0,0,0,0,0,0,0,0,0,0,0,0,0,0,0,0,0,0,0,0,0,0,0,0,0,0,0,0,0,0,0,0,0,0,0,0,0,0,0,0,0,0,0,0,0,0,0,0,0,0,0,0,0,0,0,0,0,0,0,0,0,0,0,0,0,0,0,0,0,0,0,0,0,0,0,0,0,0,0,0,0,0,0,0,0,0,0,0,0,0,0,0,0,0,0,0,0,0,0,0,0,0,0,0,0,0,0,0,0,0,0,0,0.000157878118092832,0,0,0,0,0,0,0,0,0,0,0,0.000157878118092832,0,0,0,0,0,0,0,0,0
"P39032",0,0,0,0,0,0,0,0,0,0,0,0,0,0,0,0,0,0,0,0,0,0,0,0,0,0,0,0,0,0,0,0,0,0,0,0,0,0,0,0,0,0,0,0,0,0,0,0,0,0,0,0,0,0,0,0,0,0,0,0,0,0,0,0,0,0,0,0,0,0,0,0,0,0,0,0,0,0,0,0,0,0,0,0,0,0,0,0,0,0,0,0,0,0,0,0,0,0,0,0,0,0,0,0,0,0,0,0,0,0,0,0,0,0,0,0,0,0,0,0,0,0,0,0,0,0,0,0,0,0,0,0,0,0,0,0,0,0,0,0,0,0,0,0,0,0,0,0,0,0,0,0,0,0,0,0,0,0,0,0,0,0,0,0,0,0,0,0,0,0,0,0,0,0,0,0,0,0,0,0,0,0,0,0,0,0,0,0,0,0,0,0,0,0,0,0,0,0,0,0,0,0,0,0,0,0,0,0,0,0,0,0,0,0,0,0,0,0,0,0,0,0,0,0,0,0.000157878118092832,0,0,0,0,0,0,0,0,0,0,0,0,0,0,0,0,0,0,0,0,0,0,0,0,0,0,0,0,0,0,0,0,0,0,0
"P39272",0,0,0,0,0,0,0,0,0,0,0,0,0,0,0,0,0,0,0,0,0,0,0,0,0,0,0,0,0,0,0,0,0,0,0,0,0,0,0,0,0,0,0,0,0,0,0,0,0,0,0,0,0,0,0,0,0,0,0,0,0,0,0,0,0,0,0,0,0,0,0,0,0,0,0,0,0,0,0,0,0,0,0,0,0,0,0,0,0,0,0,0,0,0,0,0,0,0,0,0,0,0,0,0,0,0,0,0,0,0,0,0,0,0,0,0,0,0,0,0,0,0,0,0,0,0,0,0,0,0,0,0,0,0,0,0,0,0,0,0,0,0,0,0,0,0,0,0,0,0,0,0,0,0,0,0,0,0,0,0,0,0,0,0,0,0,0,0,0,0,0,0,0,0,0,0,0,0,0,0,0,0,0,0,0,0,0,0,0,0,0,0,0,0,0,0,0,0,0,0,0,0,0,0,0,0,0,0,0,0,0,0,0,0,0,0,0,0,0,0,0,0,0,0,0,0,0.000631512472371329,0,0,0,0,0,0,0,0,0,0,0,0,0,0,0,0,0,0,0,0,0,0,0,0,0,0,0,0,0,0,0,0,0,0
"P39273",0,0,0,0,0,0,0,0,0,0,0,0,0,0,0,0,0,0,0,0,0,0,0,0,0,0,0,0,0,0,0,0,0,0,0,0,0,0,0,0,0,0,0,0,0,0,0,0,0,0,0,0,0,0,0,0,0,0,0,0,0,0,0,0,0,0,0,0,0,0,0,0,0,0,0,0,0,0,0,0,0,0,0,0,0,0,0,0,0,0,0,0,0,0,0,0,0,0,0,0,0,0,0,0,0,0,0,0,0,0,0,0,0,0,0,0,0,0,0,0,0,0,0,0,0,0,0,0,0,0,0,0,0,0,0,0,0,0,0,0,0,0,0,0,0,0,0,0,0,0,0,0,0,0,0,0,0,0,0,0,0,0,0,0,0,0,0,0,0,0,0,0,0,0,0,0,0,0,0,0,0,0,0,0,0,0,0,0,0,0,0,0,0,0,0,0,0,0,0,0,0,0,0,0,0,0,0,0,0,0,0,0,0,0,0,0,0,0,0,0,0,0,0,0,0,0,0.000631512472371329,0,0,0,0,0,0,0,0,0,0,0,0,0,0,0,0,0,0,0,0,0,0,0,0,0,0,0,0,0,0,0,0,0,0
"P39275",0,0,0,0,0,0,0,0,0,0,0,0,0,0,0,0,0,0,0,0,0,0,0,0,0,0,0,0,0,0,0,0,0,0,0,0,0,0,0,0,0,0,0,0,0,0,0,0,0,0,0,0,0,0,0,0,0,0,0,0,0,0,0,0,0,0,0,0,0,0,0,0,0,0,0,0,0,0,0,0,0,0,0,0,0,0,0,0,0,0,0,0,0,0,0,0,0,0,0,0,0,0,0,0,0,0,0,0,0,0,0,0,0,0,0,0,0,0,0,0,0,0,0,0,0,0,0,0,0,0,0,0,0,0,0,0,0,0,0,0,0,0,0,0,0,0,0,0,0,0,0,0,0,0,0,0,0,0,0,0,0,0,0,0,0,0,0,0,0,0,0,0,0,0,0,0,0,0,0,0,0,0,0,0,0,0,0,0,0,0,0,0,0,0,0,0,0,0,0,0,0,0,0,0,0,0,0,0,0,0,0,0,0,0,0,0,0,0,0,0,0,0,0,0,0,0,0.000473634354278497,0,0,0,0,0,0,0,0,0,0,0,0,0,0,0,0,0,0,0,0,0,0,0,0,0,0,0,0,0,0,0,0,0,0
"P39278",0,0,0,0,0,0,0,0,0,0,0,0,0,0,0,0,0,0,0,0,0,0,0,0,0,0,0,0,0,0,0,0,0,0,0,0,0,0,0,0,0,0,0,0,0,0,0,0,0,0,0,0,0,0,0,0,0,0,0,0,0,0,0,0,0,0,0,0,0,0,0,0,0,0,0,0,0,0,0,0,0,0,0,0,0,0,0,0,0,0,0,0,0,0,0,0,0,0,0,0,0,0,0,0,0,0,0,0,0,0,0,0,0,0,0,0,0,0,0,0,0,0,0,0,0,0,0,0,0,0,0,0,0,0,0,0,0,0,0,0,0,0,0,0,0,0,0,0,0,0,0,0,0,0,0,0,0,0,0,0,0,0,0,0,0,0,0,0,0,0,0,0,0,0,0,0,0,0,0,0,0,0,0,0,0,0,0,0,0,0,0,0,0,0,0,0,0,0,0,0,0,0,0,0,0,0,0,0,0,0,0,0,0,0,0,0,0,0,0,0,0,0,0,0,0,0,0.000157878118092832,0,0,0,0,0,0,0,0,0,0,0,0,0,0,0,0,0,0,0,0,0,0,0,0,0,0,0,0,0,0,0,0,0,0
"P39513",0,0,0,0,0,0,0,0,0,0,0,0,0,0,0,0,0,0,0,0,0,0,0,0,0,0,0,0,0,0,0,0,0,0,0,0,0,0,0,0,0,0,0,0,0,0,0,0,0,0,0,0,0,0,0,0,0,0,0,0,0,0,0,0,0,0,0,0,0,0,0,0,0,0,0,0,0,0,0,0,0,0,0,0,0,0,0,0,0,0,0,0,0,0,0,0,0,0,0,0,0,0,0,0,0,0,0,0,0,0,0,0,0,0,0,0,0,0,0,0,0,0,0,0,0,0,0,0,0,0,0,0,0,0,0,0,0,0,0,0,0,0,0,0,0,0,0,0,0,0,0,0,0,0,0,0,0,0,0,0,0,0,0,0,0,0,0,0,0,0,0,0,0,0,0,0,0,0,0,0,0,0,0,0,0,0,0,0,0,0,0,0,0,0,0,0,0,0,0,0,0,0,0,0,0,0,0,0,0,0,0,0,0,0,0,0,0,0,0,0,0,0,0,0,0,0,0,0.00205241553520682,0,0,0,0,0,0,0,0,0,0,0,0,0,0,0,0,0,0,0,0,0,0,0,0,0,0,0,0,0,0,0,0,0
"P39515",0,0,0,0,0,0,0,0,0,0,0,0,0,0,0,0,0,0,0,0,0,0,0,0,0,0,0,0,0,0,0,0,0,0,0,0,0,0,0,0,0,0,0,0,0,0,0,0,0,0,0,0,0,0,0,0,0,0,0,0,0,0,0,0,0,0,0,0,0,0,0,0,0,0,0,0,0,0,0,0,0,0,0,0,0,0,0,0,0,0,0,0,0,0,0,0,0,0,0,0,0,0,0,0,0,0,0,0,0,0,0,0,0,0,0,0,0,0,0,0,0,0,0,0,0,0,0,0,0,0,0,0,0,0,0,0,0,0,0,0,0,0,0,0,0,0,0,0,0,0,0,0,0,0,0,0,0,0,0,0,0,0,0,0,0,0,0,0,0,0,0,0,0,0,0,0,0,0,0,0,0,0,0,0,0,0,0,0,0,0,0,0,0,0,0,0,0,0,0,0,0,0,0,0,0,0,0,0,0,0,0,0,0,0,0,0,0,0,0,0,0,0,0,0,0,0,0,0.000789390590464162,0,0,0,0,0,0,0,0,0,0,0,0,0,0,0,0,0,0,0,0,0,0,0,0,0,0,0,0,0,0,0,0,0
"P39665",0,0,0,0,0,0,0,0,0,0,0,0,0,0,0,0,0,0,0,0,0,0,0,0,0,0,0,0,0,0,0,0,0,0,0,0,0,0,0,0,0,0,0,0,0,0,0,0,0,0,0,0,0,0,0,0,0,0,0,0,0,0,0,0,0,0,0,0,0,0,0,0,0,0,0,0,0,0,0,0,0,0,0,0,0,0,0,0,0,0,0,0,0,0,0,0,0,0,0,0,0,0,0,0,0,0,0,0,0,0,0,0,0,0,0,0,0,0,0,0,0,0,0,0,0,0,0,0,0,0,0,0,0,0,0,0,0,0,0,0,0,0,0,0,0,0,0,0,0,0,0,0,0,0,0,0,0,0,0,0,0,0,0,0,0,0,0,0,0,0,0,0,0,0,0,0,0,0,0,0,0,0,0,0,0,0,0,0,0,0,0,0,0,0,0,0,0,0,0,0,0,0,0,0,0,0,0,0,0,0,0,0,0,0,0,0,0,0,0,0,0,0,0,0,0,0,0,0,0.000157878118092832,0,0,0,0,0,0,0,0,0,0,0,0,0,0,0.000315756236185665,0,0,0,0,0,0,0,0,0,0,0,0,0,0.000157878118092832,0,0,0
"P39667",0,0,0,0,0,0,0,0,0,0,0,0,0,0,0,0,0,0,0,0,0,0,0,0,0,0,0,0,0,0,0,0,0,0,0,0,0,0,0,0,0,0,0,0,0,0,0,0,0,0,0,0,0,0,0,0,0,0,0,0,0,0,0,0,0,0,0,0,0,0,0,0,0,0,0,0,0,0,0,0,0,0,0,0,0,0,0,0,0,0,0,0,0,0,0,0,0,0,0,0,0,0,0,0,0,0,0,0,0,0,0,0,0,0,0,0,0,0,0,0,0,0,0,0,0,0,0,0,0,0,0,0,0,0,0,0,0,0,0,0,0,0,0,0,0,0,0,0,0,0,0,0,0,0,0,0,0,0,0,0,0,0,0,0,0,0,0,0,0,0,0,0,0,0,0,0,0,0,0,0,0,0,0,0,0,0,0,0,0,0,0,0,0,0,0,0,0,0,0,0,0,0,0,0,0,0,0,0,0,0,0,0,0,0,0,0,0,0,0,0,0,0,0,0,0,0,0,0,0,0,0,0,0,0,0,0,0,0,0,0,0,0,0,0,0,0,0,0,0,0,0,0,0,0,0,0,0,0,0,0,0.00173665929902116
"P39862",0,0,0,0,0,0,0,0,0,0,0,0,0,0,0,0,0,0,0,0,0,0,0,0,0,0,0,0,0,0,0,0,0,0,0,0,0,0,0,0,0,0,0,0,0,0,0,0,0,0,0,0,0,0,0,0,0,0,0,0,0,0,0,0,0,0,0,0,0,0,0,0,0,0,0,0,0,0,0,0,0,0,0,0,0,0,0,0,0,0,0,0,0,0,0,0,0,0,0,0,0,0,0,0,0,0,0,0,0,0,0,0,0,0,0,0,0,0,0,0,0,0,0,0,0,0,0,0,0,0,0,0,0,0,0,0,0,0,0,0,0,0,0,0,0,0,0,0,0,0,0,0,0,0,0,0,0,0,0,0,0,0,0,0,0,0,0,0,0,0,0,0,0,0,0,0,0,0,0,0,0,0,0,0,0,0,0,0,0,0,0,0,0,0,0,0,0,0,0,0,0,0,0,0,0,0,0,0,0,0,0,0,0,0,0,0,0,0,0,0,0,0,0,0,0,0,0,0,0,0,0,0,0,0,0,0,0,0,0,0,0,0,0,0,0,0,0,0,0,0,0,0,0,0,0,0,0,0,0,0,0.000157878118092832
"P39929",0,0,0,0,0,0,0,0,0,0,0,0,0,0,0,0,0,0,0,0,0,0,0,0,0,0,0,0,0,0,0,0,0,0,0,0,0,0,0,0,0,0,0,0,0,0,0,0,0,0,0,0,0,0,0,0,0,0,0,0,0,0,0,0,0,0,0,0,0,0,0,0,0,0,0,0,0,0,0,0,0,0,0,0,0,0,0,0,0,0,0,0,0,0,0,0,0,0,0,0,0,0,0,0,0,0,0,0,0,0,0,0,0,0,0,0,0,0,0,0,0,0,0,0,0,0,0,0,0,0,0,0,0,0,0,0,0,0,0,0,0,0,0,0,0,0,0,0,0,0,0,0,0,0,0,0,0,0,0,0,0,0,0,0,0,0,0,0,0,0,0,0,0,0,0,0,0,0,0,0,0,0,0,0,0,0,0,0,0,0,0,0,0,0,0,0,0,0,0,0,0,0,0,0,0,0,0,0,0,0,0,0,0,0,0,0,0,0,0,0,0,0,0,0,0,0,0,0,0,0,0.00126302494474266,0,0,0,0,0,0,0,0,0,0,0,0,0,0,0,0,0,0,0,0,0,0,0,0,0,0,0,0,0,0
"P39931",0,0,0,0,0,0,0,0,0,0,0,0,0,0,0,0,0,0,0,0,0,0,0,0,0,0,0,0,0,0,0,0,0,0,0,0,0,0,0,0,0,0,0,0,0,0,0,0,0,0,0,0,0,0,0,0,0,0,0,0,0,0,0,0,0,0,0,0,0,0,0,0,0,0,0,0,0,0,0,0,0,0,0,0,0,0,0,0,0,0,0,0,0,0,0,0,0,0,0,0,0,0,0,0,0,0,0,0,0,0,0,0,0,0,0,0,0,0,0,0,0,0,0,0,0,0,0,0,0,0,0,0,0,0,0,0,0,0,0,0,0,0,0,0,0,0,0,0,0,0,0,0,0,0,0,0,0,0,0,0,0,0,0,0,0,0,0,0,0,0,0,0,0,0,0,0,0,0,0,0,0,0,0,0,0,0,0,0,0,0,0,0,0,0,0,0,0,0,0,0,0,0,0,0,0,0,0,0,0,0,0,0,0,0,0,0,0,0,0,0,0,0,0,0,0,0,0,0,0,0,0.00110514682664983,0,0,0,0.00410483107041364,0,0,0,0,0,0,0.000473634354278497,0,0,0,0,0,0,0,0,0,0,0,0,0,0,0,0,0,0,0
"P39962",0,0,0,0,0,0,0,0,0,0,0,0,0,0,0,0,0,0,0,0,0,0,0,0,0,0,0,0,0,0,0,0,0,0,0,0,0,0,0,0,0,0,0,0,0,0,0,0,0,0,0,0,0,0,0,0,0,0,0,0,0,0,0,0,0,0,0,0,0,0,0,0,0,0,0,0,0,0,0,0,0,0,0,0,0,0,0,0,0,0,0,0,0,0,0,0,0,0,0,0,0,0,0,0,0,0,0,0,0,0,0,0,0,0,0,0,0,0,0,0,0,0,0,0,0,0,0,0,0,0,0,0,0,0,0,0,0,0,0,0,0,0,0,0,0,0,0,0,0,0,0,0,0,0,0,0,0,0,0,0,0,0,0,0,0,0,0,0,0,0,0,0,0,0,0,0,0,0,0,0,0,0,0,0,0,0,0,0,0,0,0,0,0,0,0,0,0,0,0,0,0,0,0,0,0,0,0,0,0,0,0,0,0,0,0,0,0,0,0,0,0,0,0,0,0,0,0,0,0,0,0.000157878118092832,0,0,0,0,0,0,0,0,0,0,0,0,0,0,0,0,0,0,0,0,0,0,0,0,0,0,0,0,0,0
"P40090",0,0,0,0,0,0,0,0,0,0,0,0,0,0,0,0,0,0,0,0,0,0,0,0,0,0,0,0,0,0,0,0,0,0,0,0,0,0,0,0,0,0,0,0,0,0,0,0,0,0,0,0,0,0,0,0,0,0,0,0,0,0,0,0,0,0,0,0,0,0,0,0,0,0,0,0,0,0,0,0,0,0,0,0,0,0,0,0,0,0,0,0,0,0,0,0,0,0,0,0,0,0,0,0,0,0,0,0,0,0,0,0,0,0,0,0,0,0,0,0,0,0,0,0,0,0,0,0,0,0,0,0,0,0,0,0,0,0,0,0,0,0,0,0,0,0,0,0,0,0,0,0,0,0,0,0,0,0,0,0,0,0,0,0,0,0,0,0,0,0,0,0,0,0,0,0,0,0,0,0,0,0,0,0,0,0,0,0,0,0,0,0,0,0,0,0,0,0,0,0,0,0,0,0,0,0,0,0,0,0,0,0,0,0,0,0,0,0,0,0,0,0,0,0,0,0,0,0,0,0,0,0,0,0,0,0,0,0,0,0,0,0,0,0,0,0,0,0,0,0,0,0,0,0,0,0,0,0,0,0,0.000631512472371329
"P40237",0,0,0,0,0,0,0,0,0,0,0,0,0,0,0,0,0,0,0,0,0,0,0,0,0,0,0,0,0,0,0,0,0,0,0,0,0,0,0,0,0,0,0,0,0,0,0,0,0,0,0,0,0,0,0,0,0,0,0,0,0,0,0,0,0,0,0,0,0,0,0,0,0,0,0,0,0,0,0,0,0,0,0,0,0,0,0,0,0,0,0,0,0,0,0,0,0,0,0,0,0,0,0,0,0,0,0,0,0,0,0,0,0,0,0,0,0,0,0,0,0,0,0,0,0,0,0,0,0,0,0,0,0,0,0,0,0,0,0,0,0,0,0,0,0,0,0,0,0,0,0,0,0,0,0,0,0,0,0,0,0,0,0,0,0,0,0,0,0,0,0,0,0,0,0,0,0,0,0,0,0,0,0,0,0,0,0,0,0,0,0,0,0,0,0,0,0,0,0,0,0,0,0,0,0,0,0,0,0,0,0,0,0,0,0,0,0,0,0,0,0,0,0,0,0,0,0,0,0,0,0,0,0.000157878118092832,0,0,0,0,0,0,0,0,0,0,0,0,0,0,0,0,0,0,0,0,0,0,0,0,0,0,0,0
"P40281",0,0,0,0,0,0,0,0,0,0,0,0,0,0,0,0,0,0,0,0,0,0,0,0,0,0,0,0,0,0,0,0,0,0,0,0,0,0,0,0,0,0,0,0,0,0,0,0,0,0,0,0,0,0,0,0,0,0,0,0,0,0,0,0,0,0,0,0,0,0,0,0,0,0,0,0,0,0,0,0,0,0,0,0,0,0,0,0,0,0,0,0,0,0,0,0,0,0,0,0,0,0,0,0,0,0,0,0,0,0,0,0,0,0,0,0,0,0,0,0,0,0,0,0,0,0,0,0,0,0,0,0,0,0,0,0,0,0,0,0,0,0,0,0,0,0,0,0,0,0,0,0,0,0,0,0,0,0,0,0,0,0,0,0,0,0,0,0,0,0,0,0,0,0,0,0,0,0,0,0,0,0,0,0,0,0,0,0,0,0,0,0,0,0,0,0,0,0,0,0,0,0,0,0,0,0,0,0,0,0,0,0,0,0,0,0,0,0,0,0,0,0,0,0,0,0,0,0,0,0,0,0,0.000315756236185665,0,0,0,0,0,0,0,0,0,0,0,0,0,0,0,0,0,0,0,0,0,0,0,0,0,0,0,0
"P40392",0,0,0,0,0,0,0,0,0,0,0,0,0,0,0,0,0,0,0,0,0,0,0,0,0,0,0,0,0,0,0,0,0,0,0,0,0,0,0,0,0,0,0,0,0,0,0,0,0,0,0,0,0,0,0,0,0,0,0,0,0,0,0,0,0,0,0,0,0,0,0,0,0,0,0,0,0,0,0,0,0,0,0,0,0,0,0,0,0,0,0,0,0,0,0,0,0,0,0,0,0,0,0,0,0,0,0,0,0,0,0,0,0,0,0,0,0,0,0,0,0,0,0,0,0,0,0,0,0,0,0,0,0,0,0,0,0,0,0,0,0,0,0,0,0,0,0,0,0,0,0,0,0,0,0,0,0,0,0,0,0,0,0,0,0,0,0,0,0,0,0,0,0,0,0,0,0,0,0,0,0,0,0,0,0,0,0,0,0,0,0,0,0,0,0,0,0,0,0,0,0,0,0,0,0,0,0,0,0,0,0,0,0,0,0,0,0,0,0,0,0,0,0,0,0,0,0,0,0,0,0,0,0,0.000157878118092832,0,0,0,0,0,0,0,0,0,0,0,0,0,0,0,0,0,0,0,0,0,0,0,0,0,0,0
"P40792",0,0,0,0,0,0,0,0,0,0,0,0,0,0,0,0,0,0,0,0,0,0,0,0,0,0,0,0,0,0,0,0,0,0,0,0,0,0,0,0,0,0,0,0,0,0,0,0,0,0,0,0,0,0,0,0,0,0,0,0,0,0,0,0,0,0,0,0,0,0,0,0,0,0,0,0,0,0,0,0,0,0,0,0,0,0,0,0,0,0,0,0,0,0,0,0,0,0,0,0,0,0,0,0,0,0,0,0,0,0,0,0,0,0,0,0,0,0,0,0,0,0,0,0,0,0,0,0,0,0,0,0,0,0,0,0,0,0,0,0,0,0,0,0,0,0,0,0,0,0,0,0,0,0,0,0,0,0,0,0,0,0,0,0,0,0,0,0,0,0,0,0,0,0,0,0,0,0,0,0,0,0,0,0,0,0,0,0,0,0,0,0,0,0,0,0,0,0,0,0,0,0,0,0,0,0,0,0,0,0,0,0,0,0,0,0,0,0,0,0,0,0,0,0,0,0,0,0,0,0,0,0,0,0,0,0,0,0,0.000631512472371329,0,0,0,0,0,0,0,0,0,0,0,0,0,0,0,0,0,0,0,0,0,0
"P40793",0,0,0,0,0,0,0,0,0,0,0,0,0,0,0,0,0,0,0,0,0,0,0,0,0,0,0,0,0,0,0,0,0,0,0,0,0,0,0,0,0,0,0,0,0,0,0,0,0,0,0,0,0,0,0,0,0,0,0,0,0,0,0,0,0,0,0,0,0,0,0,0,0,0,0,0,0,0,0,0,0,0,0,0,0,0,0,0,0,0,0,0,0,0,0,0,0,0,0,0,0,0,0,0,0,0,0,0,0,0,0,0,0,0,0,0,0,0,0,0,0,0,0,0,0,0,0,0,0,0,0,0,0,0,0,0,0,0,0,0,0,0,0,0,0,0,0,0,0,0,0,0,0,0,0,0,0,0,0,0,0,0,0,0,0,0,0,0,0,0,0,0,0,0,0,0,0,0,0,0,0,0,0,0,0,0,0,0,0,0,0,0,0,0,0,0,0,0,0,0,0,0,0,0,0,0,0,0,0,0,0,0,0,0,0,0,0,0,0,0,0,0,0,0,0,0,0,0,0,0,0,0,0,0,0,0,0,0,0.00757814966845595,0,0,0.000315756236185665,0,0,0,0,0,0,0,0,0,0,0,0,0,0,0,0,0,0,0
"P40795",0,0,0,0,0,0,0,0,0,0,0,0,0,0,0,0,0,0,0,0,0,0,0,0,0,0,0,0,0,0,0,0,0,0,0,0,0,0,0,0,0,0,0,0,0,0,0,0,0,0,0,0,0,0,0,0,0,0,0,0,0,0,0,0,0,0,0,0,0,0,0,0,0,0,0,0,0,0,0,0,0,0,0,0,0,0,0,0,0,0,0,0,0,0,0,0,0,0,0,0,0,0,0,0,0,0,0,0,0,0,0,0,0,0,0,0,0,0,0,0,0,0,0,0,0,0,0,0,0,0,0,0,0,0,0,0,0,0,0,0,0,0,0,0,0,0,0,0,0,0,0,0,0,0,0,0,0,0,0,0,0,0,0,0,0,0,0,0,0,0,0,0,0,0,0,0,0,0,0,0,0,0,0,0,0,0,0,0,0,0,0,0,0,0,0,0,0,0,0,0,0,0,0,0,0,0,0,0,0,0,0,0,0,0,0,0,0,0,0,0,0,0,0,0,0,0,0,0,0,0,0,0,0,0,0,0,0,0,0.00742027155036312,0,0,0,0,0,0,0,0,0,0,0,0,0,0,0,0,0,0,0,0,0,0
"P40799",0,0,0,0,0,0,0,0,0,0,0,0,0,0,0,0,0,0,0,0,0,0,0,0,0,0,0,0,0,0,0,0,0,0,0,0,0,0,0,0,0,0,0,0,0,0,0,0,0,0,0,0,0,0,0,0,0,0,0,0,0,0,0,0,0,0,0,0,0,0,0,0,0,0,0,0,0,0,0,0,0,0,0,0,0,0,0,0,0,0,0,0,0,0,0,0,0,0,0,0,0,0,0,0,0,0,0,0,0,0,0,0,0,0,0,0,0,0,0,0,0,0,0,0,0,0,0,0,0,0,0,0,0,0,0,0,0,0,0,0,0,0,0,0,0,0,0,0,0,0,0,0,0,0,0,0,0,0,0,0,0,0,0,0,0,0,0,0,0,0,0,0,0,0,0,0,0,0,0,0,0,0,0,0,0,0,0,0,0,0,0,0,0,0,0,0,0,0,0,0,0,0,0,0,0,0,0,0,0,0,0,0,0,0,0,0,0,0,0,0,0,0,0,0,0,0,0,0,0,0,0,0,0,0,0,0,0,0,0.000947268708556994,0,0,0,0,0,0,0,0,0,0,0,0,0,0,0,0,0,0,0,0,0,0.000157878118092832
"P40805",0,0,0,0,0,0,0,0,0,0,0,0,0,0,0,0,0,0,0,0,0,0,0,0,0,0,0,0,0,0,0,0,0,0,0,0,0,0,0,0,0,0,0,0,0,0,0,0,0,0,0,0,0,0,0,0,0,0,0,0,0,0,0,0,0,0,0,0,0,0,0,0,0,0,0,0,0,0,0,0,0,0,0,0,0,0,0,0,0,0,0,0,0,0,0,0,0,0,0,0,0,0,0,0,0,0,0,0,0,0,0,0,0,0,0,0,0,0,0,0,0,0,0,0,0,0,0,0,0,0,0,0,0,0,0,0,0,0,0,0,0,0,0,0,0,0,0,0,0,0,0,0,0,0,0,0,0,0,0,0,0,0,0,0,0,0,0,0,0,0,0,0,0,0,0,0,0,0,0,0,0,0,0,0,0,0,0,0,0,0,0,0,0,0,0,0,0,0,0,0,0,0,0,0,0,0,0,0,0,0,0,0,0,0,0,0,0,0,0,0,0,0,0,0,0,0,0,0,0,0,0,0,0,0,0,0,0,0,0.000157878118092832,0,0,0,0,0,0,0,0,0,0,0,0,0,0,0,0,0,0,0,0,0,0
"P40834",0,0,0,0,0,0,0,0,0,0,0,0,0,0,0,0,0,0,0,0,0,0,0,0,0,0,0,0,0,0,0,0,0,0,0,0,0,0,0,0,0,0,0,0,0,0,0,0,0,0,0,0,0,0,0,0,0,0,0,0,0,0,0,0,0,0,0,0,0,0,0,0,0,0,0,0,0,0,0,0,0,0,0,0,0,0,0,0,0,0,0,0,0,0,0,0,0,0,0,0,0,0,0,0,0,0,0,0,0,0,0,0,0,0,0,0,0,0,0,0,0,0,0,0,0,0,0,0,0,0,0,0,0,0,0,0,0,0,0,0,0,0,0,0,0,0,0,0,0,0,0,0,0,0,0,0,0,0,0,0,0,0,0,0,0,0,0,0,0,0,0,0,0,0,0,0,0,0,0,0,0,0,0,0,0,0,0,0,0,0,0,0,0,0,0,0,0,0,0,0,0,0,0,0,0,0,0,0,0,0,0,0,0,0,0,0,0,0,0,0,0,0,0,0,0,0,0,0,0,0,0,0,0,0,0,0,0,0,0.000157878118092832,0,0,0,0,0,0,0,0,0,0,0,0,0,0,0,0,0,0,0,0,0,0
"P41198",0,0,0,0,0,0,0,0,0,0,0,0,0,0,0,0,0,0,0,0,0,0,0,0,0,0,0,0,0,0,0,0,0,0,0,0,0,0,0,0,0,0,0,0,0,0,0,0,0,0,0,0,0,0,0,0,0,0,0,0,0,0,0,0,0,0,0,0,0,0,0,0,0,0,0,0,0,0,0,0,0,0,0,0,0,0,0,0,0,0,0,0,0,0,0,0,0,0,0,0,0,0,0,0,0,0,0,0,0,0,0,0,0,0,0,0,0,0,0,0,0,0,0,0,0,0,0,0,0,0,0,0,0,0,0,0,0,0,0,0,0,0,0,0,0,0,0,0,0,0,0,0,0,0,0,0,0,0,0,0,0,0,0,0,0,0,0,0,0,0,0,0,0,0,0,0,0,0,0,0,0,0,0,0,0,0,0,0,0,0,0,0,0,0,0,0,0,0,0,0,0,0,0,0,0,0,0,0,0,0,0,0,0,0,0,0,0,0,0,0,0,0,0,0,0,0,0,0,0,0,0,0,0,0,0,0,0,0,0,0,0,0,0.000947268708556994,0,0,0,0,0,0,0,0,0,0,0,0,0,0,0,0,0,0
"P41338",0,0,0,0,0,0,0,0,0,0,0,0,0,0,0,0,0,0,0,0,0,0,0,0,0,0,0,0,0,0,0,0,0,0,0,0,0,0,0,0,0,0,0,0,0,0,0,0,0,0,0,0,0,0,0,0,0,0,0,0,0,0,0,0,0,0,0,0,0,0,0,0,0,0,0,0,0,0,0,0,0,0,0,0,0,0,0,0,0,0,0,0,0,0,0,0,0,0,0,0,0,0,0,0,0,0,0,0,0,0,0,0,0,0,0,0,0,0,0,0,0,0,0,0,0,0,0,0,0,0,0,0,0,0,0,0,0,0,0,0,0,0,0,0,0,0,0,0,0,0,0,0,0,0,0,0,0,0,0,0,0,0,0,0,0,0,0,0,0,0,0,0,0,0,0,0,0,0,0,0,0,0,0,0,0,0,0,0,0,0,0,0,0,0,0,0,0,0,0,0,0,0,0,0,0,0,0,0,0,0,0,0,0,0,0,0,0,0,0,0,0,0,0,0,0,0,0,0,0,0,0,0,0,0,0,0,0,0,0,0,0,0,0,0,0.000157878118092832,0,0,0,0,0,0,0,0,0,0,0,0,0,0,0,0
"P41543",0,0,0,0,0,0,0,0,0,0,0,0,0,0,0,0,0,0,0,0,0,0,0,0,0,0,0,0,0,0,0,0,0,0,0,0,0,0,0,0,0,0,0,0,0,0,0,0,0,0,0,0,0,0,0,0,0,0,0,0,0,0,0,0,0,0,0,0,0,0,0,0,0,0,0,0,0,0,0,0,0,0,0,0,0,0,0,0,0,0,0,0,0,0,0,0,0,0,0,0,0,0,0,0,0,0,0,0,0,0,0,0,0,0,0,0,0,0,0,0,0,0,0,0,0,0,0,0,0,0,0,0,0,0,0,0,0,0,0,0,0,0,0,0,0,0,0,0,0,0,0,0,0,0,0,0,0,0,0,0,0,0,0,0,0,0,0,0,0,0,0,0,0,0,0,0,0,0,0,0,0,0,0,0,0,0,0,0,0,0,0,0,0,0,0,0,0,0,0,0,0,0,0,0,0,0,0,0,0,0,0,0,0,0,0,0,0,0,0,0,0,0,0,0,0,0,0,0,0,0,0,0,0,0,0,0,0,0,0,0,0,0,0,0,0,0,0,0,0,0.000157878118092832,0,0,0,0,0,0,0,0,0,0,0
"P41561",0,0,0,0,0,0,0,0,0,0,0,0,0,0,0,0,0,0,0,0,0,0,0,0,0,0,0,0,0,0,0,0,0,0,0,0,0,0,0,0,0,0,0,0,0,0,0,0,0,0,0,0,0,0,0,0,0,0,0,0,0,0,0,0,0,0,0,0,0,0,0,0,0,0,0,0,0,0,0,0,0,0,0,0,0,0,0,0,0,0,0,0,0,0,0,0,0,0,0,0,0,0,0,0,0,0,0,0,0,0,0,0,0,0,0,0,0,0,0,0,0,0,0,0,0,0,0,0,0,0,0,0,0,0,0,0,0,0,0,0,0,0,0,0,0,0,0,0,0,0,0,0,0,0,0,0,0,0,0,0,0,0,0,0,0,0,0,0,0,0,0,0,0,0,0,0,0,0,0,0,0,0,0,0,0,0,0,0,0,0,0,0,0,0,0,0,0,0,0,0,0,0,0,0,0,0,0,0,0,0,0,0,0,0,0,0,0,0,0,0,0,0,0,0,0,0,0,0,0,0,0,0,0,0,0,0,0,0,0,0,0,0,0,0,0,0,0,0,0,0,0.000315756236185665,0,0,0,0,0,0,0,0,0,0
"P41666",0,0,0,0,0,0,0,0,0,0,0,0,0,0,0,0,0,0,0,0,0,0,0,0,0,0,0,0,0,0,0,0,0,0,0,0,0,0,0,0,0,0,0,0,0,0,0,0,0,0,0,0,0,0,0,0,0,0,0,0,0,0,0,0,0,0,0,0,0,0,0,0,0,0,0,0,0,0,0,0,0,0,0,0,0,0,0,0,0,0,0,0,0,0,0,0,0,0,0,0,0,0,0,0,0,0,0,0,0,0,0,0,0,0,0,0,0,0,0,0,0,0,0,0,0,0,0,0,0,0,0,0,0,0,0,0,0,0,0,0,0,0,0,0,0,0,0,0,0,0,0,0,0,0,0,0,0,0,0,0,0,0,0,0,0,0,0,0,0,0,0,0,0,0,0,0,0,0,0,0,0,0,0,0,0,0,0,0,0,0,0,0,0,0,0,0,0,0,0,0,0,0,0,0,0,0,0,0,0,0,0,0,0,0,0,0,0,0,0,0,0,0,0,0,0,0,0,0,0,0,0,0,0,0,0,0,0,0,0,0,0,0,0,0,0,0,0,0,0,0,0,0.000315756236185665,0,0,0,0,0,0,0,0,0
"P41932",0,0,0,0,0,0,0,0,0,0,0,0,0,0,0,0,0,0,0,0,0,0,0,0,0,0,0,0,0,0,0,0,0,0,0,0,0,0,0,0,0,0,0,0,0,0,0,0,0,0,0,0,0,0,0,0,0,0,0,0,0,0,0,0,0,0,0,0,0,0,0,0,0,0,0,0,0,0,0,0,0,0,0,0,0,0,0,0,0,0,0,0,0,0,0,0,0,0,0,0,0,0,0,0,0,0,0,0,0,0,0,0,0,0,0,0,0,0,0,0,0,0,0,0,0,0,0,0,0,0,0,0,0,0,0,0,0,0,0,0,0,0,0,0,0,0,0,0,0,0,0,0,0,0,0,0,0,0,0,0,0,0,0,0,0,0,0,0,0,0,0,0,0,0,0,0,0,0,0,0,0,0,0,0,0,0,0,0,0,0,0,0,0,0,0,0,0,0,0,0,0,0,0,0,0,0,0,0,0,0,0,0,0,0,0,0,0,0,0,0,0,0,0,0,0,0,0,0,0,0,0,0,0,0,0,0,0,0,0,0,0,0,0,0,0,0,0,0,0,0,0,0,0,0,0,0,0.000315756236185665,0,0,0,0
"P41974",0,0,0,0,0,0,0,0,0,0,0,0,0,0,0,0,0,0,0,0,0,0,0,0,0,0,0,0,0,0,0,0,0,0,0,0,0,0,0,0,0,0,0,0,0,0,0,0,0,0,0,0,0,0,0,0,0,0,0,0,0,0,0,0,0,0,0,0,0,0,0,0,0,0,0,0,0,0,0,0,0,0,0,0,0,0,0,0,0,0,0,0,0,0,0,0,0,0,0,0,0,0,0,0,0,0,0,0,0,0,0,0,0,0,0,0,0,0,0,0,0,0,0,0,0,0,0,0,0,0,0,0,0,0,0,0,0,0,0,0,0,0,0,0,0,0,0,0,0,0,0,0,0,0,0,0,0,0,0,0,0,0,0,0,0,0,0,0,0,0,0,0,0,0,0,0,0,0,0,0,0,0,0,0,0,0,0,0,0,0,0,0,0,0,0,0,0,0,0,0,0,0,0,0,0,0,0,0,0,0,0,0,0,0,0,0,0,0,0,0,0,0,0,0,0,0,0,0,0,0,0,0,0,0,0,0,0,0,0,0,0,0,0,0,0,0,0,0,0,0,0,0,0,0,0,0,0,0.000631512472371329,0,0,0.000315756236185665
"P42078",0,0,0,0,0,0,0,0,0,0,0,0,0,0,0,0,0,0,0,0,0,0,0,0,0,0,0,0,0,0,0,0,0,0,0,0,0,0,0,0,0,0,0,0,0,0,0,0,0,0,0,0,0,0,0,0,0,0,0,0,0,0,0,0,0,0,0,0,0,0,0,0,0,0,0,0,0,0,0,0,0,0,0,0,0,0,0,0,0,0,0,0,0,0,0,0,0,0,0,0,0,0,0,0,0,0,0,0,0,0,0,0,0,0,0,0,0,0,0,0,0,0,0,0,0,0,0,0,0,0,0,0,0,0,0,0,0,0,0,0,0,0,0,0,0,0,0,0,0,0,0,0,0,0,0,0,0,0,0,0,0,0,0,0,0,0,0,0,0,0,0,0,0,0,0,0,0,0,0,0,0,0,0,0,0,0,0,0,0,0,0,0,0,0,0,0,0,0,0,0,0,0,0,0,0,0,0,0,0,0,0,0,0,0,0,0,0,0,0,0,0,0,0,0,0,0,0,0,0,0,0,0,0,0,0,0,0,0,0,0,0,0,0,0,0,0,0,0,0,0,0,0,0,0,0,0,0,0,0,0.000157878118092832,0
"P42082",0,0,0,0,0,0,0,0,0,0,0,0,0,0,0,0,0,0,0,0,0,0,0,0,0,0,0,0,0,0,0,0,0,0,0,0,0,0,0,0,0,0,0,0,0,0,0,0,0,0,0,0,0,0,0,0,0,0,0,0,0,0,0,0,0,0,0,0,0,0,0,0,0,0,0,0,0,0,0,0,0,0,0,0,0,0,0,0,0,0,0,0,0,0,0,0,0,0,0,0,0,0,0,0,0,0,0,0,0,0,0,0,0,0,0,0,0,0,0,0,0,0,0,0,0,0,0,0,0,0,0,0,0,0,0,0,0,0,0,0,0,0,0,0,0,0,0,0,0,0,0,0,0,0,0,0,0,0,0,0,0,0,0,0,0,0,0,0,0,0,0,0,0,0,0,0,0,0,0,0,0,0,0,0,0,0,0,0,0,0,0,0,0,0,0,0,0,0,0,0,0,0,0,0,0,0,0,0,0,0,0,0,0,0,0,0,0,0,0,0,0,0,0,0,0,0,0,0,0,0,0,0,0,0,0,0,0,0,0,0,0,0,0,0,0,0,0,0,0,0,0,0,0,0,0,0,0,0,0,0,0.000789390590464162
"P18",0,0,0.00615724660562046,0,0.00110514682664983,0,0.000315756236185665,0,0,0.00252604988948532,0.0097884433217556,0.000473634354278497,0.00363119671613514,0.0048942216608778,0.0053678560151563,0.0112093463845911,0,0.00426270918850647,0,0.000315756236185665,0,0,0.000947268708556994,0,0.000315756236185665,0.0048942216608778,0,0,0,0.0048942216608778,0.00378907483422798,0.00710451531417746,0.00315756236185665,0.000157878118092832,0,0,0.00189453741711399,0.00205241553520682,0.00157878118092832,0.000315756236185665,0.000315756236185665,0,0,0.000157878118092832,0.000315756236185665,0.000157878118092832,0,0.000157878118092832,0.000157878118092832,0,0.00110514682664983,0,0.000157878118092832,0.00173665929902116,0.00157878118092832,0.000947268708556994,0,0.00157878118092832,0,0.00110514682664983,0,0,0.000315756236185665,0.000157878118092832,0,0,0,0,0.000315756236185665,0.000157878118092832,0.00205241553520682,0.000473634354278497,0.000473634354278497,0,0,0.00568361225134196,0.000473634354278497,0,0,0,0.000157878118092832,0.000473634354278497,0,0,0.000789390590464162,0,0,0.000789390590464162,0,0.00252604988948532,0.00173665929902116,0.000315756236185665,0,0.000315756236185665,0.000631512472371329,0.00552573413324913,0.00836754025892011,0,0.0058414903694348,0.00157878118092832,0.00268392800757815,0,0.00236817177139249,0,0.000631512472371329,0.000315756236185665,0.000947268708556994,0.000315756236185665,0,0,0,0,0,0,0,0,0,0,0,0.000157878118092832,0,0.00110514682664983,0.000473634354278497,0,0,0,0.000473634354278497,0,0,0.00236817177139249,0,0,0,0,0,0.000157878118092832,0.00299968424376381,0.000789390590464162,0.000315756236185665,0,0.000473634354278497,0.000157878118092832,0.00142090306283549,0.00189453741711399,0,0.0143669087464477,0.000157878118092832,0.00884117461319861,0.000157878118092832,0,0,0,0,0,0.0135775181559836,0,0,0,0,0,0,0.000157878118092832,0,0.00205241553520682,0,0.00252604988948532,0.00173665929902116,0,0,0,0,0.00173665929902116,0,0,0,0,0.000631512472371329,0.000473634354278497,0,0,0.00331544047994948,0.00457846542469214,0.00142090306283549,0.00663088095989896,0.00473634354278497,0.00157878118092832,0.000315756236185665,0.000947268708556994,0,0,0,0,0.000631512472371329,0.000947268708556994,0.000473634354278497,0.00126302494474266,0.00694663719608462,0.000947268708556994,0,0.00394695295232081,0.00157878118092832,0.00252604988948532,0.00173665929902116,0.000947268708556994,0.00331544047994948,0.00378907483422798,0,0,0,0,0.000157878118092832,0.00173665929902116,0,0.00110514682664983,0,0,0,0.000157878118092832,0.00505209977897063,0.00110514682664983,0.000789390590464162,0.000473634354278497,0,0.00142090306283549,0.00268392800757815,0.000157878118092832,0.00426270918850647,0.000631512472371329,0.00142090306283549,0.000473634354278497,0.00110514682664983,0.00315756236185665,0.000157878118092832,0.0115251026207768,0.000947268708556994,0.000947268708556994,0.00205241553520682,0.00157878118092832,0.00221029365329965,0,0,0.0102620776760341,0.00142090306283549,0,0.00157878118092832,0.000631512472371329,0.00173665929902116,0,0,0.000947268708556994,0,0.000473634354278497,0,0,0,0,0,0.000157878118092832,0.000315756236185665,0,0
"P2",0.588727502368172,0.000157878118092832,0.0401010419955794,0.0164193242816546,0.342595516261446,0.155036311967161,0.1806125670982,0.42137669718977,0.160719924218503,0.000157878118092832,0.000789390590464162,0.000157878118092832,0.0271550363119672,0.00410483107041364,0.000789390590464162,0.000631512472371329,0.225292074518472,0,0.0323650142090306,0.00426270918850647,0.335491000947269,0.00189453741711399,0,0.0118408588569624,0,0,0.0401010419955794,0.0994632143984844,0.0189453741711399,0,0,0,0,0.0380486264603726,0.0487843384906852,0.000473634354278497,0.00647300284180613,0,0.0119987369750553,0,0.000157878118092832,0,0.00726239343227029,0.0746763498579097,0,0,0,0,0,0.0124723713293338,0,0,0,0.000315756236185665,0.000157878118092832,0,0.000157878118092832,0,0,0.000315756236185665,0.0541521945058415,0,0,0,0,0,0,0,0,0,0.00268392800757815,0,0,0,0.00726239343227029,0,0,0,0,0,0,0.000157878118092832,0.0135775181559836,0.00568361225134196,0,0.000315756236185665,0.0568361225134196,0,0.0142090306283549,0,0,0,0.024471108304389,0,0,0,0,0,0.000157878118092832,0,0.00173665929902116,0.0183138616987686,0.00157878118092832,0.000473634354278497,0,0,0.000157878118092832,0,0.00173665929902116,0.268234922639722,0,0.000157878118092832,0.000315756236185665,0.114619513735396,0.0678875907799179,0.0513103883801705,0,0,0,0,0.124407957057152,0.0110514682664983,0,0.221029365329965,0.000157878118092832,0,0,0,0,0,0,0.40858856962425,0,0,0.0618882222923903,0.000157878118092832,0.000157878118092832,0.000157878118092832,0,0.000157878118092832,0,0,0,0,0,0.000631512472371329,0.000157878118092832,0,0.00110514682664983,0.00663088095989896,0.322544995263656,0.294442690243132,0.155194190085254,0.191032522892327,0.000789390590464162,0.00836754025892011,0.000315756236185665,0.621250394695295,0.515945689927376,0.0719924218503315,0.226397221345122,0.0131038838017051,0.360119987369751,0.191506157246606,0,0.000157878118092832,0.207293969055889,0.0970950426270919,0,0.0729396905588885,0.527944426902431,0.152826018313862,0.0307862330281023,0,0.0268392800757815,0.10198926428797,0.166719292706031,0.0462582886011999,0.0058414903694348,0,0.0353646984527944,0.000157878118092832,0.000157878118092832,0.00157878118092832,0.000473634354278497,0,0,0.000947268708556994,0.0127881275655194,0.000947268708556994,0,0.0224186927691822,0.000473634354278497,0.00189453741711399,0,0,0.000315756236185665,0.00315756236185665,0.000631512472371329,0,0,0.000315756236185665,0,0,0,0,0.0306283549100095,0,0,0,0.0276286706662457,0,0.00173665929902116,0.0317335017366593,0.264445847805494,0.100410483107041,0.19119040101042,0.0522576570887275,0,0.0145247868645406,0.023523839595832,0.000157878118092832,0.00442058730659931,0.00236817177139249,0,0,0,0.00205241553520682,0,0.000157878118092832,0.0465740448373855,0,0,0.00331544047994948,0.00252604988948532,0,0,0.000631512472371329,0,0.0934638459109567,0.046100410483107,0.000315756236185665,0,0,0.000473634354278497,0,0,0,0,0.000315756236185665,0,0.000473634354278497,0,0.00473634354278497,0.000789390590464162,0.00299968424376381,0.00884117461319861,0,0,0,0
"P3",0,0,0.00252604988948532,0.000315756236185665,0.00110514682664983,0.00947268708556994,0,0,0.00631512472371329,0.00268392800757815,0.00315756236185665,0.000789390590464162,0.00315756236185665,0.00236817177139249,0.000473634354278497,0.000157878118092832,0.00110514682664983,0.00110514682664983,0.00110514682664983,0.000473634354278497,0.00284180612567098,0,0.00394695295232081,0.000473634354278497,0,0.000315756236185665,0.000473634354278497,0.00221029365329965,0,0.00284180612567098,0.00142090306283549,0.00284180612567098,0.00173665929902116,0,0,0,0.000473634354278497,0.000789390590464162,0.00142090306283549,0.00205241553520682,0,0,0.000789390590464162,0,0.0105778339122198,0.000631512472371329,0.000157878118092832,0.00189453741711399,0.00394695295232081,0.00410483107041364,0.000631512472371329,0,0,0.000157878118092832,0,0.000473634354278497,0,0,0.00110514682664983,0.000157878118092832,0.00284180612567098,0.000157878118092832,0.00205241553520682,0,0.000157878118092832,0.000789390590464162,0.00252604988948532,0,0,0,0.00157878118092832,0,0.00520997789706347,0.00142090306283549,0,0.00394695295232081,0,0.00789390590464162,0,0.000631512472371329,0.000315756236185665,0,0,0.000315756236185665,0,0,0.000157878118092832,0.000157878118092832,0,0.000631512472371329,0.00268392800757815,0.00221029365329965,0,0,0.000947268708556994,0.00142090306283549,0,0,0.000789390590464162,0.000789390590464162,0,0.000157878118092832,0.000315756236185665,0,0.000157878118092832,0,0.000315756236185665,0,0.000315756236185665,0.000157878118092832,0,0,0,0.00252604988948532,0.000631512472371329,0.00173665929902116,0,0,0,0.000315756236185665,0.000789390590464162,0.000315756236185665,0.000315756236185665,0,0,0,0.000947268708556994,0,0,0.00189453741711399,0,0,0,0,0,0,0.00394695295232081,0.00110514682664983,0,0.00126302494474266,0.00363119671613514,0.00331544047994948,0.00157878118092832,0.00126302494474266,0,0.00126302494474266,0.00157878118092832,0,0.000157878118092832,0.000157878118092832,0.000157878118092832,0.00299968424376381,0.000315756236185665,0.000631512472371329,0.00268392800757815,0.0268392800757815,0,0,0.000473634354278497,0.00189453741711399,0.000157878118092832,0,0,0.00268392800757815,0.000315756236185665,0.00189453741711399,0.00221029365329965,0.0142090306283549,0,0.00694663719608462,0.00236817177139249,0.00110514682664983,0.00552573413324913,0,0.00678875907799179,0.00647300284180613,0.00394695295232081,0.0102620776760341,0,0,0.00678875907799179,0.000631512472371329,0.000947268708556994,0.00110514682664983,0.000157878118092832,0.00126302494474266,0.00157878118092832,0,0.000631512472371329,0.000315756236185665,0,0.000315756236185665,0.000157878118092832,0,0,0.000473634354278497,0,0.00331544047994948,0,0.00110514682664983,0.000157878118092832,0.00110514682664983,0,0.000473634354278497,0.000473634354278497,0.00110514682664983,0.00299968424376381,0.00299968424376381,0.0048942216608778,0.00284180612567098,0.000789390590464162,0,0.00110514682664983,0.00442058730659931,0.000473634354278497,0,0.000157878118092832,0,0.000631512472371329,0.00299968424376381,0.000789390590464162,0.000789390590464162,0.000315756236185665,0,0.000157878118092832,0.00173665929902116,0.00142090306283549,0.00157878118092832,0.00126302494474266,0.00189453741711399,0.00268392800757815,0.00110514682664983,0.00157878118092832,0.00157878118092832,0.000947268708556994,0.00299968424376381,0.00268392800757815,0.00189453741711399,0.00157878118092832,0.00236817177139249,0.000631512472371329,0.00331544047994948,0.00173665929902116,0,0,0.000157878118092832,0.000157878118092832,0.000473634354278497,0,0.00126302494474266,0,0.00126302494474266,0,0,0,0,0,0.00189453741711399,0.000157878118092832,0,0
"P6",0,0,0,0.19734764761604,0.000157878118092832,0,0.000157878118092832,0,0,0,0,0,0,0,0,0,0,0,0,0,0,0,0,0,0,0,0,0,0,0,0,0,0,0,0,0,0,0,0,0,0,0,0,0.11540890432586,0,0,0,0,0,0.000157878118092832,0.000157878118092832,0,0,0,0,0,0,0,0,0,0,0,0,0,0,0,0.000157878118092832,0,0,0,0,0,0,0,0.0740448373855384,0,0,0,0,0,0,0,0,0,0,0,0,0,0,0,0,0,0,0,0,0,0,0,0,0,0,0,0,0.00189453741711399,0,0.000157878118092832,0,0,0,0,0,0.000473634354278497,0,0,0,0,0,0,0,0,0,0,0,0,0,0,0,0,0,0,0,0,0,0,0,0,0,0,0,0,0,0,0,0,0,0,0,0,0,0,0,0,0,0,0.000631512472371329,0,0,0,0,0,0,0,0,0,0,0,0,0,0,0,0,0,0,0,0,0,0,0,0,0,0,0,0,0,0,0,0,0,0,0,0,0,0,0,0,0,0,0,0,0,0,0,0.000157878118092832,0,0,0,0,0.000157878118092832,0,0,0,0,0,0,0,0.0459425323650142,0,0,0,0,0,0,0,0,0,0,0,0.000157878118092832,0,0,0,0,0,0,0,0,0,0,0,0,0,0,0,0,0,0,0,0,0,0,0,0,0,0,0,0,0,0,0.0323650142090306,0,0
