,sequence,family,family_name,genus,genus_name,match_count.BNPP6_completeDB_20240417,rank,scientific_name,species,species_list.BNPP6_completeDB_20240417,species_name,taxid,id,definition,best_identity.BNPP6_completeDB_20240417,best_match.BNPP6_completeDB_20240417,count,identity,form,best_id,alternative_id,common_name
152,atcccgttttatgaaaagaaataagggtttcagaacgcgagaataaataaag,3745,Rosaceae,3761,Geum,1,genus,Geum,NA,[],Geum triflorum,3761,M00763:170:000000000-LHC44:1:1101:12117:2442_CONS,NA,1,AJ297326,1640116,P11,forb,Geum triflorum,,Prairie smoke
314,atcctatttttcgaaaacaaacaaaggttcataaagacagaataagaatacaaaag,3688,Salicaceae,NA,NA,1,tribe,Saliceae,NA,[],NA,238069,M00763:170:000000000-LHC44:1:1101:22774:1867_CONS,NA,1,AB685313,1314553,P1,deciduous shrub/tree,Salix spp. ,"Salix artcica, Salix alaxensis, Salix arbusculoides, Salix athabascensis, Salix barclayi, Salix barrattiana, Salix bebbiana, Salix boothii, Salix brachycarpa, Salix candida, Salix commutata, Salix drummondia, Salix farriae, Salix glauca, Salix interior, Salix lasiandra, Salix maccalliana, Salix melanopsis, Salix myrtillifolia, Salix nivalis, Salix petiolaris, Salix petrophila, Salix planifolia, Salix pseudomonticola, Salix pseudomyrsinites, Salix scouleriana, Salix serissima, Salix vestita",Willow
247,atccgtgttttgagaaaacaaggggttctcgaactagaatacaaaggaaaag,4479,Poaceae,NA,NA,1,family,Poaceae,NA,[],NA,4479,M00763:170:000000000-LHC44:1:1101:16887:2892_CONS,NA,1,Poaceae_MIXED007,867351,P15,grass,"Poaceae (Leymus, Elymus, Agropyron spp.)","Elymus albicans, Elymus canadensis, Elymus glaucus, Leymus innovatus, Agroelymus hirtiflorus, Agropyron cristatum, Agropyron dasystachyum, Agropyron trichophorum, Agropyron smithii, Agropyron spicatum, Agropyron trachycaulum,  Thinopyrum intermedium",Wheatgrasses and wild ryes
138,atcccgttttatgaaaacaaacaagggtttcagaaagcgagaataaataaag,3745,Rosaceae,3764,Rosa,1,species,Rosa acicularis,117260,['Rosa acicularis'],Rosa acicularis,117260,M00763:170:000000000-LHC44:1:1102:16169:9436_CONS,NA,1,YHT078-24_Rosa_acicu,694186,P114,deciduous shrub/tree,Rosa acicularis,,Wild rose
570,atctgtgttttgagaaaactaggaggttctcgaactagaatacaaaggaaaag,4479,Poaceae,NA,Festuca,1,family,Poaceae,NA,[],NA,4479,M00763:170:000000000-LHC44:1:1101:23301:2098_CONS,NA,1,Poaceae_MIXED008,652113,P4,grass,Festuca campestris/altaica,"Festuca campestris, Festuca hallii, Festuca altaica",Rough fescue
289,atcctattttacgaaaaccaacaccggggggttagaaagcgataaaaaaaaaag,3934,Onagraceae,238243,Chamaenerion,1,species,Chamaenerion angustifolium,13055,['Chamaenerion angustifolium'],Chamaenerion angustifolium,13055,M00763:170:000000000-LHC44:1:1101:7765:2206_CONS,NA,1,AY264505,351821,P7,forb,Chamaenerion angustifolium,,Fireweed
143,atcccgttttatgaaaacaaacaagggtttcataaagcgagaataaatcaag,3745,Rosaceae,NA,Potentilla,2,family,Rosaceae,NA,['Rosa acicularis'],Potentilla gracilis,3745,M00763:170:000000000-LHC44:1:1101:13131:2574_CONS,NA,0.9807692,Rosaceae_MIXED005,338327,P2,forb,Potentilla gracilis,NA,NA
287,atcctattttacgaaaaccaacaccgggggggttagaaagcgagaaaaaagaagg,3934,Onagraceae,238243,Chamaenerion,1,species,Chamaenerion latifolium,33138,['Chamaenerion latifolium'],Chamaenerion latifolium,33138,M00763:170:000000000-LHC44:1:1103:24154:15700_CONS,NA,1,YHT047-24_Chamaeneri,332790,P1113,forb,Chamaenerion latifolium,,Dwarf fireweed
310,atcctatttttcgaaaacaaacaaaaaaacaaacaaaggttcataaagacagaataagaatacaaaag,NA,Salicaceae,NA,Populus,1,clade,Mesangiospermae.1,NA,[],NA,1437183,M00763:170:000000000-LHC44:1:1101:27161:13643_CONS,NA,1,AF327587,176190,P76,deciduous shrub/tree,Populus spp.,"Populus tremuloides, Populus balsamifera",Poplar (balsam or trembling)
290,atcctattttacgaaaaccaacaccggggggttagaaagcgataaaaaaaaag,3934,Onagraceae,238243,Chamaenerion,1,species,Chamaenerion angustifolium,13055,['Chamaenerion angustifolium'],Chamaenerion angustifolium,13055,M00763:170:000000000-LHC44:1:1102:7201:9941_CONS,NA,0.9814815,AY264505,157660,P52,forb,Chamaenerion angustifolium,NA,NA
241,atccgtgttttgagaaaacaagggggttctcgaactagaatacaaaggaaaag,4479,Poaceae,NA,NA,1,family,Poaceae,NA,[],NA,4479,M00763:170:000000000-LHC44:1:1101:10694:2656_CONS,NA,1,Poaceae_MIXED001,156091,P14,grass,Poaceae (Poa spp.),"Poa pratensis, Poa palustris, Hierochloe odorata, Poa interior, Poa alpina, Poa leptocoma, Poa compressa, Poa sandbergii, Poa cusickii, Poa glauca",Bluegrasses
182,atccggttcatggagacaatagtttcttcttttattctcctaagataggaaggg,3318,Pinaceae,3328,Picea,1,species,Picea glauca,3330,['Picea glauca'],Picea glauca,3330,M00763:170:000000000-LHC44:1:1101:7224:8678_CONS,NA,1,YHT094-24_Picea_glau,141027,P60,coniferous shrub/tree,Picea spp. ,"Piceae glauca, Piceae engelmannii, Picea mariana",Spruce spp.
416,atcctgttttatgaaaacaaacaaaggtttcagaaagcgagaataaataaag,3745,Rosaceae,NA,Dasiphora,1,tribe,Potentilleae,NA,[],NA,721789,M00763:170:000000000-LHC44:1:1101:19957:4101_CONS,NA,1,AB894171,140068,P24,deciduous shrub/tree,Dasiphora fruticosa,,Shrubby cinquefoil
694,ctcctgctttccaaaaaggaagaataaaaaag,3615,Polygonaceae,NA,Bistorta,1,subfamily,Polygonoideae,NA,[],NA,1110380,M00763:170:000000000-LHC44:1:1101:14258:8972_CONS,NA,1,DQ860530,139800,P62,forb,Bistorta vivipara,,Alpine bistort
707,ctccttaattgtctcctaaaaaaaacggattcaaaaagaaagaataaaaaag,3568,Caryophyllaceae,NA,NA,1,tribe,Alsineae,NA,[],NA,1141488,M00763:170:000000000-LHC44:1:1101:10677:2358_CONS,NA,1,AY521307,127351,P10,forb,"Alsineae (Cerastium, Stellaria spp.)","Cerastium arvense, Cerastium beeringianum, Cerastium fontanum, Stellaria calycantha, Stellaria crassifolia, Stellaria longifolia, Stellaria longipes, Stellaria media, Stellaria umbellata, ",Chickweeds and starworts
180,atccggttcatgaagacaatgtttcttctcctaatataggaaggg,3318,Pinaceae,3337,Pinus,1,subgenus,Pinus subgen. Pinus,NA,[],NA,139271,M00763:170:000000000-LHC44:1:1101:23169:5536_CONS,NA,1,EF440558,117987,P4175,coniferous shrub/tree,Pinus contorta,,Lodgepole pine
670,atcttttttttttttcgaaaataaagaaagattcagaaagcgaaaaaaaag,4345,Ericaceae,83607,Arctostaphylos,1,species,Arctostaphylos uva-ursi,84009,['Arctostaphylos uva-ursi'],Arctostaphylos uva-ursi,84009,M00763:170:000000000-LHC44:1:1101:15643:3089_CONS,NA,1,GQ244593,100456,P17,coniferous shrub/tree,Arctostaphylos uva-ursi,,Bearberry
39,atcacgttttccgaaaacaaacaaaggttcagaaagcgaaaagaaaaaaaa,4210,Asteraceae,NA,Artemesia,1,family,Asteraceae,NA,[],NA,4210,M00763:170:000000000-LHC44:1:1101:10105:3368_CONS,NA,1,Asteraceae_MIXED002,100339,P20,forb,Artemesia spp.,"Artemesia frigida, Artemesia norvegica, Artemesia michauxiana, Artemesia campestris, Artemesia borealis, Artemesia absinthium",Sage
93,atcacgttttccgaaaacaagcaaaggttcagaaagcgaaaatcaaaaag,4210,Asteraceae,NA,NA,1,family,Asteraceae,NA,[],NA,4210,M00763:170:000000000-LHC44:1:1102:9785:17901_CONS,NA,1,Asteraceae_MIXED017,96376,P135,forb,"Asteraceae (Solidago, Eurybia spp.)","Solidago canadensis, Solidago multiradiata, Solidago simplex, Eurybia conspicua, Eurybia sibirica",Goldenrods and Asters
142,atcccgttttatgaaaacaaacaagggtttcataaagcgagaataaataaag,3745,Rosaceae,NA,Potentilla,1,family,Rosaceae,NA,[],NA,3745,M00763:170:000000000-LHC44:1:1101:5318:7642_CONS,NA,1,Rosaceae_MIXED005,92800,P53,forb,Potentilla spp. 1,"Potentilla gracilis, Potentilla drummondii, Potentilla concinna, Potentilla glaucophylla, Potentilla hippiana, Potentilla hookeriana, Potentilla nivea, Potentilla norvegica, Potentilla ovina, Potentilla villosula",Potentilla species
215,atccgtgttttgagaaaaaaaaagggggggttctcgaactagaatacaaaggaaaag,4479,Poaceae,4501,Bromus,1,genus,Bromus,NA,[],NA,4501,M00763:170:000000000-LHC44:1:1101:9512:3384_CONS,NA,1,AY367996,92548,P21,grass,Bromus spp.,"Bromus carinatus, Bromus inermis, Bromus ciliatus, Bromus porteri, Bromus pumpellianus, Bromus richardsonii",Brome species
615,atcttctttttgagaaaaagaaatatataaaatatttcttatttcagataagaaatattttatttcttatctaatattaaa,4609,Cyperaceae,13398,Carex,1,genus,Carex,NA,[],NA,13398,M00763:170:000000000-LHC44:1:1101:14032:2621_CONS,NA,1,AF164926,86644,P13,non-grass graminoid,Carex nardina,,Spike sedge
274,atcctatgcttctcaaaataaaggttcaaaaagcgaaaataagg,156152,Plantaginaceae,NA,NA,1,family,Plantaginaceae,NA,[],NA,156152,M00763:170:000000000-LHC44:1:1101:19372:23462_CONS,NA,1,Plantaginaceae_MIXED003,86277,P100,forb,Penstemon spp.,"Penstemon albidus, Penstemon confertus, Penstemon fruticosa, Penstemon gracilis, Penstemon nitidus",Penstemon species
227,atccgtgttttgagaaaacaaaggggttctcgaatcgaactagaatacaaaggaaaag,4479,Poaceae,NA,Calamagrostis,1,family,Poaceae,NA,[],NA,4479,M00763:170:000000000-LHC44:1:1101:12765:7623_CONS,NA,1,Poaceae_MIXED010,62275,P51,grass,Calamagrostis spp.,"Calamagrostis rubescens, Calamagrostis stricta, Calamagrostis canadensis, Calamagrostis purpurascens, Calamagrostis montanensis",Reedgrasses
255,atccgtgttttgagaaaaccaggaggttctcgaactagaatacaaaggaaaag,4479,Poaceae,49771,Koeleria,1,species,Koeleria macrantha,366481,['Koeleria macrantha'],Koeleria macrantha,366481,M00763:170:000000000-LHC44:1:1101:19620:4338_CONS,NA,1,YHT022-24_Koeleria_m,59947,P27,grass,Koeleria spp. ,"Koeleria macrantha, Koeleria spicata",Junegrass
667,atctttttttttttcgaaaataaagaaagattcagaaagcgaaaaaaaag,4345,Ericaceae,83607,Arctostaphylos,1,species,Arctostaphylos uva-ursi.1,84009,['Arctostaphylos uva-ursi'],Arctostaphylos uva-ursi,84009,M00763:170:000000000-LHC44:1:1101:18749:5524_CONS,NA,1,FJ357293,59017,P33,coniferous shrub/tree,Arctostaphylos uva-ursi,,Bearberry
641,atctttattttgagaaaattggtttttatagaaaaactcaaatcaaaaaa,NA,Juncaceae,NA,Juncus,1,clade,Mesangiospermae,NA,[],NA,1437183,M00763:170:000000000-LHC44:1:1101:8497:10723_CONS,NA,1,AY437961,56307,P68,non-grass graminoid,Juncus balticus,,Baltic rush
118,atccagttttctgattctgaaaacaaacaagggttcagaaagcaatacaaag,25996,Elaeagnaceae,36904,Shepherdia,1,species,Shepherdia canadensis,36905,['Shepherdia canadensis'],Shepherdia canadensis,36905,M00763:170:000000000-LHC44:1:1109:9305:14998_CONS,NA,1,YHT003-24_Shepherdia,51940,P1276,deciduous shrub/tree,Shepherdia canadensis,,Buffaloberry
357,atcctgctttccgaaaacaacaaaataaaagttcagaaagttaaaatgaaacaaataaag,3803,Fabaceae,NA,Oxytropis,1,family,Fabaceae,NA,[],NA,3803,M00763:170:000000000-LHC44:1:1101:23436:7108_CONS,NA,1,Fabaceae_MIXED012,51875,P48,forb,Oxytropis spp. 1,"Oxytropis monticola, Oxytropis sericea, Oxytropis viscida, Oxytropis splendens, Oxytropis deflexa, Oxtropis borealis, Oxytopis campestris, Oxytropis podocarpa",Oxytropis locoweeds
234,atccgtgttttgagaaaacaaggaggttctcgaactagaatacaaaggaaaag,4479,Poaceae,4605,Festuca,1,species,Festuca idahoensis,98748,['Festuca idahoensis'],Festuca idahoensis,98748,M00763:170:000000000-LHC44:1:1101:4493:6674_CONS,NA,1,YHT090-24_Festuca_id,43753,P45,grass,Festuca saximontana,"Festuca ovina, Festuca saximontana, Festuca idahoensis",Rocky mountain fescue
57,atcacgttttccgaaaacaaacaaaggttcagaaagcgaaaataaaaaag,4210,Asteraceae,NA,Petasites,1,family,Asteraceae,NA,[],NA,4210,M00763:170:000000000-LHC44:1:2118:19501:25087_CONS,NA,1,Asteraceae_MIXED015,42943,P1762,forb,Petasites spp.,"Petasites sagittatus, Petasites frigidus",Coltsfoot
230,atccgtgttttgagaaaacaagaaggttctcgaactagaatacaaaggaaaag,4479,Poaceae,1155210,Helictochloa,1,genus,Helictochloa,NA,[],NA,1155210,M00763:170:000000000-LHC44:1:1101:12412:2132_CONS,NA,1,EU792437,41390,P5,grass,Helictochloa hookeri,Helictochloa hookeri,Hooker's oatgrass
672,atctttttttttttttcgaaaataaagaaagattcagaaagcgaaaaaaaag,4345,Ericaceae,83607,Arctostaphylos,1,species,Arctostaphylos uva-ursi.2,84009,['Arctostaphylos uva-ursi'],Arctostaphylos uva-ursi,84009,M00763:170:000000000-LHC44:1:1102:9338:19970_CONS,NA,1,GQ244594,38142,P140,coniferous shrub/tree,Arctostaphylos uva-ursi,,Bearberry
134,atcccgttttatgaaaacaaacaaaggtttcagaaagcgagaataaataagg,3745,Rosaceae,NA,NA,1,subtribe,Fragariinae,NA,[],NA,1184124,M00763:170:000000000-LHC44:1:1109:21129:10463_CONS,NA,1,AB894188,37830,P2344,forb,"Fragariinae (Sibbaldia, Rubus, Alchemilla spp.)","Sibbaldia procumbens, Rubus occidentalis, Alchemilla spp. ",Unknown forb
341,atcctgctttccaaaaacaaacaaataaaagttcagaaagtcaaaataaaaaaag,3803,Fabaceae,NA,Hedysarum,1,tribe,Hedysareae,NA,[],NA,163730,M00763:170:000000000-LHC44:1:2119:10315:10494_CONS,NA,1,AB854535,35266,P1768,forb,Hedysarum spp.,"Hedysarum alpinum, Hedysarum boreale, Hedysarum sulpurescens",Sweetvetch
696,ctcctgctttccaaactttccaaaagggagaagaaataaag,3615,Polygonaceae,NA,Eriogonum,1,tribe,Eriogoneae,NA,[],NA,1861780,M00763:170:000000000-LHC44:1:1110:6071:14169_CONS,NA,1,AJ312250,35048,P11714,forb,Eriogonum umbellatum/flavum/androsaceum,"Eriogonum umbellatum, Eriogonum cernum, Eriogonum flavum, Eriogonum androsaceum, Erogonum ovalifolium",Buckwheat
350,atcctgctttccgaaaacaaaaaaataaaagttcagaaagttaaaattaaacaaaaaag,3803,Fabaceae,20400,Astragalus,1,genus,Astragalus,NA,[],NA,20400,M00763:170:000000000-LHC44:1:1116:20865:23527_CONS,NA,1,AB485929,34590,P555,forb,Astragalus spp.,"Astragalus alpinus, Astragalus americanus, Astragalus agrestis, Astragalus canadensis, Astragalus cicer, Astragalus australis, Astragalus bourgovii, Astragalus drummondii, Astragalus eucosmus, Astragalus laxmannii, Astragalus miser, Astragalus robbinsii, Astragalus multiflorus, Astragalus vexillilexus",Milkvetch
12,atcacgttttccgaaaacaaaaaaaaggttcagaaagcgaaaataaaaaag,4210,Asteraceae,NA,Agoseris,1,family,Asteraceae,NA,[],NA,4210,M00763:170:000000000-LHC44:1:1101:23559:10928_CONS,NA,1,Asteraceae_MIXED013,33438,P69,forb,Agoseris spp.,,Mountain dandelion
639,atcttgtttctacgacga,13828,Ophioglossaceae,13829,Botrychium,1,species,Botrychium lunaria,37231,['Botrychium lunaria'],Botrychium lunaria,37231,M00763:170:000000000-LHC44:1:1101:11487:13949_CONS,NA,1,AF071833,32139,P77,forb,Botrychium lunaria,,Moonwort
251,atccgtgttttgagaaaacaagtagttctcgaactagag,4479,Poaceae,1658770,Eriocoma,1,species,Eriocoma nelsonii,487918,['Eriocoma nelsonii'],Eriocoma nelsonii,487918,M00763:170:000000000-LHC44:1:1101:15544:2466_CONS,NA,1,YHT089-24_Eriocoma_n,31593,P12,grass,Eriocoma nelsonii,,Columbia needlegrass
607,atcttctttttgagaaaaagaaatatataaaatatttcttatttcagataagaaagaataatatttcttatctaatattaaa,4609,Cyperaceae,13398,Carex,1,genus,Carex.1,NA,[],NA,13398,M00763:170:000000000-LHC44:1:1101:10452:2896_CONS,NA,1,AF284889,31521,P16,non-grass graminoid,Carex spp. 1,,Unknown sedge
418,atcctgttttatgaaaacaaacaagggtttcagaaagcgcgaataaaaagg,3745,Rosaceae,NA,Dryas,1,family,Rosaceae,NA,[],NA,3745,M00763:170:000000000-LHC44:1:1116:24694:17203_CONS,NA,1,Rosaceae_MIXED011,29652,P2431,forb,Dryas drummondii/hookeriana,"Dryas drummondii, Dryas hookeriana",Mountain avens
128,atccatgttttgagaaaacaagggggttctcgaactagaatgcaaaggaaaag,4479,Poaceae,NA,Deschampsia,1,family,Poaceae,NA,[],NA,4479,M00763:170:000000000-LHC44:1:1101:15069:2327_CONS,NA,1,Poaceae_MIXED019,29592,P9,grass,Deschampsia cespitosa,,Tufted hairgrass
164,atcccgttttctgaaaacaaataagggtttcagaaagcgagaa,3745,Rosaceae,23204,Potentilla,1,genus,Potentilla.3,NA,[],NA,23204,M00763:170:000000000-LHC44:1:1114:24660:21528_CONS,NA,1,FR872979,29142,P8217,forb,Potentilla anserina,,Silverweed
508,atccttctttccgaaaacaaaaaaagaaaagttcagaaagtgaaaatcaaaaaag,3803,Fabaceae,3904,Vicia,1,genus,Vicia,NA,[],NA,3904,M00763:170:000000000-LHC44:1:1101:4135:6522_CONS,NA,1,JX505714,26273,P42,forb,Vicia americana,Vicia americana,American vetch
316,atcctatttttcgaaaacaaaggtttagaaagtgaaaaaggg,24966,Rubiaceae,25168,Galium,1,species,Galium boreale,35896,['Galium boreale'],Galium boreale,35896,M00763:170:000000000-LHC44:1:1101:6358:7025_CONS,NA,1,YHT038-24_Galium_bor,24971,P3401,forb,Galium boreale,,Northern bedstraw
358,atcctgctttcctaaaacaaacaaaacacaagggttcagaaagagagaatcaaataaaaaag,23066,Grossulariaceae,3801,Ribes,1,genus,Ribes,NA,[],NA,3801,M00763:170:000000000-LHC44:1:1103:9891:13766_CONS,NA,1,KU524330,24201,P11627,deciduous shrub/tree,Ribes spp.,"Ribes americanum, Ribes aureum, Ribes glandulosum, Ribes hudsonianum, Ribes lacustre, Ribes triste, Ribes oxycanthoides",Currant
360,atcctgctttctttccgaaaacaaaaaaataaaagtaaaagttcagaaagttaaaattaaacaaaaaag,3803,Fabaceae,20802,Oxytropis,1,species,Oxytropis deflexa,20804,['Oxytropis deflexa'],Oxytropis deflexa,20804,M00763:170:000000000-LHC44:1:1101:25104:18234_CONS,NA,1,YHT057-24_Oxytropis_,22096,P1799,forb,Oxytropis deflexa,,Nodding locoweed
663,atctttttttttcgaaaataaagaaagattcagaaagcgaaaaaaaag,4345,Ericaceae,84010,Arctous,1,genus,Arctous,NA,[],NA,84010,M00763:170:000000000-LHC44:1:1105:10655:8272_CONS,NA,1,GQ244595,22005,P1166,deciduous shrub/tree,Arctous spp.,"Arctostaphylos rubra, Arctous alpina",Heather/heath
288,atcctattttacgaaaaccaacaccggggggttagaaagcgataaaaaaaaaaag,3934,Onagraceae,238243,Chamaenerion,1,species,Chamaenerion angustifolium,13055,['Chamaenerion angustifolium'],Chamaenerion angustifolium,13055,M00763:170:000000000-LHC44:1:1102:25098:22359_CONS,NA,0.9818182,AY264505,19904,P41,forb,Chamaenerion angustifolium,NA,NA
174,atccgatttctagagacaatagtttcctttccgagaacgg,3367,Cupressaceae,NA,Juniperus,1,family,Cupressaceae,NA,[],NA,3367,M00763:170:000000000-LHC44:1:1101:21428:2415_CONS,NA,1,Cupressaceae_MIXED018,19853,P1004,coniferous shrub/tree,Juniperus spp.,"Juniperus communis, Juniperus horizontalis, Juniperus scopulorum",Juniper
454,atcctgttttccgaaaacaaaggttcagaaagttaaaaaagg,24966,Rubiaceae,NA,NA,1,tribe,Rubieae,NA,[],NA,169660,M00763:170:000000000-LHC44:1:1104:26225:9355_CONS,NA,1,KC339102,19541,P3449,forb,Rubieae (Galium spp.),,Unknown forb
198,atccggttttctgacaataacaaaaggttcagaaagcgaaaatcaaaaag,4381,Campanulaceae,NA,Campanula,1,family,Campanulaceae,NA,[],NA,4381,M00763:170:000000000-LHC44:1:1101:12371:9853_CONS,NA,1,AB219602,18741,P64,forb,Campanula rotundifolia,,Harebell 
167,atcccttttttgaaaaaacaagtggtcctcaaactagaacccaaaggaaaag,4479,Poaceae,NA,Danthonia,1,tribe,Danthonieae,NA,[],NA,147432,M00763:170:000000000-LHC44:1:1101:24493:2998_CONS,NA,1,DQ218189,17469,P15500,grass,Danthonia spp. ,"Danthonia californica, Danthonia intermedia, Danthonia parryi, Danthonia unispicata",Oatgrass
664,atcttttttttttcgaaaataaagaaagattcagaaagcgaaaaaaaag,4345,Ericaceae,84010,Arctous,1,species,Arctous alpina,84011,['Arctous alpina'],Arctous alpina,84011,M00763:170:000000000-LHC44:1:1101:7439:11255_CONS,NA,1,LT160659,17379,P70,deciduous shrub/tree,Arctous alpina,,
623,atcttctttttgagaaaaagaaatatatgaaatatttcttatttcagataagaaataatgttttttcttatctaatattaaa,4609,Cyperaceae,13398,Carex,1,subgenus,Carex subgen. Carex.2,NA,[],NA,2759858,M00763:170:000000000-LHC44:1:1101:19787:1909_CONS,NA,1,AF284871,17039,P7971,non-grass graminoid,Carex deflexa,,Northern sedge
690,ctcctcctttccaaaaggaagaataaaaaag,3615,Polygonaceae,NA,Rumex,1,tribe,Rumiceae,NA,[],NA,1110386,M00763:170:000000000-LHC44:1:1117:18780:12735_CONS,NA,1,AB219660,16917,P16292,forb,Rumex spp. ,"Rumex acetosa, Rumex crispus, Rumex maritimus, Rumex occidentalis, Rumus venosus, Rumex triangulivalvis",Dock
662,atctttttttttcgaaaataaagaaagattcagaaagcgaaaaaaaaag,4345,Ericaceae,13342,Arbutus,3,genus,Arbutus,NA,"['Arbutus andrachne', 'Arbutus unedo']",NA,13342,M00763:170:000000000-LHC44:1:1104:22116:24838_CONS,NA,0.98,KU194983,16482,P6,NA,Ericaceae spp.,NA,NA
211,atccgtgttttgagaaaaaaaaaaggggggttctcgaactagaatacaaaggaaaag,4479,Poaceae,4501,Bromus,1,genus,Bromus.1,NA,[],NA,4501,M00763:170:000000000-LHC44:1:1101:12327:6933_CONS,NA,1,AY367960,14961,P47,grass,Bromus pumpellianus,,Pumpelly's brome
90,atcacgttttccgaaaacaagcaaaggttcagaaagcgaaaataaaaaag,4210,Asteraceae,41574,Erigeron,1,species,Erigeron coulteri,2809282,['Erigeron coulteri'],Erigeron coulteri,2809282,M00763:170:000000000-LHC44:1:1106:1810:13124_CONS,NA,1,YHT084-24_Erigeron_c,14458,P271,forb,Erigeron coulteri,,Fleabane
596,atcttcttttccgaaactaaacccaaataaaggggaataaaaaag,3781,Crassulaceae,202994,Rhodiola,1,species,Rhodiola integrifolia,626089,['Rhodiola integrifolia'],Rhodiola integrifolia,626089,M00763:170:000000000-LHC44:1:1101:15604:17134_CONS,NA,1,GQ374231,14113,P16371,forb,Rhodiola integrifolia,,Stonecrop
60,atcacgttttccgaaaacaaacaaaggttcagaaagcgaaaataaaaag,4210,Asteraceae,NA,Antennaria,1,family,Asteraceae,NA,[],NA,4210,M00763:170:000000000-LHC44:1:1101:25390:5351_CONS,NA,1,Asteraceae_MIXED016,13136,P1012,forb,Antennaria spp.,,Pussytoes
117,atccagttttctgactctgaaaacaaacaagggttcagaaagcaataaaag,25996,Elaeagnaceae,36776,Elaeagnus,1,genus,Elaeagnus,NA,[],NA,36776,M00763:170:000000000-LHC44:1:1101:5522:6065_CONS,NA,1,AB817355,12991,P38,deciduous shrub/tree,Elaeagnus commutata,,Wolf-willow
457,atcctgttttccgaaaacaaataaaacaaatttaagggttcataaagtgagaataaaaaag,3514,Betulaceae,3504,Betula,1,species,Betula glandulosa,21018,['Betula glandulosa'],Betula glandulosa,21018,M00763:170:000000000-LHC44:1:1101:19257:4141_CONS,NA,1,YHT008-24_Betula_gla,12974,P25,deciduous shrub/tree,Betula glandulosa,,
482,atcctgttttctcaaaacaaaggttcagaaaacgaaaaaaaaag,91896,Orobanchaceae,46036,Castilleja,1,species,Castilleja miniata,48552,['Castilleja miniata'],Castilleja miniata,48552,M00763:170:000000000-LHC44:1:1101:15535:7857_CONS,NA,1,YHT074-24_Castilleja,12907,P3402,forb,Castilleja miniata,,Paintbrush
221,atccgtgttttgagaaaaaaaagggggggttctcgaactagaatacaaaggaaaag,4479,Poaceae,4501,Bromus,5,genus,Bromus,NA,['Bromus pumilio'],NA,4501,M00763:170:000000000-LHC44:1:1101:21446:6197_CONS,NA,0.9824561,AY367965,12493,P3,graminoid,NA,NA,NA
258,atccgtgttttgagaaaactaggaggttctcgaactagaatacaaaggaaaag,4479,Poaceae,NA,NA,7,family,Poaceae,NA,"['Koeleria macrantha', 'Festuca idahoensis']",NA,4479,M00763:170:000000000-LHC44:1:1101:15521:7260_CONS,NA,0.9811321,Poaceae_MIXED008,12450,P18,graminoid,NA,NA,NA
176,atccggttcatagagaaaagggtttctctccttctcctaaggaaagg,3318,Pinaceae,3319,Abies,1,genus,Abies,NA,[],NA,3319,M00763:170:000000000-LHC44:1:1101:13983:1977_CONS,NA,1,AF327571,12206,P7612,coniferous shrub/tree,Abies lasiocarpa,,Subalpine fir
363,atcctgggttacgcgaacaaaccggagtttagaaagcgagaaaaaagg,3700,Brassicaceae,NA,NA,1,family,Brassicaceae,NA,[],NA,3700,M00763:170:000000000-LHC44:1:1105:6314:16084_CONS,NA,1,AY230519,12014,P9648,forb,"Brassicaceae (Smelowskia, Cardamine spp.)",,Rockcress
709,ctccttcgtccaaaaggaagaataaaaaag,3615,Polygonaceae,137682,Oxyria,1,species,Oxyria digyna,284366,['Oxyria digyna'],Oxyria digyna,284366,M00763:170:000000000-LHC44:1:1112:15476:22091_CONS,NA,1,AY566466,11929,P5001,forb,Oxyria digyna,,Mountain sorrel
613,atcttctttttgagaaaaagaaatatataaaatatttcttatttcagataagaaataatattttttcttatctaatattaaa,4609,Cyperaceae,13398,Carex,1,genus,Carex.2,NA,[],NA,13398,M00763:170:000000000-LHC44:1:1101:15461:3641_CONS,NA,1,AB079405,11913,P23,non-grass graminoid,Carex spp. 2,,Unknown sedge
598,atcttctttttgagaaaaagaaatatagaaaatatttcttatttcagataagaaagaataatattttcttatctaatattaaa,4609,Cyperaceae,13398,Carex,1,genus,Carex.3,NA,[],NA,13398,M00763:170:000000000-LHC44:1:1101:11360:8589_CONS,NA,1,AF284924,10580,P59,non-grass graminoid,Carex spp. 3,,Unknown sedge
347,atcctgctttccgaaaacaaaaaaataaaagttcagaaagttaaaatgaaacaaataaag,3803,Fabaceae,20802,Oxytropis,1,genus,Oxytropis,NA,[],NA,20802,M00763:170:000000000-LHC44:1:1101:15289:8673_CONS,NA,1,AF126991,9716,P3404,forb,Oxytropis spp. 2,"Oxytropis monticola, Oxytropis sericea, Oxytropis viscida, Oxytropis splendens, Oxytropis deflexa",
226,atccgtgttttgagaaaacaaaggggttctcgaactagaatacaaaggaaaag,4479,Poaceae,NA,Poa,1,tribe,Poeae,NA,[],NA,147387,M00763:170:000000000-LHC44:1:1102:16305:5639_CONS,NA,1,AH015558,9682,P107,grass,Poa alpina,,
642,atctttattttgagaaatcaaaggtttaggtttagtttctaaaagaaaactagaataaaaaaag,50362,Melanthiaceae,208974,Anticlea,1,genus,Anticlea,NA,[],NA,208974,M00763:170:000000000-LHC44:1:1101:8509:17457_CONS,NA,1,AF303693,9533,P84,forb,Anticlea elegans,,
519,atccttctttccgaaaacaaataaataaaagttcagaaagttaaaatcaaaaaag,3803,Fabaceae,3877,Medicago,1,genus,Medicago,NA,[],NA,3877,M00763:170:000000000-LHC44:1:1110:7727:14346_CONS,NA,1,DQ131554,9428,P407,forb,Medicago spp. ,"Medicago falcata, Medicago lupulina",
263,atccgtgttttgagaagggggttctcgaactagaatacaaaggaaaag,4479,Poaceae,NA,Phleum,1,family,Poaceae,NA,[],NA,4479,M00763:170:000000000-LHC44:1:1101:22828:4058_CONS,NA,1,Poaceae_MIXED006,9301,P7354,grass,Phleum spp. ,"Phleum alpinum, Phleum pratense",
503,atccttatttcagaaaacaaaagggggttcagaaagcaagaataaaaaaag,3440,Ranunculaceae,22868,Anemone,1,genus,Anemone,NA,[],NA,22868,M00763:170:000000000-LHC44:1:1101:8874:5077_CONS,NA,1,AB248018,9253,P32,forb,Anemone spp. ,"Anemone occidentalis, Anemone patens, Anemone parviflora, Anemone canadensis, Anemone multifida, Anemone lithophila, Anemone cylindrica",
216,atccgtgttttgagaaaaaaaaaggggggttctcgaactagaatacaaaggaaaag,4479,Poaceae,4501,Bromus,1,species,Bromus riparius,254151,['Bromus riparius'],Bromus riparius,254151,M00763:170:000000000-LHC44:1:1101:23007:10475_CONS,NA,1,AY367980,9122,P65,grass,Bromus riparius,,
569,atctgtgttttgagaaaacaaggggttctcgaactagaatacaaaggaaaag,4479,Poaceae,4564,Triticum,1,genus,Triticum,NA,[],NA,4564,M00763:170:000000000-LHC44:1:1101:22651:12399_CONS,NA,1,LR862510.1,9079,P74,grass,Poaceae spp10,"Triticum aestivum, Thinopyrum intermedium, Agropyron cristatum, Elymus spp, ",Wheatgrasses and wild ryes 2
417,atcctgttttatgaaaacaaacaagggtttcagaaagcgagaataaataaag,3745,Rosaceae,23216,Rubus,1,genus,Rubus,NA,[],NA,23216,M00763:170:000000000-LHC44:1:1111:11565:9458_CONS,NA,1,EF055349,8929,P425,deciduous shrub/tree,Rubus idaeus,,
346,atcctgctttccgaaaacaaaaaaataaaagttcagaaagttaaaatgaaacaaaaaag,3803,Fabaceae,20400,Astragalus,1,genus,Astragalus.2,NA,[],NA,20400,M00763:170:000000000-LHC44:1:1102:2700:16141_CONS,NA,1,AB485928,8453,P4916,forb,Astragalus spp2,Astragalus alpinus,
133,atcccgttttatgaaaacaaacaaaggtttcagaaagcgagaataaataaag,3745,Rosaceae,23216,Rubus,1,species,Rubus occidentalis,75079,['Rubus occidentalis'],Rubus occidentalis,75079,M00763:170:000000000-LHC44:1:1106:27249:13753_CONS,NA,1,EF055333,8280,P272,deciduous shrub/tree,Rubus occidentalis,,
64,atcacgttttccgaaaacaaacaaaggttcagaaagcgaaaatcaaaaag,NA,NA,NA,NA,1,clade,Mesangiospermae.2,NA,[],NA,1437183,M00763:170:000000000-LHC44:1:1115:19972:24309_CONS,NA,1,AB070902,8109,P529,forb,Mesangiospermae spp1,,
296,atcctattttacgaaaaccagcaccgggggtttagaaagcgatcaaaaaaaag,3934,Onagraceae,NA,Epilobium,1,tribe,Epilobieae,NA,[],NA,1585433,M00763:170:000000000-LHC44:1:1110:16030:8328_CONS,NA,1,AY264507,7736,P6547,forb,Epilobium spp. ,"Epilobium alpinum, Epilobium ciliatum, Epilobium anagallidifolium",
406,atcctgttttacgaaaacaagggggcttctaaagcaaacgagaatcaaaaaag,1003246,Comandraceae,50118,Comandra,1,species,Comandra umbellata,50119,['Comandra umbellata'],Comandra umbellata,50119,M00763:170:000000000-LHC44:1:1101:15198:7509_CONS,NA,1,GQ984178,7495,P50,forb,Comandra umbellata,,
352,atcctgctttccgaaaacaaaaaaataaaagttcagaaagttaaaattg,3803,Fabaceae,20400,Astragalus,1,genus,Astragalus.3,NA,[],NA,20400,M00763:170:000000000-LHC44:1:2115:24238:9447_CONS,NA,1,AF126969,7218,P11309,forb,Astragalus spp. 3,,
600,atcttctttttgagaaaaagaaatatataaaaatataaaatatttcttatttcagataagaaataatattttttcttatctaatattaaa,4609,Cyperaceae,13398,Carex,1,subgenus,Carex subgen. Carex,NA,[],NA,2759858,M00763:170:000000000-LHC44:1:1110:18882:9709_CONS,NA,1,AY757517,7191,P402,non-grass graminoid,Carex spp4,,
179,atccggttcatgaagacaatgtttcttctcctaagataggaaggg,NA,Pinaceae,NA,Pinus,1,subclass,Pinidae,NA,[],NA,3313,M00763:170:000000000-LHC44:1:1104:17517:23724_CONS,NA,1,AB097067,6796,P224,coniferous shrub/tree,Pinus albicaulis/flexilis,"Pinus albicaulis, Pinus flexilis",
674,attcgatttag,3256,Equisetaceae,3257,Equisetum,1,genus,Equisetum,NA,[],NA,3257,M00763:170:000000000-LHC44:1:1101:24053:9680_CONS,NA,1,AF182359,6512,P9826,forb,Equisetum spp1,"Equisetum arvense, Equisetum fluviatile, Equisetum hyemale, Equisetum laevigatum, Equisetum pratense, Equisetum pratense, Equisetum sylvaticum, Equisetum variegatum",
150,atcccgttttatgaaaagaaacaagggtttcagaacgcgagaataaataaag,3745,Rosaceae,NA,Geum,1,family,Rosaceae,NA,[],NA,3745,M00763:170:000000000-LHC44:1:1101:28942:12699_CONS,NA,1,Rosaceae_MIXED014,6494,P1795,forb,Geum spp1,"Geum aleppicum, Geum macrophyllum",
45,atcacgttttccgaaaacaaacaaaggttcagaaagcgaaaagaaaaaag,4210,Asteraceae,NA,NA,1,family,Asteraceae.10,NA,[],NA,4210,M00763:170:000000000-LHC44:1:2119:20833:8472_CONS,NA,1,AB817411,6351,P5187,forb,Asteraceae spp. 5,,
54,atcacgttttccgaaaacaaacaaaggttcagaaagcgaaaataaaaaaaag,4210,Asteraceae,NA,NA,1,subfamily,Asteroideae.5,NA,[],NA,102804,M00763:170:000000000-LHC44:1:1101:17705:2941_CONS,NA,1,AY216018,6009,P1778,forb,Asteraceae spp4,,
514,atccttctttccgaaaacaaacaaataaaagttcagaaagtgaaaatcaaaaaag,3803,Fabaceae,NA,NA,1,clade,IRL clade,NA,[],NA,2233839,M00763:170:000000000-LHC44:1:1101:2946:11713_CONS,NA,1,AB546801,5322,P71,forb,Fabaceae spp. 1,,Unknown legume
456,atcctgttttccgaaaacaaataaaacaaattgaagggttcataaagcgagactaaaaag,3514,Betulaceae,3515,Alnus,1,genus,Alnus,NA,[],NA,3515,M00763:170:000000000-LHC44:1:1102:15761:7302_CONS,NA,1,AB063524,5150,P20896,deciduous shrub/tree,Alnus spp1,"Alnus crispa, Alnus tenuifolia",
502,atccttatttcagaaaacaaaagagggttcagaaagcaagaataaaaaaag,3440,Ranunculaceae,NA,Anemone,1,tribe,Anemoneae,NA,[],NA,1463147,M00763:170:000000000-LHC44:1:1101:9230:9226_CONS,NA,1,EU326087,5116,P2659,forb,Anemoneae spp2,"Anemone occidentalis, Anemone patens, Anemone parviflora, Anemone canadensis, Anemone multifida, Anemone lithophila, Anemone cylindrica",
278,atcctattttaagaaaacaaaacacaagggttcagaaagaaaaaaaaag,3792,Saxifragaceae,3798,Saxifraga,1,genus,Saxifraga.4,NA,[],NA,3798,M00763:170:000000000-LHC44:1:2109:11210:14982_CONS,NA,1,LN812602,4339,P9773,forb,Saxifraga spp1,"Saxifraga azoides, Saxifraga occidentalis, Saxifraga bronchialis",
392,atcctgttttaagaaagcaaaacacaagggttcagaaaaagcgaataaaaaaaag,3792,Saxifragaceae,3798,Saxifraga,1,genus,Saxifraga,NA,[],NA,3798,M00763:170:000000000-LHC44:1:1101:21518:3620_CONS,NA,1,DQ860623,3983,P1009,forb,Saxifraga spp2,,
112,atccagttttacgaaaacaaacaagggttcagaaagctaaaatcaaaaag,4200,Caprifoliaceae,77622,Linnaea,1,species,Linnaea borealis,77623,['Linnaea borealis'],Linnaea borealis,77623,M00763:170:000000000-LHC44:1:1102:16969:21350_CONS,NA,1,YHT049-24_Linnaea_bo,3966,P16103,forb,Linnaea borealis,,
345,atcctgctttccgaaaacaaaaaaataaaagtaaaagttcagaaagttaaaattaaacaaaaag,3803,Fabaceae,3904,Vicia,1,species,Vicia americana,200966,['Vicia americana'],Vicia americana,200966,M00763:170:000000000-LHC44:1:1112:7000:12557_CONS,NA,1,HM590362,3966,P4994,forb,Vicia americana,,
581,atcttaatctggagaaaatttgtttctctataaaaactagaatcaaaaag,14101,Juncaceae,46322,Luzula,1,genus,Luzula,NA,[],NA,46322,M00763:170:000000000-LHC44:1:1108:19141:17587_CONS,NA,1,AY437929,3952,P5520,non-grass graminoid,Luzula spp1,"Luzula multiflora, Luzula parviflora, Luzula spicata",
129,atccatgttttgagaaaacaaggggttctcgaactagaatacaaaggaaaag,4479,Poaceae,4564,Triticum,1,species,Triticum aestivum,4565,['Triticum aestivum'],Triticum aestivum,4565,M00763:170:000000000-LHC44:1:1113:28844:10015_CONS,NA,1,LR862511,3740,P468,grass,Triticum aestivum,,
494,atcctgtttttagaaaacaaatgaaaatcaactaaagggttcagagaaagcaagaataaaag,3440,Ranunculaceae,46246,Delphinium,1,genus,Delphinium,NA,[],NA,46246,M00763:170:000000000-LHC44:1:1101:13111:3075_CONS,NA,1,AF258631,3714,P4474,forb,Delphinium spp1,"Delpinium bicolor, Delphinium glaucum, Delphinium nuttallianum",
507,atccttattttgagaaaacaaaggtttataaaactagaatttaaaag,4637,Musaceae,NA,NA,1,family,Musaceae,NA,[],NA,4637,M00763:170:000000000-LHC44:1:1101:11582:1976_CONS,NA,1,AB817687,3708,P13486,deciduous shrub/tree,banana,,
38,atcacgttttccgaaaacaaacaaaggttcagaaagcgaaaagaaaaaaa,4210,Asteraceae,NA,NA,1,subfamily,Asteroideae,NA,[],NA,102804,M00763:170:000000000-LHC44:1:1102:22558:11221_CONS,NA,1,AF452496,3631,P122,forb,Asteraceae spp7,,
188,atccggttttccgaaaacaaaagttgaaaaagaaaaaaggaaggag,21571,Boraginaceae,192333,Myosotis,1,genus,Myosotis,NA,[],NA,192333,M00763:170:000000000-LHC44:1:1101:16747:3958_CONS,NA,1,AB758342,3287,P3400,forb,Mysotis alpestris,,
597,atcttctttttgagaaaaagaaatatagaaaatatttcttatttcagataagaaagaataatatttcttatctaatattaaa,4609,Cyperaceae,13398,Carex,1,genus,Carex.5,NA,[],NA,13398,M00763:170:000000000-LHC44:1:1101:16513:3589_CONS,NA,1,AF164941,3248,P5433,non-grass graminoid,Carex spp5,,
225,atccgtgttttgagaaaacaaagaaaggggttctcgaactagaatacaaaggaaaag,4479,Poaceae,NA,NA,1,subtribe,Dactylidinae,NA,[],NA,640895,M00763:170:000000000-LHC44:1:1101:7061:2531_CONS,NA,1,DQ353961,3131,P6800,grass,Poaceae spp4,Dactylis glomerata,
714,ctcctttatgttttgtttcttttttttttagcaaag,3568,Caryophyllaceae,NA,NA,1,family,Caryophyllaceae.1,NA,[],NA,3568,M00763:170:000000000-LHC44:1:1101:4284:12788_CONS,NA,1,FJ404965,2984,P21637,forb,Caryophyllaceae spp1,,
66,atcacgttttccgaaaacaaacaaaggttcagaaagcgaaaatccaaaag,4210,Asteraceae,41629,Saussurea,1,genus,Saussurea,NA,[],NA,41629,M00763:170:000000000-LHC44:1:1101:25357:19361_CONS,NA,1,AJ606148,2977,P16372,forb,Saussurea nuda,,
364,atcctggtttacgcgaacaaaccaaagtgtagaaagcgagaaagaagg,3700,Brassicaceae,NA,NA,1,tribe,Arabideae,NA,[],NA,981070,M00763:170:000000000-LHC44:1:1102:19533:20741_CONS,NA,1,AF120731,2904,P3428,forb,Brassicaceae spp2,,
14,atcacgttttccgaaaacaaaaaaaggttcagaaagcgaaaataaaaaag,4210,Asteraceae,NA,NA,1,family,Asteraceae,NA,[],NA,4210,M00763:170:000000000-LHC44:1:1108:23256:13282_CONS,NA,1,AY216098,2753,P321,forb,Asteraceae spp8,,
355,atcctgctttccgaaaacaaacaaataaaagttcagaaagtgaaaataaaaaag,3803,Fabaceae,NA,Hedysarum,1,tribe,Hedysareae.1,NA,[],NA,163730,M00763:170:000000000-LHC44:1:1101:12264:2522_CONS,NA,1,AB854530,2714,P2957,forb,Hedysarum spp2,"Hedysarum alpinum, Hedysarum boreale, Hedysarum sulpurescens",
83,atcacgttttccgaaaacaaaggttcagaaagcgaaaatcaaaaag,4210,Asteraceae,41549,Cirsium,1,species,Cirsium hookerianum,1981213,['Cirsium hookerianum'],Cirsium hookerianum,1981213,M00763:170:000000000-LHC44:1:1101:13178:7512_CONS,NA,1,YHT042-24_Cirsium_ho,2674,P1784,forb,Cirsium hookerianum,,
703,ctccttaaatcgtctcctaaaaaaaaacggattcaaaaagcaagaataaaaaag,3568,Caryophyllaceae,13273,Stellaria,1,genus,Stellaria,NA,[],NA,13273,M00763:170:000000000-LHC44:1:1101:8366:11929_CONS,NA,1,AY521297,2674,P72,forb,Stellaria spp1,"Stellaria calycantha, Stellaria crassifolia, Stellaria longifolia, Stellaria longipes",
210,atccgtgttttgagaaaaaaaaaagggggggttctcgaactagaatacaaaggaaaag,4479,Poaceae,4501,Bromus,1,genus,Bromus.6,NA,[],NA,4501,M00763:170:000000000-LHC44:1:1107:10429:24057_CONS,NA,1,AY367968,2557,P306,grass,Bromus spp2,"Bromus carinatus, Bromus inermis",
261,atccgtgttttgagaaaatcaagtagttctcgaactagag,4479,Poaceae,1658770,Eriocoma,1,species,Eriocoma richardsonii,487922,['Eriocoma richardsonii'],Eriocoma richardsonii,487922,M00763:170:000000000-LHC44:1:1102:23248:15390_CONS,NA,1,YHT009-24_Achnatheru,2419,P19545,grass,Eriocoma richardsonii,,
421,atcctgttttatgaaaataaacaagggtttcataaaccgaaaataaaaaag,NA,NA,NA,NA,1,clade,fabids,NA,[],NA,91835,M00763:170:000000000-LHC44:1:1101:12838:2120_CONS,NA,1,AB817358,2414,P10316,NA,NA,,
22,atcacgttttccgaaaacaaacaaagattcagaaagcgaaaatcaaaaag,4210,Asteraceae,NA,NA,1,family,Asteraceae.11,NA,[],NA,4210,M00763:170:000000000-LHC44:1:1103:12189:17507_CONS,NA,1,AF460132,2397,P8347,forb,Asteraceae spp6,,
436,atcctgttttccgaaaacaaacaaaagttcagaaagcgaaaataaaaaaag,NA,NA,NA,NA,1,order,Cornales,NA,[],NA,41934,M00763:170:000000000-LHC44:1:1101:15350:8420_CONS,NA,1,GQ244824,2377,P24881,NA,Cornales spp1,,dogwood of some kind
275,atcctattaaatattaaaatcaaaaaaagcaaaaagaaaggctcagaaagaaaaaaaag,21472,Gentianaceae,21496,Gentiana,1,species,Gentiana affinis,50746,['Gentiana affinis'],Gentiana affinis,50746,M00763:170:000000000-LHC44:1:1101:9347:2501_CONS,NA,1,YHT062-24_Gentiana_a,2360,P9233,forb,Gentiana affinis,,
414,atcctgttttatgaaaaaaaaag,3792,Saxifragaceae,NA,NA,1,family,Saxifragaceae,NA,[],NA,3792,M00763:170:000000000-LHC44:1:1116:12941:21988_CONS,NA,1,GQ245495,2343,P8067,forb,Saxifragaceae spp1,,
77,atcacgttttccgaaaacaaacacaggttcagaaagcgaaaatcaaaaag,3792,Saxifragaceae,3798,Saxifraga,1,species,Saxifraga aizoides,102714,['Saxifraga aizoides'],Saxifraga aizoides,102714,M00763:170:000000000-LHC44:1:1101:19782:2021_CONS,NA,1,YHT050-24_Saxifraga_,2216,P8619,forb,Saxifraga aizoides,,
286,atcctattttacgaaaaccaacaccgggggggttagaaagcgagaaaaaagaag,3934,Onagraceae,238243,Chamaenerion,1,species,Chamaenerion latifolium,33138,['Chamaenerion latifolium'],Chamaenerion latifolium,33138,M00763:170:000000000-LHC44:1:2102:9371:18898_CONS,NA,1,DQ860545,2214,P6027,forb,Chamaenerion latifolium,,
549,atcctttttttttggcaaacaaataaagattccgaaagaaaaagg,4345,Ericaceae,NA,NA,1,tribe,Vaccinieae,NA,[],NA,217062,M00763:170:000000000-LHC44:1:1102:6810:10445_CONS,NA,1,AF271700,2176,P15511,forb,Vaccinieae spp1,,
382,atcctgtcttctaaaaacaaaggttcagaaagtgaaaaaaaag,156152,Plantaginaceae,4173,Veronica,1,subgenus,Veronica subgen. Veronica,NA,[],NA,1461552,M00763:170:000000000-LHC44:1:1101:11258:3809_CONS,NA,1,AF513344,2076,P15501,forb,Veronica spp1,"Veronica alpina, Veronica americana, Veronica peregrina",
647,atctttatttttagaaaaacaaggattttctttgaaaaactagaaaaaaagg,40552,Asparagaceae,16150,Maianthemum,1,species,Maianthemum stellatum,191661,['Maianthemum stellatum'],Maianthemum stellatum,191661,M00763:170:000000000-LHC44:1:1101:29716:13034_CONS,NA,1,YHT072-24_Maianthemu,2055,P9827,forb,Maianthemum stellatum,,
273,atcctatgcttctcaaaataaaggttcaaaaagcgaaaaaagg,156152,Plantaginaceae,69923,Penstemon,1,genus,Penstemon,NA,[],NA,69923,M00763:170:000000000-LHC44:1:2102:21784:7559_CONS,NA,1,DQ531221,1897,P6967,forb,Penstemon spp2,"Penstemon albidus, Penstemon confertus, Penstemon fruticosa, Penstemon gracilis, Penstemon nitidus",
731,tccgtgttttgagaaaacaaggggttctcgaactagaatacaaaggaaaag,4479,Poaceae,4564,Triticum,1,species,Triticum aestivum.1,4565,['Triticum aestivum'],Triticum aestivum,4565,M00763:170:000000000-LHC44:1:2112:17314:5600_CONS,NA,1,OU343190.6,1892,P835,grass,Poaceae spp12,Wheatgrasses and wildryes 3,
493,atcctgttttcttaaaacaaagattcagaaaacgaaaaaaaaagg,NA,NA,NA,NA,1,clade,Pentapetalae,NA,[],NA,1437201,M00763:170:000000000-LHC44:1:1101:16457:2114_CONS,NA,1,EU264173,1881,P2654,NA,NA,,
728,tcccgttttatgaaaacaaacaagggtttcagaaagcgagaataaataaag,3745,Rosaceae,23204,Potentilla,1,species,Potentilla tetrandra,667297,['Potentilla tetrandra'],Potentilla tetrandra,667297,M00763:170:000000000-LHC44:1:1104:6054:15622_CONS,NA,1,KJ396315,1865,P1843,forb,Rosaceae spp1,,
567,atctgtgttttgagaaaacaaggaggttctcgaactagaatacaaaggaaaag,4479,Poaceae,211934,Castellia,1,species,Castellia tuberculosa,211935,['Castellia tuberculosa'],Castellia tuberculosa,211935,M00763:170:000000000-LHC44:1:1103:19859:5183_CONS,NA,1,MH569077,1816,P160,grass,Poaceae spp5,"Festuca ovina, Festuca hallii",
244,atccgtgttttgagaaaacaaggggttctcaaactagaatacaaaggaaaag,4479,Poaceae,NA,NA,1,tribe,Triticeae,NA,[],NA,147389,M00763:170:000000000-LHC44:1:2110:25423:9724_CONS,NA,1,AF519149,1812,P2558,grass,Poaceae spp7,"Elymus spp, Agropyron spp",
127,atccatgttttgagaaaacaagggggttctcgaactagaatacaaaggaaaag,4479,Poaceae,4544,Poa,1,genus,Poa.1,NA,[],NA,4544,M00763:170:000000000-LHC44:1:2118:25290:8405_CONS,NA,1,AY177346,1798,P1748,grass,Poa spp1,Poa secunda,
451,atcctgttttccgaaaacaaagaaagattcagaaagtgaaaaaag,4130,Hydrophyllaceae,79378,Phacelia,1,species,Phacelia sericea,79541,['Phacelia sericea'],Phacelia sericea,79541,M00763:170:000000000-LHC44:1:2111:6804:21339_CONS,NA,1,KF158199,1742,P2570,forb,Phacelia sericea,,
214,atccgtgttttgagaaaaaaaaaggggggggttctcgaactagaatacaaaggaaaag,4479,Poaceae,NA,NA,1,family,Poaceae,NA,[],NA,4479,M00763:170:000000000-LHC44:1:1108:20380:9113_CONS,NA,1,Poaceae_MIXED009,1610,P315,grass,Poaceae spp3,,
380,atcctggtttcagaaaacaaaaaaggggttcagaaagcaagaatacaaaaagaaaag,3440,Ranunculaceae,46968,Thalictrum,1,species,Thalictrum occidentale,1084682,['Thalictrum occidentale'],Thalictrum occidentale,1084682,M00763:170:000000000-LHC44:1:1104:25333:4837_CONS,NA,1,YHT056-24_Thalictrum,1572,P8350,forb,Thalictrum occidentale,,
329,atcctctttttttttcaaaacaaaggttcagaaaactaaaaaag,91896,Orobanchaceae,43174,Pedicularis,1,species,Pedicularis capitata,669764,['Pedicularis capitata'],Pedicularis capitata,669764,M00763:170:000000000-LHC44:1:1101:24495:2850_CONS,NA,1,GQ245218,1491,P16367,forb,Pedicularis capitata,,
344,atcctgctttccgaaaacaaaaaaataaaagtaaaagttcagaaagttaaaattaaacaaaaaag,3803,Fabaceae,20400,Astragalus,1,genus,Astragalus.1,NA,[],NA,20400,M00763:170:000000000-LHC44:1:1104:10739:14574_CONS,NA,1,AB485931,1489,P3452,forb,,,
256,atccgtgttttgagaaaaccagggggttctcgaactagaatacaaaggaaaag,4479,Poaceae,NA,NA,1,tribe,Poeae.2,NA,[],NA,147387,M00763:170:000000000-LHC44:1:1110:26929:13115_CONS,NA,1,AH015553,1486,P405,grass,Poaceae spp8,,
617,atcttctttttgagaaaaagaaatatataaaatatttcttatttcatataagaaatattttatttcttatctaatattaaa,4609,Cyperaceae,13398,Carex,1,species,Carex myosuroides,140873,['Carex myosuroides'],Carex myosuroides,140873,M00763:170:000000000-LHC44:1:2104:25039:8864_CONS,NA,1,YHT059-24_Kobresia_m,1456,P678,non-grass graminoid,Carex myosuroides,,
413,atcctgttttatgaaaaaaaaaag,3792,Saxifragaceae,759618,Micranthes,1,genus,Micranthes,NA,[],NA,759618,M00763:170:000000000-LHC44:1:1109:23289:15393_CONS,NA,1,AF374801,1423,P9944,forb,Micranthes spp1,,
183,atccggttcatggagacaatggtttcttctcctaggataggaaggg,3318,Pinaceae,NA,NA,1,family,Pinaceae,NA,[],NA,3318,M00763:170:000000000-LHC44:1:2101:9480:23933_CONS,NA,1,AB045064,1416,P19599,coniferous shrub/tree,,,
351,atcctgctttccgaaaacaaaaaaataaaagttcagaaagttaaaattaaacaaataaag,3803,Fabaceae,20802,Oxytropis,1,genus,Oxytropis.1,NA,[],NA,20802,M00763:170:000000000-LHC44:1:1101:8847:19481_CONS,NA,1,AB287416,1408,P9829,forb,Oxytropis spp3,"Oxytropis monticola, Oxytropis sericea, Oxytropis viscida, Oxytropis splendens, Oxytropis deflexa",
552,atccttttttttttgaaatttttgtttgttttcgaaaaaaagg,4345,Ericaceae,13650,Pyrola,1,genus,Pyrola.1,NA,[],NA,13650,M00763:170:000000000-LHC44:1:1111:2690:8741_CONS,NA,1,FJ378603,1390,P8431,forb,Pyrola spp1,"Pyrola asarifolia, Pyrola chlorantha, Pyrola elliptica, Pyrola minor",
631,atcttctttttttttcaaaacaaaggtttagaaaacgaaaaaaaag,91896,Orobanchaceae,43174,Pedicularis,1,species,Pedicularis groenlandica,262426,['Pedicularis groenlandica'],Pedicularis groenlandica,262426,M00763:170:000000000-LHC44:1:1101:8476:7195_CONS,NA,1,YHT033-24_Pediculari,1336,P14111,forb,Pedicularis groenlandica,,
336,atcctgctttcagaaaacaaaaaaaaggggggattcagaaagcgaaaatagg,3440,Ranunculaceae,3445,Ranunculus,1,genus,Ranunculus,NA,[],NA,3445,M00763:170:000000000-LHC44:1:1101:6584:4200_CONS,NA,1,GQ245367,1331,P4476,forb,Ranunculus spp1,Ranunculus spp (many),
85,atcacgttttccgaaaacaagcaaaggttcagaaagcgaaa,NA,NA,NA,NA,1,clade,Mesangiospermae.3,NA,[],NA,1437183,M00763:170:000000000-LHC44:1:1101:9636:4989_CONS,NA,1,GQ984206,1321,P7355,NA,Mesangiospermae Spp3,,
542,atcctttttttcgcaaacaaacaaagattccgaaagctaaaaaaaaag,4345,Ericaceae,45908,Phyllodoce,1,genus,Phyllodoce,NA,[],NA,45908,M00763:170:000000000-LHC44:1:1109:20718:20761_CONS,NA,1,AB764850,1308,P8196,forb,Phyllodoce spp1,"Phyllodoce empetriformus, Phyllodoce caerulea, Phyllodoce breweri",
399,atcctgttttacgaaaaaagg,3792,Saxifragaceae,759618,Micranthes,1,species,Micranthes lyallii,90604,['Micranthes lyallii'],Micranthes lyallii,90604,M00763:170:000000000-LHC44:1:2108:8203:14038_CONS,NA,1,LM654452,1286,P19261,forb,Micranthes lyallii,,
579,atcttaatctggagaaaacttgtttctctataaaaactagaatcaaaaaggataaag,14101,Juncaceae,46322,Luzula,1,genus,Luzula.1,NA,[],NA,46322,M00763:170:000000000-LHC44:1:1101:15240:14070_CONS,NA,1,AY177333,1243,P15504,non-grass graminoid,Luzula spp2,"Luzula multiflora, Luzula parviflora, Luzula spicata",
705,ctccttaattgtctcctaaaaaaaaacggattcaaaaagaaagaataaaaaag,3568,Caryophyllaceae,3579,Cerastium,1,genus,Cerastium,NA,[],NA,3579,M00763:170:000000000-LHC44:1:1103:15154:4535_CONS,NA,1,AY521325,1227,P156,forb,Cerastium spp1,,
683,attttattgtctattaaaaataa,37411,Bryaceae,NA,NA,1,family,Bryaceae,NA,[],NA,37411,M00763:170:000000000-LHC44:1:1101:24615:2435_CONS,NA,1,AF023742,1202,P1005,forb,,,
568,atctgtgttttgagaaaacaagggggttctcgaactagaatacaaaggaaaag,4479,Poaceae,4544,Poa,1,species,Poa apiculata,568982,['Poa apiculata'],Poa apiculata,568982,M00763:170:000000000-LHC44:1:1101:17705:2260_CONS,NA,1,EU792469,1187,P8,grass,Poa apiculata,,
483,atcctgttttctcaaaacaaaggttcagaaaacgaaaaaaaag,NA,NA,NA,NA,1,order,Lamiales.1,NA,[],NA,4143,M00763:170:000000000-LHC44:1:1102:22421:24857_CONS,NA,1,AJ430914,1179,P3429,forb,NA,,
401,atcctgttttacgaaaacaaaacacaagggttcagaaagagagaataaaaaaaaagg,3792,Saxifragaceae,3794,Heuchera,1,varietas,Heuchera cylindrica var. cylindrica,370361,['Heuchera cylindrica'],Heuchera cylindrica,1573207,M00763:170:000000000-LHC44:1:1101:22428:3033_CONS,NA,1,KT755872,1157,P10317,forb,Heuchera cylindrica,,
723,ctccttttttcaaaagcaaaaaaaagtattaagaaagaaaaaaag,3568,Caryophyllaceae,3573,Silene,1,genus,Silene,NA,[],NA,3573,M00763:170:000000000-LHC44:1:1109:24694:6035_CONS,NA,1,AY116484,1129,P23243,forb,Silene spp1,"Silene cserei, Silene cucabalus, Silene drummondii, Silene menziesii, Silene noctiflora, Silene Parryi",
566,atctggttttccgaaaacaaacaaaagttgaaaaagaaaaaag,21571,Boraginaceae,NA,NA,1,family,Boraginaceae,NA,[],NA,21571,M00763:170:000000000-LHC44:1:1101:23946:2587_CONS,NA,1,AB758347,1124,P3811,forb,Boraginaceae spp1,,
222,atccgtgttttgagaaaaaaaaggggggttctcgaactagaatacaaaggaaaag,4479,Poaceae,4501,Bromus,1,genus,Bromus.2,NA,[],NA,4501,M00763:170:000000000-LHC44:1:1101:19495:22448_CONS,NA,1,AY367975,1122,P97,grass,Bromus spp4,"Bromus carinatus, Bromus inermis",
199,atccggtttttgttttccgaaaacaaacaaaggctaaaatcaaaaaag,4200,Caprifoliaceae,19952,Valeriana,1,genus,Valeriana,NA,[],NA,19952,M00763:170:000000000-LHC44:1:1102:12453:5117_CONS,NA,1,AF366917,1081,P23553,forb,,,
136,atcccgttttatgaaaacaaacaagggtttcaaaaagcgagaataaataaag,3745,Rosaceae,3746,Fragaria,1,species,Fragaria virginiana,101015,['Fragaria virginiana'],Fragaria virginiana,101015,M00763:170:000000000-LHC44:1:2117:18936:22401_CONS,NA,1,YHT013-24_Fragaria_v,1031,P2177,forb,Fragaria virginiana,,
377,atcctggtttcagaaaacaaaaaaaggggggttcagaaagcaagaatacaaaaagaaaag,3440,Ranunculaceae,3450,Aquilegia,1,genus,Aquilegia,NA,[],NA,3450,M00763:170:000000000-LHC44:1:1102:20060:8998_CONS,NA,1,AC253869,1023,P23555,forb,Aquilegia spp1,"Aquilegia flavescens, Aquilegia flavescens",
636,atcttgtattactcaaatgaatttcgggcgataaggcaa,1203500,Cystopteridaceae,32111,Cystopteris,1,genus,Cystopteris,NA,[],NA,32111,M00763:170:000000000-LHC44:1:2115:17219:5023_CONS,NA,1,KP136830,1006,P7583,forb,Cystopteris spp1,Cystoperis fragilis,
626,atcttctttttgataaaaagaaatatatcaaatatttcttatttaagataagaaataatattttttcttatctaatattaaa,4609,Cyperaceae,13398,Carex,1,species,Carex vaginata,241235,['Carex vaginata'],Carex vaginata,241235,M00763:170:000000000-LHC44:1:1113:22051:21387_CONS,NA,1,AF284914,951,P8752,non-grass graminoid,Carex vaginata,,
262,atccgtgttttgagaagggattctcgaactagaatacaaaggaaaag,4479,Poaceae,4512,Hordeum,1,species,Hordeum jubatum,4517,['Hordeum jubatum'],Hordeum jubatum,4517,M00763:170:000000000-LHC44:1:1101:16552:2551_CONS,NA,1,YHT036-24_Hordeum_ju,928,P5866,grass,Hordeum jubatum,,
713,ctcctttatgttttgtttctttttttttagcaaag,3568,Caryophyllaceae,NA,NA,1,family,Caryophyllaceae.2,NA,[],NA,3568,M00763:170:000000000-LHC44:1:1103:12796:12918_CONS,NA,1,MK341203,920,P21659,forb,Caryophyllaceae spp2,,
312,atcctatttttcgaaaacaaacaaaaaacaaacaaaggttcataaagacagaataagaatacaaaag,3688,Salicaceae,NA,NA,1,family,Salicaceae,NA,[],NA,3688,M00763:170:000000000-LHC44:1:1108:25578:20372_CONS,NA,1,AY756921,901,P329,deciduous shrub/tree,Salicaceae spp1,,
655,atctttcttttttgaaaaacaaaggtttaaaaaagagaataaaaaag,4668,Amaryllidaceae,4678,Allium,1,species,Allium cernuum,70754,['Allium cernuum'],Allium cernuum,70754,M00763:170:000000000-LHC44:1:1101:23326:15682_CONS,NA,1,YHT085-24_Allium_cer,885,P12502,forb,Allium cernuum,,
148,atcccgttttatgaaaagaaacaagggtttcagaaagcgagaataaataaag,3745,Rosaceae,3761,Geum,1,species,Geum urbanum,57919,['Geum urbanum'],Geum urbanum,57919,M00763:170:000000000-LHC44:1:2117:10850:1921_CONS,NA,1,OX327013,872,P1728,forb,Geum urbanum,,
224,atccgtgttttgagaaaaaaaggggttctcgaactagaatacaaaggaaaag,4479,Poaceae,NA,NA,1,subtribe,Hordeinae,NA,[],NA,1648017,M00763:170:000000000-LHC44:1:1116:7089:3851_CONS,NA,1,KF600703,859,P531,grass,Poaceae spp11,,
248,atccgtgttttgagaaaacaaggggttctcgaactagaatacaaaggagaag,4479,Poaceae,4564,Triticum,1,species,Triticum aestivum.2,4565,['Triticum aestivum'],Triticum aestivum,4565,M00763:170:000000000-LHC44:1:2119:5290:5190_CONS,NA,1,LR862522.1,846,P983,grass,Triticum aestivum,,
394,atcctgttttaagaaagcaacacacaagggttcagaaaaagcgaaaaaagaatag,3792,Saxifragaceae,3798,Saxifraga,1,genus,Saxifraga.5,NA,[],NA,3798,M00763:170:000000000-LHC44:1:1103:24465:12099_CONS,NA,1,AF374779,817,P16395,forb,Saxifraga spp3,,
116,atccagttttctgaaaacaaacaggggttcagaaagcaaaaatcaaaaag,4200,Caprifoliaceae,13701,Symphoricarpos,1,genus,Symphoricarpos,NA,[],NA,13701,M00763:170:000000000-LHC44:1:1101:16172:5918_CONS,NA,1,GQ305409,772,P8155,forb,,,
220,atccgtgttttgagaaaaaaaaggggggggttctcgaactagaatacaaaggaaaag,4479,Poaceae,4501,Bromus,1,genus,Bromus.3,NA,[],NA,4501,M00763:170:000000000-LHC44:1:1105:4923:7559_CONS,NA,1,AY367965,769,P233,grass,Bromus spp3,"Bromus carinatus, Bromus inermis",
424,atcctgttttcagaaaacaaaaagggttcagaaagcaagaatcaaaaag,3440,Ranunculaceae,NA,NA,1,subfamily,Ranunculoideae,NA,[],NA,1463138,M00763:170:000000000-LHC44:1:2114:9145:24018_CONS,NA,1,AB219667,760,P2596,forb,Ranunculaceae spp1,,
610,atcttctttttgagaaaaagaaatatataaaatatttcttatttcagataagaaataaaatatttcttatctaatattaaa,4609,Cyperaceae,13398,Carex,1,subgenus,Carex subgen. Euthyceras,NA,[],NA,2759862,M00763:170:000000000-LHC44:1:2115:23513:5517_CONS,NA,1,AF164929,727,P30584,non-grass graminoid,Carex spp6,,
137,atcccgttttatgaaaacaaacaagggtttcagaaagagagaataaataaag,3745,Rosaceae,23216,Rubus,1,species,Rubus boninensis,2609018,['Rubus boninensis'],Rubus boninensis,2609018,M00763:170:000000000-LHC44:1:1101:13654:8763_CONS,NA,1,MH734123,719,P1019,deciduous shrub/tree,Rubus boninensis,,
405,atcctgttttacgaaaacaaagggggcttctaaagcaaacgagaataaaaaaag,1003246,Comandraceae,70873,Geocaulon,1,species,Geocaulon lividum,70874,['Geocaulon lividum'],Geocaulon lividum,70874,M00763:170:000000000-LHC44:1:1101:18072:16640_CONS,NA,1,GQ245008,708,P18422,forb,,,
147,atcccgttttatgaaaacaaataagggtttcagaaagcgagaataaataaag,3745,Rosaceae,23169,Fallugia,1,species,Fallugia paradoxa,35969,['Fallugia paradoxa'],Fallugia paradoxa,35969,M00763:170:000000000-LHC44:1:2116:18839:11930_CONS,NA,1,AF348543,704,P2164,forb,Fallugia paradoxa,,
238,atccgtgttttgagaaaacaaggagttctcgaactagaatacaaaggaaaag,4479,Poaceae,52713,Leymus,1,species,Leymus triticoides,86021,['Leymus triticoides'],Leymus triticoides,86021,M00763:170:000000000-LHC44:1:1114:7907:6890_CONS,NA,1,KP210946,699,P485,grass,,,
327,atcctctttttcgaaaacaaaggttaaaggaaaatcaaaaaagggtg,4335,Primulaceae,49647,Primula,1,species,Primula conjugens,87536,['Primula conjugens'],Primula conjugens,87536,M00763:170:000000000-LHC44:1:1101:17478:12020_CONS,NA,1,YHT001-24_Primula_co,671,P8337,forb,Primula conjugens,,
687,attttattttaaaagtaa,NA,NA,NA,NA,1,class,Bryopsida,NA,[],NA,3214,M00763:170:000000000-LHC44:1:1101:13145:3966_CONS,NA,1,AF023717,655,P7613,moss,,,
43,atcacgttttccgaaaacaaacaaaggttcagaaagcgaaaagaaaaaaaag,4210,Asteraceae,NA,NA,1,subtribe,Artemisiinae.1,NA,[],NA,886714,M00763:170:000000000-LHC44:1:1101:15585:12587_CONS,NA,1,JN867592,640,P1794,forb,,,
555,atcctttttttttttgaaatttttgtttgttttcgaaaaaaagg,4345,Ericaceae,13650,Pyrola,1,genus,Pyrola,NA,[],NA,13650,M00763:170:000000000-LHC44:1:1102:15924:14630_CONS,NA,1,DQ860597,625,P8343,forb,Pyrola spp3,"Pyrola asarifolia, Pyrola chlorantha, Pyrola elliptica, Pyrola minor",
293,atcctattttacgaaaaccaacaccgggggtttagaaagcgagaaaaaaaag,3934,Onagraceae,NA,NA,1,tribe,Onagreae,NA,[],NA,1585432,M00763:170:000000000-LHC44:1:1110:14016:6703_CONS,NA,1,AJ620587,623,P22977,forb,,,
481,atcctgttttctcaaaacaaaggttcagaaaacgaaaaaaaaaag,NA,NA,NA,NA,1,order,Lamiales,NA,[],NA,4143,M00763:170:000000000-LHC44:1:1113:12995:20493_CONS,NA,1,AF380877,620,P2769,forb,,,
420,atcctgttttatgaaaacaagcaagggtttcataaactcataaaccgagaataaaagag,3745,Rosaceae,23224,Spiraea,1,species,Spiraea betulifolia,85272,['Spiraea betulifolia'],Spiraea betulifolia,85272,M00763:170:000000000-LHC44:1:1101:25983:4473_CONS,NA,1,YHT011-24_Spiraea_be,617,P12020,forb,Spiraea betulifolia,,
717,ctccttttattttcctttttttcaaaagcaaagatgaagaaagcaagaaaaaaagg,3568,Caryophyllaceae,NA,NA,1,family,Caryophyllaceae,NA,[],NA,3568,M00763:170:000000000-LHC44:1:1105:9965:14210_CONS,NA,1,DQ860626,602,P16415,forb,,,
521,atccttctttctgaaaacaaataaaagttcagaaagttaaaatcaaaaagg,3803,Fabaceae,3898,Trifolium,1,genus,Trifolium,NA,[],NA,3898,M00763:170:000000000-LHC44:1:1101:10644:7321_CONS,NA,1,DQ311724,596,P11587,forb,Trifolium spp2,"Trifolium hybridum, Trifolium pratense, Trifolium repens",
435,atcctgttttccgaaaaaaaagattcagaaagacagactaaaacag,4004,Linaceae,4005,Linum,1,species,Linum lewisii,586382,['Linum lewisii'],Linum lewisii,586382,M00763:170:000000000-LHC44:1:1107:10601:20502_CONS,NA,1,YHT039-24_Linum_lewi,588,P10654,forb,,,
337,atcctgctttcagaaaacaaaaaggggggttcagaaagaaaaaaagg,3440,Ranunculaceae,3445,Ranunculus,1,genus,Ranunculus.3,NA,[],NA,3445,M00763:202:000000000-LNL3T:1:1101:18017:3611_CONS,NA,1,FJ626538,587,P40793,forb,,,
718,ctccttttgtcaaaagcaaaaaagaaagattcagaaagcaacaataaaaaaag,1804623,Chenopodiaceae,3558,Chenopodium,1,genus,Chenopodium,NA,[],NA,3558,M00763:170:000000000-LHC44:1:2109:20790:24183_CONS,NA,1,HE577548,587,P16219,forb,NA,NA,NA
554,atccttttttttttggcaaacaaataaagattccgaaagaaaaagg,4345,Ericaceae,13749,Vaccinium,1,species,Vaccinium ovalifolium,190544,['Vaccinium ovalifolium'],Vaccinium ovalifolium,190544,M00763:170:000000000-LHC44:1:1113:23823:5502_CONS,NA,1,GQ245636,579,P15603,forb,,,
365,atcctggtttacgcgaacaaaccaaccaaagtgtagaaagcgagaaagaagg,3700,Brassicaceae,87301,Draba,1,genus,Draba,NA,[],NA,87301,M00763:170:000000000-LHC44:1:1101:20997:3590_CONS,NA,1,AF146939,575,P17816,forb,,,
512,atccttctttccgaaaacaaaataaaagttcagaaagttaaaataaaaaagg,3803,Fabaceae,3898,Trifolium,1,genus,Trifolium.1,NA,[],NA,3898,M00763:170:000000000-LHC44:1:1101:6065:9423_CONS,NA,1,DQ311726,575,P11589,forb,Trifolium spp1,"Trifolium hybridum, Trifolium pratense, Trifolium repens",
548,atcctttttttttgaaatttttgtttgttttcgaaaaaaagg,4345,Ericaceae,13650,Pyrola,1,genus,Pyrola.2,NA,[],NA,13650,M00763:170:000000000-LHC44:1:1111:10551:21449_CONS,NA,1,FJ378621,568,P8437,forb,Pyrola spp2,"Pyrola asarifolia, Pyrola chlorantha, Pyrola elliptica, Pyrola minor",
323,atcctctttttagaattttagaaaacaaaaatgaaagaaaaaaaaaaggggg,4335,Primulaceae,85163,Androsace,1,species,Androsace septentrionalis,184985,['Androsace septentrionalis'],Androsace septentrionalis,184985,M00763:170:000000000-LHC44:1:2108:2450:14023_CONS,NA,1,AY274959,546,P23360,forb,,,
44,atcacgttttccgaaaacaaacaaaggttcagaaagcgaaaagaaaaaaag,4210,Asteraceae,NA,NA,1,subfamily,Asteroideae.2,NA,[],NA,102804,M00763:170:000000000-LHC44:1:1109:2707:8810_CONS,NA,1,AY952925,543,P1262,forb,,,
266,atccgtgttttgagaggggggttctcgaactagaatacaaaggaaaag,4479,Poaceae,4496,Avena,1,genus,Avena,NA,[],NA,4496,M00763:170:000000000-LHC44:1:1104:23878:8455_CONS,NA,1,AJ854511,541,P3841,grass,,,
587,atcttatttcgtttgaagataa,NA,NA,NA,NA,1,order,Hypnales,NA,[],NA,13798,M00763:170:000000000-LHC44:1:1102:14990:4463_CONS,NA,1,AF161135,541,P105,moss,,,
233,atccgtgttttgagaaaacaagagggttctcgaactagaatacaaaggaaaag,4479,Poaceae,NA,NA,1,tribe,Poeae.1,NA,[],NA,147387,M00763:170:000000000-LHC44:1:1103:17684:16406_CONS,NA,1,EU833869,491,P183,grass,,,
135,atcccgttttatgaaaacaaacaaaggtttcataaagcgagaataaataaag,3745,Rosaceae,23204,Potentilla,1,genus,Potentilla.1,NA,[],NA,23204,M00763:170:000000000-LHC44:1:1109:13666:5001_CONS,NA,1,AJ512245,482,P1254,forb,,,
604,atcttctttttgagaaaaagaaatatataaaatatttcttatttcagataagaaaaaatattatttcttatctaatattaaa,4609,Cyperaceae,13398,Carex,1,subgenus,Carex subgen. Carex.1,NA,[],NA,2759858,M00763:170:000000000-LHC44:1:1119:16049:12967_CONS,NA,1,AB524758,480,P3603,non-grass graminoid,,,
154,atcccgttttccgaaaacaaacaaaggttcagaaagcgaaaataaaaaag,NA,NA,NA,NA,1,order,Asterales.1,NA,[],NA,4209,M00763:170:000000000-LHC44:1:1106:10828:18619_CONS,NA,1,AJ430974,474,P5915,forb,,,
24,atcacgttttccgaaaacaaacaaaggttaagaaagcgaaaagaaaaaaaa,4210,Asteraceae,13328,Achillea,1,genus,Achillea,NA,[],NA,13328,M00763:170:000000000-LHC44:1:2117:13929:23419_CONS,NA,1,AY603265,452,P6783,forb,,,
145,atcccgttttatgaaaacaaacaaggttttcagaaagcgagaataaataaag,3745,Rosaceae,23216,Rubus,1,genus,Rubus.1,NA,[],NA,23216,M00763:170:000000000-LHC44:1:1109:12201:24851_CONS,NA,1,EF055313,452,P1926,deciduous shrub/tree,,,
576,atcttaaaaaaaaaaatggaaaatgagaataaaaaga,4747,Orchidaceae,NA,NA,1,subtribe,Orchidinae.1,NA,[],NA,158366,M00763:170:000000000-LHC44:1:1101:25257:7476_CONS,NA,1,GQ244552,445,P13877,forb,,,
374,atcctggtttacgtgaacaaaccggagtttagaaagcgagaaaaaagg,3700,Brassicaceae,NA,NA,1,family,Brassicaceae.1,NA,[],NA,3700,M00763:170:000000000-LHC44:1:1101:19433:18287_CONS,NA,1,AF183009,439,P12025,forb,,,
267,atccgtgttttgtgaaaacaaggggttctcgaactagaatacaaaggaaaag,4479,Poaceae,1331740,Campeiostachys,1,varietas,Campeiostachys dahurica var. tangutorum,129744,['Campeiostachys dahurica'],Campeiostachys dahurica,214848,M00763:170:000000000-LHC44:1:1109:9636:13307_CONS,NA,1,KF905193,423,P368,grass,,,
177,atccggttcatagagacaatggtttctttcctaggataggaaggg,3318,Pinaceae,NA,NA,1,family,Pinaceae.1,NA,[],NA,3318,M00763:170:000000000-LHC44:1:1101:9389:12153_CONS,NA,1,AB979731,422,P25427,coniferous shrub/tree,,,
166,atccctgttttgagaaaaaagggtttattttctatatttcgaattttctattatatagaaattcaaaaataagaatttaaaaaagg,16362,Potamogetonaceae,246706,Stuckenia,1,genus,Stuckenia,NA,[],NA,246706,M00763:202:000000000-LNL3T:1:1101:11109:6972_CONS,NA,1,DQ786419,408,P40795,forb,,,
551,atccttttttttttcgaaaacaaacaaagatttcgaaagcgaaaaaaaaaaag,4345,Ericaceae,93818,Orthilia,1,species,Orthilia secunda,93819,['Orthilia secunda'],Orthilia secunda,93819,M00763:170:000000000-LHC44:1:1115:23835:19567_CONS,NA,1,FJ357292,396,P3956,forb,,,
640,atctttattttgagaaaaaacaaggtttttaaaaactagaataaaaaag,26339,Iridaceae,58706,Sisyrinchium,1,genus,Sisyrinchium,NA,[],NA,58706,M00763:170:000000000-LHC44:1:1101:20852:4904_CONS,NA,1,GQ984199,389,P6803,forb,,,
661,atctttttttttcgaaaataaagaaagattcagaaagcgaaaaaaaaaag,4345,Ericaceae,13342,Arbutus,1,species,Arbutus unedo,84005,['Arbutus unedo'],Arbutus unedo,84005,M00763:170:000000000-LHC44:1:2103:23529:11496_CONS,NA,1,KU194983,384,P4015,deciduous shrub/tree,,,
601,atcttctttttgagaaaaagaaatatataaaaatatataaaatatttcttatttcagataagaaagaataatatttcttatctaatattaaa,4609,Cyperaceae,13398,Carex,1,species,Carex diandra,140803,['Carex diandra'],Carex diandra,140803,M00763:170:000000000-LHC44:1:1106:9878:11319_CONS,NA,1,AY757473,357,P268,non-grass graminoid,Carex spp7,,
677,attctacctag,NA,NA,NA,NA,1,clade,Euphyllophyta,NA,[],NA,78536,M00763:170:000000000-LHC44:1:1110:25073:22941_CONS,NA,1,AY226120,356,P8720,forb,NA,,
535,atccttttttcgcaaacaaacaaagattccgaaagctaaaaaaagg,4345,Ericaceae,4346,Rhododendron,1,genus,Rhododendron.1,NA,[],NA,4346,M00763:202:000000000-LNL3T:1:1101:13476:8053_CONS,NA,1,AF394252,353,P39931,forb,Rhododendron spp1,,
285,atcctattttacgaaaaccaacaccgggggggttagaaagcgagaaaaaaaaag,3934,Onagraceae,22658,Gayophytum,1,genus,Gayophytum,NA,[],NA,22658,M00763:170:000000000-LHC44:1:1102:24071:21806_CONS,NA,1,AY264527,347,P9853,forb,,,
140,atcccgttttatgaaaacaaacaagggtttcagaaagtgagaataaataaag,3745,Rosaceae,23216,Rubus,1,species,Rubus amabilis,616954,['Rubus amabilis'],Rubus amabilis,616954,M00763:170:000000000-LHC44:1:2110:10888:13171_CONS,NA,1,MN652918,342,P3288,deciduous shrub/tree,,,
40,atcacgttttccgaaaacaaacaaaggttcagaaagcgaaaagaaaaaaaaa,4210,Asteraceae,NA,NA,1,family,Asteraceae.2,NA,[],NA,4210,M00763:170:000000000-LHC44:1:1104:25832:9092_CONS,NA,1,AF098856,334,P1133,forb,NA,NA,NA
36,atcacgttttccgaaaacaaacaaaggttcagaaagcgaaaaaaaag,4210,Asteraceae,NA,NA,1,subfamily,Asteroideae.7,NA,[],NA,102804,M00763:170:000000000-LHC44:1:1108:9352:8115_CONS,NA,1,AF141755,333,P2723,forb,,,
546,atccttttttttggcaaacaaataaagattccgaaagaaaaagg,4345,Ericaceae,NA,NA,1,tribe,Vaccinieae.1,NA,[],NA,217062,M00763:170:000000000-LHC44:1:1103:16533:19460_CONS,NA,1,AF271698,332,P15523,forb,,,
666,atcttttttttttgaaatttttgtttgttttcgaaaaaaagg,4345,Ericaceae,13650,Pyrola,1,species,Pyrola asarifolia,93823,['Pyrola asarifolia'],Pyrola asarifolia,93823,M00763:170:000000000-LHC44:1:1102:18805:6032_CONS,NA,1,KR005242,327,P16718,forb,,,
556,atcctttttttttttggcaaacaaataaagattccgaaagaaaaagg,4345,Ericaceae,NA,NA,1,tribe,Vaccinieae.2,NA,[],NA,217062,M00763:170:000000000-LHC44:1:1103:3868:18617_CONS,NA,1,AF271707,315,P19101,forb,,,
114,atccagttttccgaaaacaagggtttagatagaaagcaaaaatcaaaaag,4200,Caprifoliaceae,49606,Lonicera,1,genus,Lonicera,NA,[],NA,49606,M00763:170:000000000-LHC44:1:1101:13932:7124_CONS,NA,1,GU168707,311,P24880,forb,,,
449,atcctgttttccgaaaacaaacaaagtaaagacagaataaaaaaaaagggggg,3977,Euphorbiaceae,3980,Hevea,1,genus,Hevea,NA,[],NA,3980,M00763:170:000000000-LHC44:1:1101:18997:6739_CONS,NA,1,HQ285842,308,P14110,deciduous shrub/tree,,,
307,atcctatttttcgaaaaagcaaaaagaaaggcttagaaagaaataaag,21472,Gentianaceae,21496,Gentiana,1,genus,Gentiana,NA,[],NA,21496,M00763:170:000000000-LHC44:1:1101:7098:10597_CONS,NA,1,AB453059,306,P21513,forb,,,
343,atcctgctttccgaaaacaaaaaaataaaagtaaaagttcagaaagttaaaattaaaaaaaaaag,3803,Fabaceae,20400,Astragalus,1,genus,Astragalus.4,NA,[],NA,20400,M00763:170:000000000-LHC44:1:1101:7994:16793_CONS,NA,1,HM590245,304,P15833,forb,,,
321,atcctctttttagaaaacaaagattaaaggaaaataaaataaaaaaggggcg,4335,Primulaceae,85163,Androsace,1,genus,Androsace,NA,[],NA,85163,M00763:170:000000000-LHC44:1:1118:27119:12733_CONS,NA,1,AY274947,288,P582,forb,,,
426,atcctgttttcagaaaacaagggttcagaaagcgagaaccaaaaaaaggatag,3433,Lauraceae,3434,Persea,1,genus,Persea,NA,[],NA,3434,M00763:170:000000000-LHC44:1:1103:24930:18042_CONS,NA,1,AY841669,283,P12197,deciduous shrub/tree,,,
681,attttatcttgaaaatga,NA,NA,NA,NA,1,clade,Bryophytina,NA,[],NA,404260,M00763:170:000000000-LHC44:1:1102:10352:16243_CONS,NA,1,AF129589,282,P30024,moss,,,
654,atctttcattttgagaaaatgagagatataaaatatctcttatttattataagaaataaaatatttcttatctaatattaaa,4609,Cyperaceae,46326,Eriophorum,1,genus,Eriophorum.1,NA,[],NA,46326,M00763:170:000000000-LHC44:1:1101:8419:10019_CONS,NA,1,AF164954,267,P36316,non-grass graminoid,,,
729,tcccgttttatgaaaacaaacaagggtttcataaagcgagaataaataaag,3745,Rosaceae,23204,Potentilla,1,genus,Potentilla.2,NA,[],NA,23204,M00763:170:000000000-LHC44:1:1104:1758:14229_CONS,NA,1,AB894178,266,P2267,forb,,,
692,ctcctgctttacaaaaaggaagaataaaaaag,3615,Polygonaceae,NA,NA,1,subfamily,Polygonoideae.1,NA,[],NA,1110380,M00763:170:000000000-LHC44:1:2110:7360:5598_CONS,NA,1,EU024790,264,P9775,forb,,,
103,atcacgttttctgaaaacaaacaaaggttcagaaagcgaaaataaaaaag,4210,Asteraceae,NA,NA,1,family,Asteraceae.15,NA,[],NA,4210,M00763:170:000000000-LHC44:1:2105:10130:15542_CONS,NA,1,AB355594,263,P11862,forb,,,
181,atccggttcatggagacaatagtttcttcctttattctcctaagataggaaggg,3318,Pinaceae,3328,Picea,1,species,Picea neoveitchii,369397,['Picea neoveitchii'],Picea neoveitchii,369397,M00763:170:000000000-LHC44:1:1117:16138:13598_CONS,NA,1,JX012065,260,P18537,NA,NA,NA,NA
55,atcacgttttccgaaaacaaacaaaggttcagaaagcgaaaataaaaaaag,4210,Asteraceae,NA,NA,1,family,Asteraceae.5,NA,[],NA,4210,M00763:170:000000000-LHC44:1:1101:15436:14901_CONS,NA,1,AB817362,259,P1797,forb,,,
305,atcctattttctgaaaacaaataaaggttcagaaaaaaag,4070,Solanaceae,4071,Capsicum,1,genus,Capsicum,NA,[],NA,4071,M00763:170:000000000-LHC44:1:1101:10865:8737_CONS,NA,1,AB817685,253,P33756,forb,,,
646,atctttattttgataaaatttgtttttatagaaaaactcgaatcaaaaaa,14101,Juncaceae,13578,Juncus,1,species,Juncus drummondii,253147,['Juncus drummondii'],Juncus drummondii,253147,M00763:170:000000000-LHC44:1:1103:3107:18504_CONS,NA,1,AY437975,249,P26186,non-grass graminoid,,,
582,atcttattgtctattaaaaataa,37411,Bryaceae,1966359,Gemmabryum,1,genus,Gemmabryum,NA,[],NA,1966359,M00763:170:000000000-LHC44:1:2113:9292:8020_CONS,NA,1,AY082596,248,P1656,moss,,,
650,atctttattttttgaaaaacaagggtttaaaaaagagaataaaaaag,4668,Amaryllidaceae,4678,Allium,1,species,Allium schoenoprasum,74900,['Allium schoenoprasum'],Allium schoenoprasum,74900,M00763:170:000000000-LHC44:1:1105:23140:6417_CONS,NA,1,YHT020-24_Allium_sch,244,P22156,forb,,,
171,atcccttttttgaaaaacaagtggttctcaaactagaacccaaaggaaaag,NA,NA,NA,NA,1,clade,Mesangiospermae.4,NA,[],NA,1437183,M00763:170:000000000-LHC44:1:1101:24845:7340_CONS,NA,1,AB571314,243,P8336,NA,Mesangiospermae Spp2,,
415,atcctgttttatgaaaaaaaag,3792,Saxifragaceae,NA,NA,1,family,Saxifragaceae.1,NA,[],NA,3792,M00763:170:000000000-LHC44:1:1110:28978:14215_CONS,NA,1,DQ860622,241,P18052,forb,,,
564,atctcgatttctagagaaagg,3367,Cupressaceae,3315,Thuja,1,genus,Thuja,NA,[],NA,3315,M00763:170:000000000-LHC44:1:1101:27398:11656_CONS,NA,1,AB030063,233,P12498,deciduous shrub/tree,,,
169,atcccttttttgaaaaaacaagtggttctcaaactagaacccaaaggaaaag,NA,NA,NA,NA,1,clade,Spermatophyta.1,NA,[],NA,58024,M00763:170:000000000-LHC44:1:1111:6074:4565_CONS,NA,1,AB817475,231,P18750,NA,,,
393,atcctgttttaagaaagcaaaacacaagggttcagaaaaagcgaataaaaaaag,3792,Saxifragaceae,3798,Saxifraga,1,genus,Saxifraga.1,NA,[],NA,3798,M00763:170:000000000-LHC44:1:1102:4664:18880_CONS,NA,1,JX131568,231,P1080,forb,,,
592,atcttatttttatttaaaaataa,67406,Meesiaceae,41853,Leptobryum,1,species,Leptobryum pyriforme,41854,['Leptobryum pyriforme'],Leptobryum pyriforme,41854,M00763:170:000000000-LHC44:1:1108:21535:2625_CONS,NA,1,AB795615,231,P19565,moss,,,
725,ctccttttttcaaaagcaagaataaaaaaaaag,NA,NA,NA,NA,1,superkingdom,Eukaryota,NA,[],NA,2759,M00763:170:000000000-LHC44:1:1102:8270:7498_CONS,NA,1,AB935637,231,P5203,NA,,,
342,atcctgctttccaaaaacaaacaaataaaagttcagaaagtcaaaataaaaaag,3803,Fabaceae,47034,Hedysarum,1,species,Hedysarum bojnordense,2250671,['Hedysarum bojnordense'],Hedysarum bojnordense,2250671,M00763:170:000000000-LHC44:1:1101:16333:2229_CONS,NA,1,LC404287,228,P14575,forb,,,
441,atcctgttttccgaaaacaaacaaaggttcagaaaaaaag,NA,NA,NA,NA,1,clade,Mesangiospermae.7,NA,[],NA,1437183,M00763:202:000000000-LNL3T:1:1101:17168:4858_CONS,NA,1,AB237912,221,P39513,NA,NA,NA,NA
301,atcctattttccaaaaacaaacaaaggcccagaaggtgaaaaaag,4037,Apiaceae,40917,Heracleum,1,species,Heracleum maximum,40918,['Heracleum maximum'],Heracleum maximum,40918,M00763:170:000000000-LHC44:1:1116:10136:17230_CONS,NA,1,YHT043-24_Heracleum_,219,P1419,forb,Heracleum maximum,,Cow parsnip
591,atcttatttgatttaaaaataa,52974,Bartramiaceae,NA,NA,1,family,Bartramiaceae,NA,[],NA,52974,M00763:170:000000000-LHC44:1:1102:2212:9943_CONS,NA,1,AF023758,219,P35378,moss,,,
283,atcctattttacgaaaacaaataagggttcagaagaaagcgagaataaaaaaag,3503,Fagaceae,NA,NA,1,family,Fagaceae.1,NA,[],NA,3503,M00763:170:000000000-LHC44:1:1117:20811:8373_CONS,NA,1,AB063525,212,P20221,deciduous shrub/tree,,,
299,atcctattttatgagaacaaaaacaaacaaggggtcagaacgggagaaagag,4011,Anacardiaceae,NA,NA,1,family,Anacardiaceae,NA,[],NA,4011,M00763:89:000000000-KMT9H:1:1102:21114:20260_CONS,NA,1,AB365015,211,P36765,deciduous shrub/tree,,,
243,atccgtgttttgagaaaacaagggggttctcgaatcgaactagaatacaaaggaaaag,4479,Poaceae,NA,NA,1,clade,Agrostidodinae,NA,[],NA,2948569,M00763:170:000000000-LHC44:1:1119:25648:18913_CONS,NA,1,EU119356,210,P605,grass,,,
704,ctccttaaatcgtctcctaaaaaaaacggattcaaaaagcaagaataaaaaag,3568,Caryophyllaceae,13273,Stellaria,1,species,Stellaria borealis,669842,['Stellaria borealis'],Stellaria borealis,669842,M00763:170:000000000-LHC44:1:1105:13664:8590_CONS,NA,1,GQ245562,208,P236,forb,,,
139,atcccgttttatgaaaacaaacaagggtttcagaaagcgagactaaataaag,3745,Rosaceae,3746,Fragaria,1,species,Fragaria viridis,64942,['Fragaria viridis'],Fragaria viridis,64942,M00763:170:000000000-LHC44:1:2108:20126:2657_CONS,NA,1,AM117081,200,P3264,forb,,,
259,atccgtgttttgagaaaactagggggttctcgaactagaatacaaaggaaaag,4479,Poaceae,4544,Poa,1,genus,Poa,NA,[],NA,4544,M00763:170:000000000-LHC44:1:2112:6118:9768_CONS,NA,1,DQ354018,199,P841,grass,,,
383,atcctgtcttctcaaaataaaggttcataaagcgaaaaggg,156152,Plantaginaceae,26867,Plantago,1,genus,Plantago,NA,[],NA,26867,M00763:170:000000000-LHC44:1:1104:22215:22301_CONS,NA,1,AY101915,196,P2691,forb,,,
715,ctcctttatgttttgtttctttttttttttagcaaag,3568,Caryophyllaceae,NA,NA,1,family,Caryophyllaceae.3,NA,[],NA,3568,M00763:170:000000000-LHC44:1:1105:21737:11925_CONS,NA,1,GQ244597,196,P21666,forb,,,
543,atcctttttttcgcaaacaaacaaagattccgaaagctaaaaaaaag,4345,Ericaceae,NA,NA,1,subfamily,Ericoideae,NA,[],NA,217035,M00763:170:000000000-LHC44:1:1103:5957:4217_CONS,NA,1,AB210053,194,P15517,NA,,,
372,atcctggtttacgcgaaccaaccagagtgtagaaagcgagaaagaagg,3700,Brassicaceae,NA,NA,1,tribe,Arabideae.1,NA,[],NA,981070,M00763:170:000000000-LHC44:1:1108:24536:4069_CONS,NA,1,AF146893,190,P30504,forb,,,
144,atcccgttttatgaaaacaaacaagggtttcataaggcgagaataaataaag,3745,Rosaceae,23204,Potentilla,1,species,Potentilla ancistrifolia,714487,['Potentilla ancistrifolia'],Potentilla ancistrifolia,714487,M00763:170:000000000-LHC44:1:2110:22249:8441_CONS,NA,1,AJ512243,186,P1617,forb,,,
583,atcttatttccttttgtttgaggataa,NA,NA,NA,NA,1,order,Hypnales.2,NA,[],NA,13798,M00763:170:000000000-LHC44:1:1106:23434:4799_CONS,NA,1,AF098524,182,P5233,moss,,,
239,atccgtgttttgagaaaacaagggggttctcaaactagaatacaaaggaaaag,4479,Poaceae,NA,NA,1,tribe,Poeae.3,NA,[],NA,147387,M00763:170:000000000-LHC44:1:2108:27350:7792_CONS,NA,1,MZ965275,181,P765,grass,Poaceae spp9,,
76,atcacgttttccgaaaacaaacaacggttcagaaagcgaaaatcaaaaag,NA,NA,NA,NA,1,clade,Mesangiospermae.6,NA,[],NA,1437183,M00763:170:000000000-LHC44:1:2116:27924:14269_CONS,NA,1,AH007244,178,P15474,NA,,,
52,atcacgttttccgaaaacaaacaaaggttcagaaagcgaaaataaaaaaaa,4210,Asteraceae,NA,NA,1,family,Asteraceae.4,NA,[],NA,4210,M00763:170:000000000-LHC44:1:2116:6103:5655_CONS,NA,1,AY952892,176,P1712,forb,,,
368,atcctggtttacgcgaacaaaccggagtttagaaagcgacaaaaaggg,3700,Brassicaceae,98028,Physaria,1,species,Physaria arctica,669743,['Physaria arctica'],Physaria arctica,669743,M00763:170:000000000-LHC44:1:1101:16707:18187_CONS,NA,1,GQ245072,173,P23551,forb,,,
250,atccgtgttttgagaaaacaaggtggttctcgaactagaatacaaaggaaaag,4479,Poaceae,281065,Aira,1,species,Aira praecox,281066,['Aira praecox'],Aira praecox,281066,M00763:170:000000000-LHC44:1:1114:8678:24024_CONS,NA,1,EF137588,167,P1390,grass,,,
284,atcctattttacgaaaaccaacaccgagggtttagaaagcgagaaaaaaaag,3934,Onagraceae,238243,Chamaenerion,1,species,Chamaenerion angustifolium.1,13055,['Chamaenerion angustifolium'],Chamaenerion angustifolium,13055,M00763:170:000000000-LHC44:1:1103:28095:14605_CONS,NA,1,OX328274,167,P24641,forb,,,
447,atcctgttttccgaaaacaaacaaaggttcagaaagctaaaataaaaaaaaaag,42219,Cornaceae,4281,Cornus,1,species,Cornus canadensis,4282,['Cornus canadensis'],Cornus canadensis,4282,M00763:170:000000000-LHC44:1:1110:15669:21966_CONS,NA,1,YHT048-24_Cornus_can,167,P17147,forb,Cornus canadensis,,
660,atcttttatatttttaataa,3216,Funariaceae,29582,Funaria,1,genus,Funaria,NA,[],NA,29582,M00763:170:000000000-LHC44:1:1107:8470:19184_CONS,NA,1,AF023716,165,P16779,moss,NA,NA,NA
497,atcctgtttttgttttacgagaataaaacaaagcaaacaagggttcagaaagcgagaaaagg,23672,Sapindaceae,4022,Acer,1,genus,Acer,NA,[],NA,4022,M00763:170:000000000-LHC44:1:1101:23854:6791_CONS,NA,1,AF401167,164,P8335,deciduous shrub/tree,Acer spp1,"Acer glabrum, Acer negundo",
13,atcacgttttccgaaaacaaaaaaaggttcagaaagcgaaaagaaaaaaaa,4210,Asteraceae,NA,NA,1,subtribe,Artemisiinae,NA,[],NA,886714,M00763:170:000000000-LHC44:1:1101:4800:8516_CONS,NA,1,MW306655,155,P1018,forb,,,
628,atcttcttttttagaaaaagaaatatattaaatatttcttatttcagataagaaataatgttttttcttatctaatattaaa,4609,Cyperaceae,13398,Carex,1,species,Carex pensylvanica,69862,['Carex pensylvanica'],Carex pensylvanica,69862,M00763:170:000000000-LHC44:1:1107:14283:6565_CONS,NA,1,HM590262,155,P285,non-grass graminoid,,,
218,atccgtgttttgagaaaaaaaaaggggttctcgaactagaatacaaaggaaaag,4479,Poaceae,4501,Bromus,1,genus,Bromus.8,NA,[],NA,4501,M00763:170:000000000-LHC44:1:2110:11034:19099_CONS,NA,1,AY367967,150,P5775,grass,,,
633,atcttcttttttttttcaaaacaagagttcagaaaacgaaaaaag,91896,Orobanchaceae,43174,Pedicularis,1,species,Pedicularis flammea,669766,['Pedicularis flammea'],Pedicularis flammea,669766,M00763:170:000000000-LHC44:1:1110:13522:21210_CONS,NA,1,GQ245221,150,P17496,forb,,,
701,ctccttaaatcgtctcctaaaaaaaaaacggattcaaaaagcaagaataaaaaag,3568,Caryophyllaceae,13273,Stellaria,1,genus,Stellaria.1,NA,[],NA,13273,M00763:170:000000000-LHC44:1:1118:14192:16010_CONS,NA,1,GQ245567,147,P585,forb,,,
577,atcttaaaaaaaaaatggaaaatgagaataaaaaga,4747,Orchidaceae,NA,NA,1,subtribe,Orchidinae,NA,[],NA,158366,M00763:170:000000000-LHC44:1:1101:23014:3158_CONS,NA,1,EU884280,145,P13876,forb,,,
480,atcctgttttctcaaaacaaaggttcagaaaacgaaaaaaaaaaag,NA,NA,NA,NA,1,order,Lamiales.4,NA,[],NA,4143,M00763:170:000000000-LHC44:1:1106:9051:12643_CONS,NA,1,AJ430921,142,P10379,forb,,,
207,atccgtgttttgagaaaaaaaaaaagggggggttctcgaactagaatacaaaggaaaag,4479,Poaceae,4501,Bromus,1,species,Bromus lanatus,254135,['Bromus lanatus'],Bromus lanatus,254135,M00763:170:000000000-LHC44:1:1103:7229:21450_CONS,NA,1,AY367973,135,P193,grass,,,
324,atcctctttttagaattttagaaaacaaaaatgaaagaaaaaaaaaggggg,4335,Primulaceae,85163,Androsace,1,species,Androsace septentrionalis.1,184985,['Androsace septentrionalis'],Androsace septentrionalis,184985,M00763:170:000000000-LHC44:1:1101:3638:9779_CONS,NA,1,GQ244557,135,P31023,forb,,,
297,atcctattttacgaaaagcaacaccgggggtttagaaagcgagaaaaaaag,3934,Onagraceae,3939,Oenothera,1,species,Oenothera nuttallii,337558,['Oenothera nuttallii'],Oenothera nuttallii,337558,M00763:170:000000000-LHC44:1:1110:18396:11836_CONS,NA,1,HM590321,128,P30976,forb,,,
711,ctccttctttccaaaaggaagaaaaag,3615,Polygonaceae,46786,Polygonum,1,genus,Polygonum,NA,[],NA,46786,M00763:170:000000000-LHC44:1:1101:22712:4364_CONS,NA,1,EF653787,128,P25426,forb,,,
91,atcacgttttccgaaaacaagcaaaggttcagaaagcgaaaataaaaag,4210,Asteraceae,41487,Baccharis,1,subgenus,Baccharis subgen. Molina,NA,[],NA,2707873,M00763:170:000000000-LHC44:1:1119:5004:20395_CONS,NA,1,MN268375,125,P1468,forb,,,
371,atcctggtttacgcgaacaaatcggagtttagaaagcgagaaaaaagg,3700,Brassicaceae,65352,Erysimum,1,genus,Erysimum,NA,[],NA,65352,M00763:170:000000000-LHC44:1:1103:15262:17613_CONS,NA,1,AF183023,125,P35987,forb,,,
589,atcttatttcgtttggaaataa,NA,NA,NA,NA,1,order,Hypnales.3,NA,[],NA,13798,M00763:170:000000000-LHC44:1:1101:18881:13480_CONS,NA,1,AF152384,124,P16699,moss,,,
474,atcctgttttctaaaaacaaataagggttcataaagcgagaatcaaaaag,16714,Juglandaceae,NA,NA,1,family,Juglandaceae,NA,[],NA,16714,M00763:202:000000000-LNL3T:1:1101:7852:8567_CONS,NA,1,AF200936,123,P39515,deciduous shrub/tree,,,
644,atctttattttgagataattggtttttatataaaaactaaaatcaaaaaa,14101,Juncaceae,NA,NA,1,family,Juncaceae,NA,[],NA,14101,M00763:170:000000000-LHC44:1:1102:27594:8442_CONS,NA,1,AM085736,123,P22511,non-grass graminoid,,,
71,atcacgttttccgaaaacaaacaaaggttcagaaggcgaaaataaaaaag,4210,Asteraceae,NA,NA,1,clade,Heliantheae alliance,NA,[],NA,911341,M00763:170:000000000-LHC44:1:1110:21377:10781_CONS,NA,1,AY216056,121,P6883,forb,,,
412,atcctgttttatgaaaaaaaaaaag,3792,Saxifragaceae,759618,Micranthes,1,genus,Micranthes.1,NA,[],NA,759618,M00763:170:000000000-LHC44:1:1115:12958:7323_CONS,NA,1,GQ245511,121,P18767,forb,,,
520,atccttctttctgaaaacaaataaaagttcagaaagtgaaaatcaaaaaag,3803,Fabaceae,3887,Pisum,1,genus,Pisum,NA,[],NA,3887,M00763:170:000000000-LHC44:1:1102:5088:6160_CONS,NA,1,AB546802,117,P22925,forb,,,
242,atccgtgttttgagaaaacaagggggttctcgaactagaatacaaaggaaaat,4479,Poaceae,4496,Avena,1,genus,Avena.1,NA,[],NA,4496,M00763:170:000000000-LHC44:1:2112:23856:24001_CONS,NA,1,OU342341,114,P4424,grass,,,
575,atcttaaaaaaaaaaaatggaaaatgagaataaaaaga,4747,Orchidaceae,NA,NA,1,tribe,Orchideae,NA,[],NA,158345,M00763:170:000000000-LHC44:1:1101:3305:9169_CONS,NA,1,AJ409401,114,P13878,forb,,,
708,ctccttaattgtctcctaaaaaaaacggattcaaaaagcaagaataaaaaag,3568,Caryophyllaceae,NA,NA,1,tribe,Alsineae.1,NA,[],NA,1141488,M00763:170:000000000-LHC44:1:1118:26103:9228_CONS,NA,1,AY521299,114,P577,forb,,,
309,atcctatttttcgaaaacaaacaaaaaaaacaaacaaaggttcataaagacagaataagaatacaaaag,3688,Salicaceae,3689,Populus,1,species,Populus angustifolia,351344,['Populus angustifolia'],Populus angustifolia,351344,M00763:170:000000000-LHC44:1:1116:24378:21442_CONS,NA,1,KX454608,113,P5608,deciduous shrub/tree,,,
730,tccgtgttttgagaaaacaaggaggttctcgaactagaatacaaaggaaaag,4479,Poaceae,4605,Festuca,1,species,Festuca pratensis,4608,['Festuca pratensis'],Festuca pratensis,4608,M00763:170:000000000-LHC44:1:2118:15802:9647_CONS,NA,1,AY177340,109,P967,grass,,,
370,atcctggtttacgcgaacaaacctgcgtttaaaaagcgagaaaagagg,3700,Brassicaceae,50451,Arabis,1,genus,Arabis,NA,[],NA,50451,M00763:170:000000000-LHC44:1:1111:7217:15474_CONS,NA,1,AY134333,108,P35121,forb,,,
498,atcctgttttttccaaacaaagattcagaaaacgaaaaaaag,91896,Orobanchaceae,46053,Euphrasia,1,genus,Euphrasia,NA,[],NA,46053,M00763:170:000000000-LHC44:1:1101:12940:17646_CONS,NA,1,AY831432,108,P18005,forb,,,
8,atcacgttttccaaaaacaaacaaaggttcagaaagcgaaaataaaaaag,4210,Asteraceae,58643,Hypochaeris,1,species,Hypochaeris maculata,58650,['Hypochaeris maculata'],Hypochaeris maculata,58650,M00763:170:000000000-LHC44:1:1106:8455:16446_CONS,NA,1,AF528374,106,P17853,forb,,,
448,atcctgttttccgaaaacaaacaaaggttcagaaagctaaaataaaaaaaaag,42219,Cornaceae,4281,Cornus,1,genus,Cornus,NA,[],NA,4281,M00763:170:000000000-LHC44:1:1101:5872:4860_CONS,NA,1,GQ244822,102,P24875,forb,,,
326,atcctctttttcgaaaacaaaggttaaaggaaaatcaaaaaagggggg,4335,Primulaceae,49647,Primula,1,genus,Primula,NA,[],NA,49647,M00763:170:000000000-LHC44:1:1114:8724:5421_CONS,NA,1,AF402419,101,P13741,forb,,,
682,attttattgtatattaaaaataa,NA,NA,NA,NA,1,superorder,Bryanae,NA,[],NA,404297,M00763:170:000000000-LHC44:1:1103:14714:5398_CONS,NA,1,AF215900,100,P16728,moss,,,
618,atcttctttttgagaaaaagaaatatataaaatattttttatttcagataagaaatattttatttcttatctaatattaaa,4609,Cyperaceae,13398,Carex,1,species,Carex filifolia,69855,['Carex filifolia'],Carex filifolia,69855,M00763:170:000000000-LHC44:1:1103:11228:15965_CONS,NA,1,HM590260,98,P4506,non-grass graminoid,,,
732,tggctgtctctta,4200,Caprifoliaceae,49606,Lonicera,1,species,Lonicera fragrantissima,486666,['Lonicera fragrantissima'],Lonicera fragrantissima,486666,M00763:170:000000000-LHC44:1:1101:5656:6475_CONS,NA,1,MG738669,98,P34672,deciduous shrub/tree,,,
196,atccggttttctgacaataacaaaaggttcagaaagcgaaaaag,4381,Campanulaceae,NA,NA,1,family,Campanulaceae.3,NA,[],NA,4381,M00763:170:000000000-LHC44:1:2103:10543:16935_CONS,NA,1,FJ426574,97,P16545,forb,,,
609,atcttctttttgagaaaaagaaatatataaaatatttcttatttcagataagaaagaatattatttcttatctaatattaaa,4609,Cyperaceae,13398,Carex,1,subgenus,Carex subgen. Vignea.1,NA,[],NA,2763534,M00763:170:000000000-LHC44:1:1117:23286:4245_CONS,NA,1,AB725754,97,P15102,non-grass graminoid,NA,NA,NA
197,atccggttttctgacaataacaaaaggttcagaaagcgaaaataaaaaag,4381,Campanulaceae,NA,NA,1,family,Campanulaceae.1,NA,[],NA,4381,M00763:170:000000000-LHC44:1:2117:12442:13440_CONS,NA,1,FJ426570,96,P943,forb,,,
106,atcacgtttttcgaaaacaaacaaaggttcagaaagcgaaaagaaaaaaaa,4210,Asteraceae,217473,Stilpnolepis,1,species,Stilpnolepis centiflora,217474,['Stilpnolepis centiflora'],Stilpnolepis centiflora,217474,M00763:170:000000000-LHC44:1:2108:15895:25131_CONS,NA,1,MT830619,94,P2870,forb,,,
141,atcccgttttatgaaaacaaacaagggtttcataaagcaagaataaataaag,3745,Rosaceae,23204,Potentilla,1,genus,Potentilla,NA,[],NA,23204,M00763:170:000000000-LHC44:1:1101:20893:7164_CONS,NA,1,EU326084,94,P1016,forb,,,
366,atcctggtttacgcgaacaaaccggagtttacaaagcgagaaaaaagg,3700,Brassicaceae,NA,NA,1,family,Brassicaceae.7,NA,[],NA,3700,M00763:170:000000000-LHC44:1:1101:12874:4828_CONS,NA,1,AF055264,93,P33755,forb,,,
500,atccttaagttaaaatcaaaaaag,3803,Fabaceae,3904,Vicia,1,genus,Vicia.1,NA,[],NA,3904,M00763:170:000000000-LHC44:1:1101:9884:6396_CONS,NA,1,AY839406,93,P24877,forb,,,
637,atcttgtattattcagatgaatttcgggcgatgaggcga,1203520,Athyriaceae,32109,Athyrium,1,genus,Athyrium,NA,[],NA,32109,M00763:89:000000000-KMT9H:1:1101:20163:3780_CONS,NA,1,AF515231,93,P39273,forb,,,
204,atccgtgttttaagaaaacaagggggttctcgaactagaatacaaaggaaaag,4479,Poaceae,4496,Avena,1,species,Avena macrostachya,106814,['Avena macrostachya'],Avena macrostachya,106814,M00763:170:000000000-LHC44:1:2112:25667:16856_CONS,NA,1,EU276601,91,P1645,grass,,,
443,atcctgttttccgaaaacaaacaaaggttcagaaagcgaaaataaaaaag,NA,NA,NA,NA,1,clade,Pentapetalae.3,NA,[],NA,1437201,M00763:170:000000000-LHC44:1:2107:24296:6394_CONS,NA,1,AB817421,89,P18596,NA,,,
123,atccatgttttgagaaaaaaaaagggggggttctcgaactagaatacaaaggaaaag,4479,Poaceae,4501,Bromus,1,genus,Bromus.5,NA,[],NA,4501,M00763:170:000000000-LHC44:1:1106:6650:20321_CONS,NA,1,AB732928,88,P279,grass,,,
557,atccttttttttttttgaaatttttgtttgttttcgaaaaaaagg,4345,Ericaceae,13650,Pyrola,1,species,Pyrola tschanbaischanica,642539,['Pyrola tschanbaischanica'],Pyrola tschanbaischanica,642539,M00763:170:000000000-LHC44:1:1118:20278:6453_CONS,NA,1,FJ378604,88,P8472,forb,,,
652,atctttattttttgaaaaacaaggttttaaaaaatagaataaaaagg,4668,Amaryllidaceae,4678,Allium,1,genus,Allium,NA,[],NA,4678,M00763:170:000000000-LHC44:1:1102:8295:13849_CONS,NA,1,EU626261,87,P3424,forb,,,
505,atccttattttcgaaaacaaacaaagattcggaaagcaaaaataagaaaaaaaaaagggg,24584,Polemoniaceae,13639,Polemonium,1,genus,Polemonium,NA,[],NA,13639,M00763:170:000000000-LHC44:1:1107:9254:8995_CONS,NA,1,EU348476,86,P19561,forb,,,
504,atccttatttcagaaaacaaaagggggttcagaaagcaagaataaaaaag,3440,Ranunculaceae,22868,Anemone,1,genus,Anemone.1,NA,[],NA,22868,M00763:170:000000000-LHC44:1:1108:13937:5159_CONS,NA,1,EF139335,85,P9013,forb,,,
94,atcacgttttccgaaaacaagcaaaggttcagaaagcgaaaatcaaaag,4210,Asteraceae,NA,NA,1,subfamily,Asteroideae.6,NA,[],NA,102804,M00763:170:000000000-LHC44:1:2112:6605:7186_CONS,NA,1,AF141701,81,P2572,forb,,,
132,atcccgttttatgaaaacaaacaaaggttcagaaagcgaaaatcaaaaag,4381,Campanulaceae,4382,Lobelia,1,species,Lobelia galpinii,2041126,['Lobelia galpinii'],Lobelia galpinii,2041126,M00763:170:000000000-LHC44:1:1110:22073:25139_CONS,NA,1,MF770603,80,P8427,forb,,,
159,atcccgttttccgaaagtaaagaaagcgagaataaaaaaag,3803,Fabaceae,48136,Adesmia,1,genus,Adesmia,NA,[],NA,48136,M00763:170:000000000-LHC44:1:1112:15033:14465_CONS,NA,1,MH115329,80,P16146,forb,NA,NA,NA
26,atcacgttttccgaaaacaaacaaaggttcagaaagagaaaataaaaaag,4210,Asteraceae,NA,NA,1,family,Asteraceae.9,NA,[],NA,4210,M00763:170:000000000-LHC44:1:2118:6687:22673_CONS,NA,1,AF528388,79,P4891,forb,,,
511,atccttctttccgaaaacaaaataaaagttcagaaagtgaaaatcaaaaagg,3803,Fabaceae,3898,Trifolium,1,genus,Trifolium.3,NA,[],NA,3898,M00763:170:000000000-LHC44:1:1101:9907:24587_CONS,NA,1,DQ311718,79,P18425,forb,Trifolium spp3,"Trifolium hybridum, Trifolium pratense, Trifolium repens",
605,atcttctttttgagaaaaagaaatatataaaatatttcttatttcagataagaaagaaataatatttcttatctaatattaaa,4609,Cyperaceae,13398,Carex,1,species,Carex maritima,240694,['Carex maritima'],Carex maritima,240694,M00763:170:000000000-LHC44:1:1110:11480:12979_CONS,NA,1,AY757493,79,P17139,non-grass graminoid,,,
88,atcacgttttccgaaaacaagcaaaggttcagaaagcgaaaagaaaaaag,4210,Asteraceae,1226249,Sabazia,1,species,Sabazia sarmentosa,1226251,['Sabazia sarmentosa'],Sabazia sarmentosa,1226251,M00763:170:000000000-LHC44:1:2118:15747:20922_CONS,NA,1,KJ482703,78,P4890,forb,,,
697,ctcctgctttccaaactttccaaaagggagaataaataaag,3615,Polygonaceae,NA,NA,1,tribe,Eriogoneae.1,NA,[],NA,1861780,M00763:170:000000000-LHC44:1:2112:25248:11545_CONS,NA,1,JQ352614,76,P16631,forb,NA,NA,NA
1,atattatttcgtttgaaaatga,NA,NA,NA,NA,1,order,Hypnales.4,NA,[],NA,13798,M00763:170:000000000-LHC44:1:1101:5855:17026_CONS,NA,1,AF023772,75,P35377,moss,,,
240,atccgtgttttgagaaaacaagggggttctcgaactagaatacaaaagaaaag,4479,Poaceae,NA,NA,1,no rank,Poodinae incertae sedis,NA,[],NA,2948751,M00763:170:000000000-LHC44:1:1116:26068:20167_CONS,NA,1,AY237886,75,P1421,grass,,,
276,atcctattaaatattaaaatcaaaaaaagcaaaaagaaaggctcagaaagaaaaaaag,21472,Gentianaceae,49959,Gentianella,1,genus,Gentianella,NA,[],NA,49959,M00763:170:000000000-LHC44:1:1115:22891:16824_CONS,NA,1,AJ580527,75,P9387,forb,,,
235,atccgtgttttgagaaaacaaggaggttctcgaactagaatacaaaggaaagg,4479,Poaceae,4605,Festuca,1,genus,Festuca,NA,[],NA,4605,M00763:170:000000000-LHC44:1:1107:13283:12907_CONS,NA,1,KY999955,73,P6213,grass,,,
387,atcctgttttaagaaagcaaaacacaagggttcagaaaaagaaaaaaaaag,3792,Saxifragaceae,3798,Saxifraga,1,genus,Saxifraga.6,NA,[],NA,3798,M00763:170:000000000-LHC44:1:1101:26064:7125_CONS,NA,1,KU524353,72,P25683,forb,,,
608,atcttctttttgagaaaaagaaatatataaaatatttcttatttcagataagaaagaataatattttcttatctaatattaaa,4609,Cyperaceae,13398,Carex,1,genus,Carex.4,NA,[],NA,13398,M00763:170:000000000-LHC44:1:2116:14256:21078_CONS,NA,1,AF164942,72,P930,non-grass graminoid,,,
6,atcacgttttcagaaaacaaacaaaggttcagaaagcgaaaataaaaaag,4210,Asteraceae,422318,Chersodoma,1,species,Chersodoma jodopappa,422319,['Chersodoma jodopappa'],Chersodoma jodopappa,422319,M00763:170:000000000-LHC44:1:1104:9539:1935_CONS,NA,1,EF538094,70,P11637,forb,,,
547,atcctttttttttatggaaaaagg,4747,Orchidaceae,38190,Cypripedium,1,species,Cypripedium reginae,53051,['Cypripedium reginae'],Cypripedium reginae,53051,M00763:170:000000000-LHC44:1:1105:22995:8159_CONS,NA,1,AB056317,70,P25126,forb,,,
223,atccgtgttttgagaaaaaaaagggggttctcgaactagaatacaaaggaaaag,4479,Poaceae,4501,Bromus,1,genus,Bromus.10,NA,[],NA,4501,M00763:170:000000000-LHC44:1:1106:7473:2519_CONS,NA,1,AY367993,69,P11129,grass,,,
528,atcctttttccgaaaacaaaaaaaag,3650,Cucurbitaceae,NA,NA,1,family,Cucurbitaceae.1,NA,[],NA,3650,M00763:170:000000000-LHC44:1:1112:23025:21063_CONS,NA,1,AY973005,69,P35719,forb,,,
41,atcacgttttccgaaaacaaacaaaggttcagaaagcgaaaagaaaaaaaaaa,4210,Asteraceae,NA,NA,1,tribe,Anthemideae,NA,[],NA,102810,M00763:170:000000000-LHC44:1:1101:19917:2148_CONS,NA,1,HM000086,66,P1776,forb,,,
710,ctccttctttccaaaaggaagaaaaaag,3615,Polygonaceae,NA,NA,1,tribe,Polygoneae,NA,[],NA,1110385,M00763:170:000000000-LHC44:1:1102:2986:9307_CONS,NA,1,EU024777,65,P23557,forb,,,
322,atcctctttttagaattttagaaaacaaaaatgaaagaaaaaaaaaaagggggg,4335,Primulaceae,85163,Androsace,1,subspecies,Androsace septentrionalis subsp. subulifera,184985,['Androsace septentrionalis'],Androsace septentrionalis,522404,M00763:170:000000000-LHC44:1:1105:17760:7030_CONS,NA,1,EU655581,64,P25706,forb,,,
698,ctcctgctttccaaactttccaaaggggagaagaaataaag,3615,Polygonaceae,63080,Eriogonum,1,species,Eriogonum vimineum,1214331,['Eriogonum vimineum'],Eriogonum vimineum,1214331,M00763:170:000000000-LHC44:1:1105:20092:2482_CONS,NA,1,JQ352665,64,P16115,forb,,,
27,atcacgttttccgaaaacaaacaaaggttcagaaagcaaaaataaaaaag,4210,Asteraceae,NA,NA,1,family,Asteraceae.17,NA,[],NA,4210,M00763:170:000000000-LHC44:1:1102:15955:6278_CONS,NA,1,HQ158418,63,P12820,forb,,,
151,atcccgttttatgaaaagaaacaagggtttcataacgcgagaataaataaag,3745,Rosaceae,3761,Geum,1,genus,Geum.1,NA,[],NA,3761,M00763:170:000000000-LHC44:1:1113:9049:20297_CONS,NA,1,AJ297335,63,P2401,forb,,,
522,atccttgttttgagaaaacaaggttttataaaaatagaatcaaaaagg,85243,Tofieldiaceae,284690,Triantha,1,species,Triantha glutinosa,207928,['Triantha glutinosa'],Triantha glutinosa,207928,M00763:170:000000000-LHC44:1:2103:28748:15281_CONS,NA,1,AB451597,62,P29947,forb,NA,NA,NA
217,atccgtgttttgagaaaaaaaaagggggttctcgaactagaatacaaaggaaaag,4479,Poaceae,4501,Bromus,1,genus,Bromus.4,NA,[],NA,4501,M00763:170:000000000-LHC44:1:1105:5497:8734_CONS,NA,1,AB732921,61,P237,grass,,,
335,atcctgctttcagaaaacaaaaaaaaaggggattcagaaagcgaaaatagg,3440,Ranunculaceae,3445,Ranunculus,1,genus,Ranunculus.2,NA,[],NA,3445,M00763:202:000000000-LNL3T:1:1101:18257:4900_CONS,NA,1,DQ860600,61,P39929,forb,NA,NA,NA
155,atcccgttttccgaaaacaaacaaaggttcagaaagcgaaaatcaaaaag,NA,NA,NA,NA,1,order,Asterales.3,NA,[],NA,4209,M00763:170:000000000-LHC44:1:2117:11376:16584_CONS,NA,1,GQ984049,60,P8597,forb,,,
306,atcctatttttcaaaaacaaaggcccagaaggtgaaaaag,4037,Apiaceae,NA,NA,1,clade,apioid superclade,NA,[],NA,241780,M00763:170:000000000-LHC44:1:1102:16065:6686_CONS,NA,1,HQ323856,60,P25099,forb,,,
361,atcctgggttacgcgaacaaaacagagtttagaaagcgg,3700,Brassicaceae,NA,NA,1,family,Brassicaceae.3,NA,[],NA,3700,M00763:170:000000000-LHC44:1:1101:20766:4975_CONS,NA,1,AB213010,60,P19543,forb,,,
467,atcctgttttccgaaaaccaagaagagttcagaaagggagaataaaataaaaaaaaaaag,3803,Fabaceae,NA,NA,1,clade,mimosoid clade,NA,[],NA,3807,M00763:202:000000000-LNL3T:1:1111:28049:17655_CONS,NA,1,AF365046,60,P36699,NA,NA,NA,NA
531,atccttttttccgaaaaaaaag,3650,Cucurbitaceae,3655,Cucumis,1,genus,Cucumis,NA,[],NA,3655,M00763:170:000000000-LHC44:1:1105:12596:19331_CONS,NA,1,DQ536764,60,P35690,forb,,,
205,atccgtgttttgaaaaaacaagggggttctcgaactagaatacaaaggaaaag,4479,Poaceae,4544,Poa,1,species,Poa gymnantha,568972,['Poa gymnantha'],Poa gymnantha,568972,M00763:170:000000000-LHC44:1:2114:4478:5707_CONS,NA,1,KX872845,59,P868,grass,,,
455,atcctgttttccgaaaacaaaggtttagaaagtgaaaaaggg,24966,Rubiaceae,58387,Plocama,1,species,Plocama yemenensis,120151,['Plocama yemenensis'],Plocama yemenensis,120151,M00763:170:000000000-LHC44:1:1102:6604:13552_CONS,NA,1,DQ662221,56,P9249,deciduous shrub/tree,,,
318,atcctcggttacgcgaacaaaccggagtttacgagaaaaaagg,3700,Brassicaceae,NA,NA,1,family,Brassicaceae.8,NA,[],NA,3700,M00763:170:000000000-LHC44:1:1104:14454:10629_CONS,NA,1,AF361926,52,P36385,forb,,,
679,attttatctcaaaaatga,3220,Dicranaceae,3221,Dicranum,1,genus,Dicranum,NA,[],NA,3221,M00763:89:000000000-KMT9H:1:1101:8267:12419_CONS,NA,1,AF129587,52,P41198,moss,,,
485,atcctgttttctcaaaacaaaggttcagaaaacgaaaaaaag,NA,NA,NA,NA,1,order,Lamiales.3,NA,[],NA,4143,M00763:170:000000000-LHC44:1:1102:21585:9166_CONS,NA,1,AF034882,50,P10329,forb,,,
676,attcgtgttttgagaaaacaagggggttctcgaactagaatacaaaggaaaag,4479,Poaceae,4496,Avena,1,species,Avena insularis,283872,['Avena insularis'],Avena insularis,283872,M00763:170:000000000-LHC44:1:2110:24772:7660_CONS,NA,1,OU342339,50,P1614,grass,,,
700,ctccttaaatagtctcctaaaaaaaaacggattcaaaaagcaagaataaaaaag,3568,Caryophyllaceae,645210,Plettkea,1,species,Plettkea cryptantha,645211,['Plettkea cryptantha'],Plettkea cryptantha,645211,M00763:170:000000000-LHC44:1:1101:27796:19735_CONS,NA,1,FJ405008,50,P2664,forb,,,
496,atcctgtttttctaaaacaaacaaagattccgaaagcgaaaataaaaaaag,NA,NA,NA,NA,1,clade,Mesangiospermae.5,NA,[],NA,1437183,M00763:170:000000000-LHC44:1:1101:19972:7064_CONS,NA,1,AF396225,49,P8620,NA,,,
219,atccgtgttttgagaaaaaaaagggggggggttctcgaactagaatacaaaggaaaag,4479,Poaceae,4501,Bromus,1,species,Bromus pumilio,416015,['Bromus pumilio'],Bromus pumilio,416015,M00763:170:000000000-LHC44:1:2107:22944:4161_CONS,NA,1,LR606644,48,P7285,grass,,,
384,atcctgtcttctccaaataaaagttcagaaagcgagaaaaagg,156152,Plantaginaceae,26867,Plantago,1,genus,Plantago.1,NA,[],NA,26867,M00763:202:000000000-LNL3T:1:1103:5583:7679_CONS,NA,1,AY101959,48,P38481,forb,NA,NA,NA
389,atcctgttttaagaaagcaaaacacaagggttcagaaaaagcgaataaaaaaaaaaag,3792,Saxifragaceae,3798,Saxifraga,1,genus,Saxifraga.3,NA,[],NA,3798,M00763:170:000000000-LHC44:1:1101:19155:16782_CONS,NA,1,AF374787,47,P8625,forb,,,
47,atcacgttttccgaaaacaaacaaaggttcagaaagcgaaaagaaaaag,4210,Asteraceae,NA,NA,1,subfamily,Asteroideae.1,NA,[],NA,102804,M00763:170:000000000-LHC44:1:1106:2868:15148_CONS,NA,1,AY216101,46,P1195,forb,,,
212,atccgtgttttgagaaaaaaaaaagggggttctcgaactagaatacaaaggaaaag,4479,Poaceae,4501,Bromus,1,genus,Bromus.9,NA,[],NA,4501,M00763:170:000000000-LHC44:1:1119:20327:19243_CONS,NA,1,AB732926,46,P8484,grass,,,
544,atcctttttttcgcaaacaaacaaagattccgaaagctaaaaaaag,4345,Ericaceae,NA,NA,1,tribe,Ericeae,NA,[],NA,217042,M00763:170:000000000-LHC44:1:1102:22773:2665_CONS,NA,1,KP737383,46,P15508,NA,,,
20,atcacgttttccgaaaacaaacaaagattcagaaagcgaaaaaaaag,4210,Asteraceae,189212,Emilia,1,genus,Emilia,NA,[],NA,189212,M00763:170:000000000-LHC44:1:1119:16267:22155_CONS,NA,1,MT436293,45,P3609,forb,,,
311,atcctatttttcgaaaacaaacaaaaaaacaaacaaaggttcataaagacagaatatgaatacaaaag,3688,Salicaceae,3689,Populus,1,species,Populus talassica,1393208,['Populus talassica'],Populus talassica,1393208,M00763:170:000000000-LHC44:1:1114:19475:4121_CONS,NA,1,KF940753,45,P11745,deciduous shrub/tree,,,
272,atcctataagtcaaaactttatag,31314,Desmidiaceae,33100,Cosmarium,1,species,Cosmarium humile,188361,['Cosmarium humile'],Cosmarium humile,188361,M00763:170:000000000-LHC44:1:1101:25138:19250_CONS,NA,1,MT902164,44,P35193,NA,,algae,
295,atcctattttacgaaaaccagcaccgggggtttagaaagcgataaaaaaaaag,3934,Onagraceae,13054,Epilobium,1,genus,Epilobium,NA,[],NA,13054,M00763:170:000000000-LHC44:1:1115:3549:9270_CONS,NA,1,EF416777,44,P20003,forb,,,
291,atcctattttacgaaaaccaacaccgggggtttagaaagcgagaaaaaaaaaag,3934,Onagraceae,3939,Oenothera,1,genus,Oenothera,NA,[],NA,3939,M00763:170:000000000-LHC44:1:1113:12658:11047_CONS,NA,1,AJ620605,43,P2397,forb,,,
540,atcctttttttcactttcgaaatctttctttgttttcgaaaaaaaaag,4345,Ericaceae,93812,Chimaphila,1,species,Chimaphila umbellata,93815,['Chimaphila umbellata'],Chimaphila umbellata,93815,M00763:89:000000000-KMT9H:1:1101:23791:3457_CONS,NA,1,MG570125,43,P39272,forb,,,
643,atctttattttgagataattggtttttatataaaaacgaaaatcaaaaaa,14101,Juncaceae,13578,Juncus,1,genus,Juncus,NA,[],NA,13578,M00763:170:000000000-LHC44:1:1101:27106:16805_CONS,NA,1,AY437951,43,P14854,non-grass graminoid,,,
75,atcacgttttccgaaaacaaacaaagtttcagaaagcgaaaataaaaaag,4210,Asteraceae,41589,Inula,1,genus,Inula,NA,[],NA,41589,M00763:170:000000000-LHC44:1:1103:3195:14927_CONS,NA,1,FM997851,42,P5892,forb,,,
257,atccgtgttttgagaaaacctgggggttctcgaactagaatacaaaggaaaag,4479,Poaceae,NA,NA,1,clade,Poeae Chloroplast Group 2 (Poeae type),NA,[],NA,1652081,M00763:170:000000000-LHC44:1:1101:26155:5237_CONS,NA,1,AH015555,42,P8333,grass,,,
407,atcctgttttacgagaataaaacaaagcaaacaagggttcagaaagcgagaaaagg,23672,Sapindaceae,4022,Acer,1,genus,Acer.1,NA,[],NA,4022,M00763:170:000000000-LHC44:1:1106:25107:8030_CONS,NA,1,AB872602,42,P8369,deciduous shrub/tree,,,
622,atcttctttttgagaaaaagaaatatatgaaatatttcttatttcagataagaaataaaatatttcttatctataaa,4609,Cyperaceae,13398,Carex,1,genus,Carex.7,NA,[],NA,13398,M00763:170:000000000-LHC44:1:1112:9839:10164_CONS,NA,1,AF164948,42,P32104,non-grass graminoid,,,
32,atcacgttttccgaaaacaaacaaaggttcagaaagcgaaaaaaaaaaaag,4210,Asteraceae,NA,NA,1,family,Asteraceae.8,NA,[],NA,4210,M00763:170:000000000-LHC44:1:1105:22115:3349_CONS,NA,1,MG748517,41,P4202,forb,,,
18,atcacgttttccgaaaacaaaaaaggttcagaaagcgaaaataaaaaag,4210,Asteraceae,NA,NA,1,subtribe,Hieraciinae,NA,[],NA,745087,M00763:170:000000000-LHC44:1:2105:25130:9624_CONS,NA,1,AY342314,40,P5705,forb,,,
691,ctcctcttttttgtccccctttttcaaaaaaaaaaggattcagaaagcaagactaaaaaag,3568,Caryophyllaceae,1479252,Sabulina,1,genus,Sabulina,NA,[],NA,1479252,M00763:170:000000000-LHC44:1:1101:17447:16226_CONS,NA,1,GQ245130,40,P12179,forb,,,
187,atccggttttatgaaaacaaacaagggttcagaaagcgataataaaaaaggaaag,NA,NA,NA,NA,1,clade,Spermatophyta.3,NA,[],NA,58024,M00763:202:000000000-LNL3T:1:2119:12912:17258_CONS,NA,1,FJ039334,39,P38574,NA,NA,NA,NA
606,atcttctttttgagaaaaagaaatatataaaatatttcttatttcagataagaaagaataatatctcttatctaatattaaa,4609,Cyperaceae,13398,Carex,1,subgenus,Carex subgen. Vignea,NA,[],NA,2763534,M00763:170:000000000-LHC44:1:1117:21100:9614_CONS,NA,1,AY757472,39,P1429,non-grass graminoid,,,
693,ctcctgctttcaaaaaggaaagaaaaaagg,3615,Polygonaceae,NA,NA,1,subfamily,Polygonoideae.3,NA,[],NA,1110380,M00763:202:000000000-LNL3T:1:1101:10222:2941_CONS,NA,1,EF653802,39,P40792,forb,NA,NA,NA
33,atcacgttttccgaaaacaaacaaaggttcagaaagcgaaaaaaaaaaag,4210,Asteraceae,NA,NA,1,family,Asteraceae.12,NA,[],NA,4210,M00763:170:000000000-LHC44:1:1108:13521:19223_CONS,NA,1,AY216107,38,P8684,forb,,,
108,atcactttttccgaaaacaaacaaaggttcagaaagcgaaaataaaaaag,4210,Asteraceae,109562,Euryops,1,genus,Euryops,NA,[],NA,109562,M00763:170:000000000-LHC44:1:2111:22450:3568_CONS,NA,1,EU670107,38,P12976,forb,,,
437,atcctgttttccgaaaacaaacaaaagttcagaaagcgaaaataaaaaag,125042,Paracryphiaceae,125043,Paracryphia,1,species,Paracryphia alticola,125044,['Paracryphia alticola'],Paracryphia alticola,125044,M00763:170:000000000-LHC44:1:1110:24563:6381_CONS,NA,1,AJ430392,38,P24952,deciduous shrub/tree,,,
453,atcctgttttccgaaaacaaaggttcagaaagtgaaaaaggg,24966,Rubiaceae,NA,NA,1,subfamily,Rubioideae,NA,[],NA,169617,M00763:170:000000000-LHC44:1:2103:15504:14817_CONS,NA,1,KJ680490,38,P15967,NA,,,
680,attttatcttaaaaatga,NA,NA,NA,NA,1,order,Dicranales,NA,[],NA,3219,M00763:170:000000000-LHC44:1:1110:10466:25162_CONS,NA,1,AF135068,38,P8722,moss,,,
17,atcacgttttccgaaaacaaaaaaaggttcagaaagcgaaaatcaaaaag,4210,Asteraceae,NA,NA,1,family,Asteraceae.13,NA,[],NA,4210,M00763:170:000000000-LHC44:1:2108:14138:22495_CONS,NA,1,AY772300,36,P8854,forb,,,
621,atcttctttttgagaaaaagaaatatatcaaatatttcttatttcagataagaaataatattttttcttatctaatattaaa,4609,Cyperaceae,13398,Carex,1,genus,Carex.6,NA,[],NA,13398,M00763:170:000000000-LHC44:1:1105:25530:12982_CONS,NA,1,AF284862,36,P30698,non-grass graminoid,,,
111,atcattttttttttttttaatatctagatagaaaaaatagatatatagatagatagatctagataatctattatctatctagatatagatagatatagaattatctataataaaaag,4609,Cyperaceae,46324,Eleocharis,1,genus,Eleocharis,NA,[],NA,46324,M00763:170:000000000-LHC44:1:1110:14632:17372_CONS,NA,1,AY506696,35,P35827,non-grass graminoid,,,
236,atccgtgttttgagaaaacaaggaggttctcgaactagaatacaaagggaaag,4479,Poaceae,4605,Festuca,1,species,Festuca anatolica,2306352,['Festuca anatolica'],Festuca anatolica,2306352,M00763:170:000000000-LHC44:1:1116:22424:9015_CONS,NA,1,LR218056,35,P6929,grass,,,
484,atcctgttttctcaaaacaaaggttcagaaaacgaaaaaaaagg,91896,Orobanchaceae,46036,Castilleja,1,genus,Castilleja,NA,[],NA,46036,M00763:170:000000000-LHC44:1:1103:20450:18950_CONS,NA,1,EF103853,35,P10344,forb,,,
51,atcacgttttccgaaaacaaacaaaggttcagaaagcgaaaataaaaaaa,4210,Asteraceae,NA,NA,1,family,Asteraceae.6,NA,[],NA,4210,M00763:170:000000000-LHC44:1:1102:3187:17169_CONS,NA,1,AB217693,34,P3427,forb,,,
97,atcacgttttccgaaaacaagcaagggttcagaaagcgaaaataaaaaag,4210,Asteraceae,NA,NA,1,tribe,Astereae.1,NA,[],NA,102809,M00763:170:000000000-LHC44:1:2111:23662:6380_CONS,NA,1,KP175194,34,P1625,forb,,,
201,atccggttttttgaaatgaaaaaaaaagtttatatagacagaataaaaaag,24921,Violaceae,13757,Viola,1,subgenus,Viola subgen. Viola.1,NA,[],NA,2983453,M00763:170:000000000-LHC44:1:1117:8934:6506_CONS,NA,1,DQ085923,34,P23659,forb,,,
518,atccttctttccgaaaacaaataaataaaagttcagaaagtgaaaatcaaaaaag,3803,Fabaceae,3877,Medicago,1,genus,Medicago.1,NA,[],NA,3877,M00763:170:000000000-LHC44:1:1114:9302:6206_CONS,NA,1,DQ311710,34,P3548,forb,,,
599,atcttctttttgagaaaaagaaatatagaaaatatttcttatttcagataagaaataatattttttcttatctaatattaaa,4609,Cyperaceae,13398,Carex,1,subgenus,Carex subgen. Carex.5,NA,[],NA,2759858,M00763:170:000000000-LHC44:1:2107:19700:22265_CONS,NA,1,AB079392,34,P20415,non-grass graminoid,,,
539,atcctttttttcactttcgaaatctttctttgttttcgaaaaaaaaaag,4345,Ericaceae,93812,Chimaphila,1,species,Chimaphila umbellata.1,93815,['Chimaphila umbellata'],Chimaphila umbellata,93815,M00763:89:000000000-KMT9H:1:1101:13750:8360_CONS,NA,1,FJ357286,33,P39278,forb,,,
65,atcacgttttccgaaaacaaacaaaggttcagaaagcgaaaatcaaaag,4210,Asteraceae,NA,NA,1,subfamily,Asteroideae.9,NA,[],NA,102804,M00763:170:000000000-LHC44:1:2106:23484:4240_CONS,NA,1,AF098814,32,P21802,forb,,,
70,atcacgttttccgaaaacaaacaaaggttcagaaagtgaaaataaaaaag,4210,Asteraceae,996388,Dubyaea,1,species,Dubyaea chimiliensis,2599320,['Dubyaea chimiliensis'],Dubyaea chimiliensis,2599320,M00763:170:000000000-LHC44:1:1117:9163:6652_CONS,NA,1,MK382872,32,P5989,forb,,,
523,atcctttttccgaaaaaaaaaaagg,3650,Cucurbitaceae,NA,NA,1,family,Cucurbitaceae.4,NA,[],NA,3650,M00763:202:000000000-LNL3T:1:1101:27993:19113_CONS,NA,1,AJ970307,32,P40799,forb,NA,NA,NA
529,atcctttttccgaaaacaaaaaaag,3650,Cucurbitaceae,NA,NA,1,family,Cucurbitaceae,NA,[],NA,3650,M00763:170:000000000-LHC44:1:1101:27768:16564_CONS,NA,1,AY968569,32,P35659,forb,,,
104,atcacgttttctgaaaacaaacaaaggttcagaaagcgaaaataaaaag,4210,Asteraceae,NA,NA,1,tribe,Gnaphalieae,NA,[],NA,102808,M00763:170:000000000-LHC44:1:1106:5779:6395_CONS,NA,1,FN645793,31,P1189,forb,,,
184,atccggttcattgagacaatagtttcttcttttcttctcctaagataggaaggg,3318,Pinaceae,3328,Picea,1,genus,Picea,NA,[],NA,3328,M00763:170:000000000-LHC44:1:1101:9627:19195_CONS,NA,1,AB045065,31,P34512,coniferous shrub/tree,,,
319,atcctcttctcttttccaagaacaaacaggggttcagaaagcgaaaaagggg,NA,NA,NA,NA,1,clade,rosids,NA,[],NA,71275,M00763:170:000000000-LHC44:1:2102:17153:10696_CONS,NA,1,AB558253,31,P11822,NA,,,
625,atcttctttttgagaaaaagagatatataaaatatttcttatttcagataagaaataatattttttcttatctaatattaaa,4609,Cyperaceae,13398,Carex,1,species,Carex kiotensis,185305,['Carex kiotensis'],Carex kiotensis,185305,M00763:170:000000000-LHC44:1:1103:11511:24160_CONS,NA,1,AB079410,31,P13505,non-grass graminoid,,,
61,atcacgttttccgaaaacaaacaaaggttcagaaagcgaaaataaaag,4210,Asteraceae,NA,NA,1,tribe,Coreopsideae,NA,[],NA,219134,M00763:170:000000000-LHC44:1:1104:9348:18447_CONS,NA,1,MN841987,30,P1151,forb,,,
685,attttatttcatttaaaaataa,NA,NA,NA,NA,1,subclass,Bryidae,NA,[],NA,114658,M00763:170:000000000-LHC44:1:1112:3735:19576_CONS,NA,1,AF023730,30,P30193,moss,,,
264,atccgtgttttgagaaggggttctcgaactagaatacaaaggaaaag,4479,Poaceae,4496,Avena,1,species,Avena sativa,4498,['Avena sativa'],Avena sativa,4498,M00763:170:000000000-LHC44:1:1109:26410:12318_CONS,NA,1,OU342384,29,P5938,grass,,,
23,atcacgttttccgaaaacaaacaaaggtccagaaagcgaaaagaaaaaag,4210,Asteraceae,13753,Vernonia,1,species,Vernonia profuga,434704,['Vernonia profuga'],Vernonia profuga,434704,M00763:170:000000000-LHC44:1:1101:21335:2676_CONS,NA,1,MG753197,28,P15228,forb,,,
110,atcatgttttccgaaaacaaacaaaggttcagaaagcgaaaataaaaaag,NA,NA,NA,NA,1,order,Asterales,NA,[],NA,4209,M00763:170:000000000-LHC44:1:2101:4792:20456_CONS,NA,1,AF412894,28,P4719,forb,,,
245,atccgtgttttgagaaaacaaggggttctcaaactagaatacaaaggaaaat,4479,Poaceae,4480,Aegilops,1,subspecies,Aegilops speltoides subsp. speltoides,4573,['Aegilops speltoides'],Aegilops speltoides,58531,M00763:170:000000000-LHC44:1:1106:25955:5961_CONS,NA,1,OX082600,28,P35821,grass,,,
269,atcctaaaaaagaaaaagaaaggctcagaaagaaaaaaag,21472,Gentianaceae,50276,Lomatogonium,1,species,Lomatogonium rotatum,148625,['Lomatogonium rotatum'],Lomatogonium rotatum,148625,M00763:170:000000000-LHC44:1:1101:11798:6113_CONS,NA,1,GQ245086,28,P13668,forb,,,
282,atcctattttacgaaaacaaataagggttcagaagaaagcaagaataaaaaaag,3503,Fagaceae,NA,NA,1,family,Fagaceae,NA,[],NA,3503,M00763:170:000000000-LHC44:1:1101:11732:20030_CONS,NA,1,AB043743,28,P14857,deciduous shrub/tree,,,
490,atcctgttttctgaaaacaaacaaaggttcagaaaaaaag,4070,Solanaceae,NA,NA,1,subfamily,Solanoideae,NA,[],NA,424551,M00763:170:000000000-LHC44:1:1102:16926:10642_CONS,NA,1,AB036562,27,P8630,forb,,,
721,ctccttttgtctcccttaaaaaataaaggatgcagaaagcaagaataagaaag,3568,Caryophyllaceae,NA,NA,1,family,Caryophyllaceae.4,NA,[],NA,3568,M00763:170:000000000-LHC44:1:1107:13333:21941_CONS,NA,1,AM085652,27,P23597,forb,,,
228,atccgtgttttgagaaaacaaaggggttctcgaatcgaactataatacaaaggaaaag,NA,NA,NA,NA,1,order,Poales,NA,[],NA,38820,M00763:170:000000000-LHC44:1:1118:15135:24431_CONS,NA,1,AY177332,26,P592,NA,,,
328,atcctctttttttttcaaaacaaaggttcagaaaacgaaaaaag,91896,Orobanchaceae,43174,Pedicularis,1,genus,Pedicularis.1,NA,[],NA,43174,M00763:170:000000000-LHC44:1:2103:9397:23322_CONS,NA,1,AB280429,26,P17546,forb,,,
376,atcctggtttatgtgaacaaaccggagtttagaaagcgagaaaaaagg,3700,Brassicaceae,NA,NA,1,tribe,Boechereae,NA,[],NA,980085,M00763:170:000000000-LHC44:1:1101:10914:22298_CONS,NA,1,AF182999,26,P33027,forb,,,
31,atcacgttttccgaaaacaaacaaaggttcagaaagcgaaaaaaaaaaaaag,4210,Asteraceae,NA,NA,1,subfamily,Asteroideae.10,NA,[],NA,102804,M00763:170:000000000-LHC44:1:2102:3349:17773_CONS,NA,1,AY297674,25,P28453,forb,,,
209,atccgtgttttgagaaaaaaaaaaggggggggttctcgaactagaatacaaaggaaaag,4479,Poaceae,4501,Bromus,1,genus,Bromus.7,NA,[],NA,4501,M00763:170:000000000-LHC44:1:1103:3977:19627_CONS,NA,1,AY367962,25,P5455,grass,,,
294,atcctattttacgaaaaccaacaccgggggtttagaaagcgagaaaaaaag,NA,NA,NA,NA,1,clade,Pentapetalae.4,NA,[],NA,1437201,M00763:170:000000000-LHC44:1:1103:7522:7950_CONS,NA,1,AJ620591,25,P28112,NA,,,
706,ctccttaattgtctcctaaaaaaaaacggattcaaaaagcaagaataaaaaag,3568,Caryophyllaceae,13273,Stellaria,1,species,Stellaria sessiliflora,1137923,['Stellaria sessiliflora'],Stellaria sessiliflora,1137923,M00763:170:000000000-LHC44:1:2105:24708:18766_CONS,NA,1,LC568828,25,P707,forb,,,
5,atcacgttttacgaaaacaaacaaaggttcagaaagcgaaaatcaaaaag,4210,Asteraceae,NA,NA,1,tribe,Cardueae,NA,[],NA,102818,M00763:170:000000000-LHC44:1:1101:22128:3093_CONS,NA,1,AY772336,24,P9822,forb,,,
113,atccagttttccgaaaacaagggttcagaaagcaaaaatcaaaaag,4200,Caprifoliaceae,49606,Lonicera,1,genus,Lonicera.1,NA,[],NA,49606,M00763:202:000000000-LNL3T:1:1103:10292:7580_CONS,NA,1,AF446963,24,P41974,deciduous shrub/tree,NA,NA,NA
281,atcctattttacgaaaacaaaggtttagaaagtgaaaaaggg,24966,Rubiaceae,25168,Galium,1,species,Galium trifidum,669698,['Galium trifidum'],Galium trifidum,669698,M00763:170:000000000-LHC44:1:2109:9310:1933_CONS,NA,1,GQ244992,24,P8855,forb,,,
439,atcctgttttccgaaaacaaacaaagaagcgaaaaaaaaag,4206,Adoxaceae,4204,Viburnum,1,genus,Viburnum,NA,[],NA,4204,M00763:170:000000000-LHC44:1:1108:16204:23423_CONS,NA,1,GQ245655,24,P22288,deciduous shrub/tree,,,
513,atccttctttccgaaaacaaacaaataaaagttcagaaagtgaaaataaaaaaag,3803,Fabaceae,NA,NA,1,clade,IRL clade.1,NA,[],NA,2233839,M00763:170:000000000-LHC44:1:1103:17215:8570_CONS,NA,1,AY839410,24,P25115,NA,NA,NA,NA
562,atcgcgttttccgaaaacaagcaaaggttcagaaagcgaaaataaaaaag,4210,Asteraceae,NA,NA,1,tribe,Astereae,NA,[],NA,102809,M00763:170:000000000-LHC44:1:1110:10377:12909_CONS,NA,1,KX063865,24,P1298,forb,,,
635,atcttgtattactcaaatgaatttcgggcaatgaggcaa,1203500,Cystopteridaceae,32115,Gymnocarpium,1,species,Gymnocarpium dryopteris,32116,['Gymnocarpium dryopteris'],Gymnocarpium dryopteris,32116,M00763:170:000000000-LHC44:1:1101:14256:21340_CONS,NA,1,HE993635,24,P30815,forb,,,
74,atcacgttttccgaaaacaaacaaaggttcataaagcgaaaataaaaaag,4210,Asteraceae,NA,NA,1,family,Asteraceae.18,NA,[],NA,4210,M00763:170:000000000-LHC44:1:2103:5411:20577_CONS,NA,1,AY216073,23,P14010,forb,,,
268,atccgtttttctgacaataacaaaaggttcagaaagcgaaaatcaaaaag,4381,Campanulaceae,239465,Physoplexis,1,species,Physoplexis comosa,239466,['Physoplexis comosa'],Physoplexis comosa,239466,M00763:170:000000000-LHC44:1:1109:22716:23348_CONS,NA,1,FJ426586,23,P391,forb,,,
468,atcctgttttccgaaaaccaagaagagttcagaaagggagaataaaataaaaaaaaaag,3803,Fabaceae,NA,NA,1,clade,mimosoid clade.1,NA,[],NA,3807,M00763:202:000000000-LNL3T:1:2108:7809:5360_CONS,NA,1,AF195689,23,P38511,NA,NA,NA,NA
506,atccttattttcgaaaacaaacaaagattcggaaagcaaaaataagaaaaaaaaaggggg,24584,Polemoniaceae,13639,Polemonium,1,genus,Polemonium.1,NA,[],NA,13639,M00763:170:000000000-LHC44:1:1102:18806:13741_CONS,NA,1,DQ860586,23,P31489,forb,,,
632,atcttcttttttttttcaaaacaaaggtttagaaaacgaaaaaaaag,91896,Orobanchaceae,43174,Pedicularis,1,species,Pedicularis ascendens,1000423,['Pedicularis ascendens'],Pedicularis ascendens,1000423,M00763:170:000000000-LHC44:1:1109:13839:1944_CONS,NA,1,HQ323981,23,P14159,forb,,,
699,ctcctgctttccaaactttctaaaagggagaagaaataaag,3615,Polygonaceae,63080,Eriogonum,1,genus,Eriogonum,NA,[],NA,63080,M00763:170:000000000-LHC44:1:1102:27612:8963_CONS,NA,1,JQ352648,23,P17031,forb,,,
30,atcacgttttccgaaaacaaacaaaggttcagaaagcgaaaaaaaaaaaaa,4210,Asteraceae,149438,Lasthenia,1,species,Lasthenia californica,149440,['Lasthenia californica'],Lasthenia californica,149440,M00763:170:000000000-LHC44:1:2111:28453:14782_CONS,NA,1,KY965816,22,P7558,forb,,,
189,atccggttttccgaaaacaaacaaaagttgaaaaagaaaaaag,21571,Boraginaceae,NA,NA,1,family,Boraginaceae.1,NA,[],NA,21571,M00763:170:000000000-LHC44:1:2116:13030:22274_CONS,NA,1,AB758325,22,P11985,forb,,,
254,atccgtgttttgagaaaacaagtggttctcgaactagag,4479,Poaceae,NA,NA,1,tribe,Stipeae,NA,[],NA,147383,M00763:170:000000000-LHC44:1:1105:19334:22181_CONS,NA,1,DQ887436,22,P258,grass,,,
339,atcctgctttccaaaaacaaacaaaacacaagggttcagaaagagagaatcaaataaaaaag,23066,Grossulariaceae,3801,Ribes,1,species,Ribes densiflorum,1167266,['Ribes densiflorum'],Ribes densiflorum,1167266,M00763:170:000000000-LHC44:1:1106:16136:17717_CONS,NA,1,HE795479,22,P17087,deciduous shrub/tree,,,
638,atcttgtcttactcaaatgaatttcgggcgatgaggcga,29607,Dryopteridaceae,3287,Dryopteris,1,genus,Dryopteris,NA,[],NA,3287,M00763:170:000000000-LHC44:1:1114:7933:18891_CONS,NA,1,AY736355,22,P22562,forb,,,
671,atcttttttttttttcgctttcaaaatctttgtttgtttgcgaaaaaaaag,4345,Ericaceae,13404,Cassiope,1,species,Cassiope lycopodioides,75586,['Cassiope lycopodioides'],Cassiope lycopodioides,75586,M00763:170:000000000-LHC44:1:1101:2646:10325_CONS,NA,1,AB219607,22,P35655,forb,,,
252,atccgtgttttgagaaaacaagtggttctcaaactagag,4479,Poaceae,NA,NA,1,family,Poaceae,NA,[],NA,4479,M00763:170:000000000-LHC44:1:1101:20583:17983_CONS,NA,1,EU200853,21,P85,grass,,,
338,atcctgctttcagaaagcaaaaaaagg,3440,Ranunculaceae,3445,Ranunculus,1,genus,Ranunculus.1,NA,[],NA,3445,M00763:170:000000000-LHC44:1:1101:26822:6526_CONS,NA,1,DQ410744,21,P24878,forb,,,
390,atcctgttttaagaaagcaaaacacaagggttcagaaaaagcgaataaaaaaaaaag,3792,Saxifragaceae,3798,Saxifraga,1,species,Saxifraga kotschyi,1616309,['Saxifraga kotschyi'],Saxifraga kotschyi,1616309,M00763:170:000000000-LHC44:1:1119:22830:23322_CONS,NA,1,LN812699,21,P8790,forb,,,
391,atcctgttttaagaaagcaaaacacaagggttcagaaaaagcgaataaaaaaaaag,3792,Saxifragaceae,3798,Saxifraga,1,genus,Saxifraga.2,NA,[],NA,3798,M00763:170:000000000-LHC44:1:1105:26183:9540_CONS,NA,1,KF270826,21,P1168,forb,,,
669,atctttttttttttgaaatttttgtttgttttcgaaaaaaaagg,4345,Ericaceae,13650,Pyrola,1,genus,Pyrola.3,NA,[],NA,13650,M00763:170:000000000-LHC44:1:1103:12354:7548_CONS,NA,1,FJ378609,21,P31636,forb,,,
163,atcccgttttctgaaaacaaacaagggtttcagaaagcgagaa,3745,Rosaceae,23204,Potentilla,1,species,Potentilla anserina,57926,['Potentilla anserina'],Potentilla anserina,57926,M00763:170:000000000-LHC44:1:1107:20948:17944_CONS,NA,1,KJ020644,20,P7405,forb,,,
7,atcacgttttcagaaaacaagcaaaggttcagaaagcgaaaataaaaaag,4210,Asteraceae,72895,Aphanostephus,1,genus,Aphanostephus,NA,[],NA,72895,M00763:170:000000000-LHC44:1:1108:9480:24426_CONS,NA,1,KP175141,19,P6522,forb,,,
15,atcacgttttccgaaaacaaaaaaaggttcagaaagcgaaaataaaaag,4210,Asteraceae,59428,Gnaphalium,1,genus,Gnaphalium,NA,[],NA,59428,M00763:170:000000000-LHC44:1:2104:2129:15167_CONS,NA,1,FN645756,19,P7843,forb,,,
95,atcacgttttccgaaaacaagcaaaggttcagaaagtgaaaataaaaaag,4210,Asteraceae,41487,Baccharis,1,section,Baccharis sect. Baccharis,NA,[],NA,2707929,M00763:170:000000000-LHC44:1:1107:8141:18492_CONS,NA,1,KP175144,19,P1229,forb,,,
121,atccatgttttgagaaaaaaaaaaggggggttctcgaactagaatacaaaggaaaag,4479,Poaceae,4501,Bromus,1,species,Bromus sterilis,55777,['Bromus sterilis'],Bromus sterilis,55777,M00763:170:000000000-LHC44:1:2113:10992:18890_CONS,NA,1,OX465599,19,P12759,grass,,,
303,atcctattttccaaaaacaaagaaaggttcagaaactaagaataaaactaaaacaaggg,4305,Celastraceae,3796,Parnassia,1,species,Parnassia palustris,38862,['Parnassia palustris'],Parnassia palustris,38862,M00763:170:000000000-LHC44:1:1101:14833:22114_CONS,NA,1,YHT052-24_Parnassia_,19,P13674,forb,,,
450,atcctgttttccgaaaacaaagaaaagttcataaagtgataataaaaaagg,3803,Fabaceae,NA,NA,1,clade,indigoferoid/millettioid clade,NA,[],NA,2233855,M00763:170:000000000-LHC44:1:2118:16662:16446_CONS,NA,1,AY968577,19,P34502,NA,,,
492,atcctgttttctgaaaacaaccaaaggttcagaaaaaaag,4070,Solanaceae,NA,NA,1,subfamily,Solanoideae.1,NA,[],NA,424551,M00763:202:000000000-LNL3T:1:1107:25264:4447_CONS,NA,1,AB036568,19,P38484,forb,NA,NA,NA
524,atcctttttccgaaaaaaaaaagg,3650,Cucurbitaceae,NA,NA,1,family,Cucurbitaceae.5,NA,[],NA,3650,M00763:202:000000000-LNL3T:1:1103:20802:6064_CONS,NA,1,AY973009,19,P40805,forb,NA,NA,NA
590,atcttatttcgtttggaaatga,NA,NA,NA,NA,1,order,Hypnales.5,NA,[],NA,13798,M00763:202:000000000-LNL3T:1:1104:15003:23504_CONS,NA,1,AF397811,19,P39962,moss,,,
612,atcttctttttgagaaaaagaaatatataaaatatttcttatttcagataagaaataatatttcttcttatctaatattaaa,4609,Cyperaceae,13398,Carex,1,species,Carex hitchcockiana,312747,['Carex hitchcockiana'],Carex hitchcockiana,312747,M00763:170:000000000-LHC44:1:1102:13180:6898_CONS,NA,1,AY757541,19,P13494,non-grass graminoid,,,
34,atcacgttttccgaaaacaaacaaaggttcagaaagcgaaaaaaaaaag,4210,Asteraceae,NA,NA,1,subfamily,Asteroideae.3,NA,[],NA,102804,M00763:170:000000000-LHC44:1:1116:6592:2651_CONS,NA,1,EU047835,18,P1410,forb,,,
50,atcacgttttccgaaaacaaacaaaggttcagaaagcgaaaataaaaaa,4210,Asteraceae,125781,Trichanthodium,1,species,Trichanthodium skirrophorum,152205,['Trichanthodium skirrophorum'],Trichanthodium skirrophorum,152205,M00763:170:000000000-LHC44:1:2104:19458:15115_CONS,NA,1,AF318128,18,P6324,forb,,,
63,atcacgttttccgaaaacaaacaaaggttcagaaagcgaaaatcaaaaaag,4210,Asteraceae,NA,NA,1,family,Asteraceae.1,NA,[],NA,4210,M00763:170:000000000-LHC44:1:1117:12124:6248_CONS,NA,1,AH007241,18,P563,forb,,,
340,atcctgctttccaaaaacaaacaaataaaagttcagaaagtcaaaataaaaaaaag,3803,Fabaceae,47034,Hedysarum,1,genus,Hedysarum,NA,[],NA,47034,M00763:170:000000000-LHC44:1:1104:6605:8321_CONS,NA,1,LC404306,18,P21104,forb,,,
348,atcctgctttccgaaaacaaaaaaataaaagttcagaaagttaaaatgaaacaaataagg,3803,Fabaceae,20802,Oxytropis,1,species,Oxytropis lanata,1527600,['Oxytropis lanata'],Oxytropis lanata,1527600,M00763:170:000000000-LHC44:1:2111:24477:21242_CONS,NA,1,LM653148,18,P15449,forb,,,
379,atcctggtttcagaaaacaaaaaaggggggttcagaaagcaagaatacaaaaagaaaag,3440,Ranunculaceae,3450,Aquilegia,1,genus,Aquilegia.1,NA,[],NA,3450,M00763:170:000000000-LHC44:1:2107:23352:10895_CONS,NA,1,KC289109,18,P23737,forb,,,
489,atcctgttttctcaaaacaaaggttcggaaaacgaaaaaaaag,4180,Pedaliaceae,NA,NA,1,family,Pedaliaceae,NA,[],NA,4180,M00763:170:000000000-LHC44:1:2118:21496:22209_CONS,NA,1,AF067067,18,P31177,NA,,,
530,atccttttttacgaaaataaagagggtctcagaaagcgagaatagaaaaaaaag,4027,Geraniaceae,4028,Geranium,1,genus,Geranium,NA,[],NA,4028,M00763:170:000000000-LHC44:1:1106:23656:13750_CONS,NA,1,AB219634,18,P36032,forb,,,
534,atccttttttcgcaaacaaacaaagattccgaaagctaaaaaaaag,4345,Ericaceae,NA,NA,1,family,Ericaceae,NA,[],NA,4345,M00763:170:000000000-LHC44:1:2117:8298:2495_CONS,NA,1,AB038837,18,P20869,coniferous shrub/tree,,,
574,atcttaaaaaaaaaaaaatggaaaatgagaataaaaaga,4747,Orchidaceae,NA,NA,1,tribe,Orchideae.1,NA,[],NA,158345,M00763:170:000000000-LHC44:1:1114:6682:11745_CONS,NA,1,GU117882,18,P13961,forb,,,
578,atcttaaaaaaaaatggaaaatgagaataaaaaga,4747,Orchidaceae,NA,NA,1,subtribe,Orchidinae.2,NA,[],NA,158366,M00763:170:000000000-LHC44:1:1109:8413:12756_CONS,NA,1,MF945238,18,P13929,forb,,,
10,atcacgttttccaaaaacaagcaaaggttcagaaagcgaaaataaaaaag,4210,Asteraceae,NA,NA,1,tribe,Astereae.2,NA,[],NA,102809,M00763:170:000000000-LHC44:1:2119:20155:14360_CONS,NA,1,KX063916,17,P1772,forb,,,
72,atcacgttttccgaaaacaaacaaaggttcagaaggcgaaaatcaaaaag,4210,Asteraceae,NA,NA,1,family,Asteraceae.20,NA,[],NA,4210,M00763:170:000000000-LHC44:1:2114:7162:14067_CONS,NA,1,AB070917,17,P16049,forb,,,
320,atcctcttttccgaaaacaaacaaagttttcgaaagcgagaataaaaaag,4033,Oxalidaceae,4034,Oxalis,1,genus,Oxalis,NA,[],NA,4034,M00763:202:000000000-LNL3T:1:1101:12343:10673_CONS,NA,1,AJ582295,17,P36447,forb,NA,NA,NA
479,atcctgttttctcaaaacaaaggttcagaaaacgaaaaaaaaaaaag,NA,NA,NA,NA,1,order,Lamiales.5,NA,[],NA,4143,M00763:170:000000000-LHC44:1:1113:20467:14048_CONS,NA,1,AJ430923,17,P24412,forb,,,
585,atcttatttcgttcgagaataa,52997,Amblystegiaceae,94483,Sanionia,1,genus,Sanionia,NA,[],NA,94483,M00763:89:000000000-KMT9H:1:1101:3650:7544_CONS,NA,1,AF071848,17,P39275,moss,,,
101,atcacgttttccgaaagcaaacaaaggttcagaaagcgaaaatcaaaaag,4210,Asteraceae,NA,NA,1,subtribe,Lactucinae.1,NA,[],NA,745062,M00763:170:000000000-LHC44:1:2113:4276:12182_CONS,NA,1,LT722223,16,P11953,forb,,,
208,atccgtgttttgagaaaaaaaaaaagggggttctcgaactagaatacaaaggaaaag,4479,Poaceae,4501,Bromus,1,genus,Bromus.12,NA,[],NA,4501,M00763:170:000000000-LHC44:1:1107:6858:4491_CONS,NA,1,AY367961,16,P30705,grass,NA,NA,NA
438,atcctgttttccgaaaacaaacaaaagttcagaaagcgaaaatcaaaaag,125042,Paracryphiaceae,49617,Quintinia,1,genus,Quintinia,NA,[],NA,49617,M00763:170:000000000-LHC44:1:1101:5497:9796_CONS,NA,1,AJ430953,16,P24882,deciduous shrub/tree,,,
477,atcctgttttctcaaaacaaaggttcagaaaacaaaaaaaaaag,NA,NA,NA,NA,1,order,Lamiales.2,NA,[],NA,4143,M00763:170:000000000-LHC44:1:2116:7486:22693_CONS,NA,1,AJ621121,16,P10276,forb,,,
558,atccttttttttttttggcaaacaaataaagattccgaaagaaaaagg,4345,Ericaceae,13749,Vaccinium,1,species,Vaccinium boninense,1004256,['Vaccinium boninense'],Vaccinium boninense,1004256,M00763:170:000000000-LHC44:1:1101:13060:12284_CONS,NA,1,AB817457,16,P35656,deciduous shrub/tree,,,
92,atcacgttttccgaaaacaagcaaaggttcagaaagcgaaaataaataaag,4210,Asteraceae,41574,Erigeron,1,species,Erigeron canadensis,72917,['Erigeron canadensis'],Erigeron canadensis,72917,M00763:170:000000000-LHC44:1:2115:25732:17471_CONS,NA,1,OM731596,15,P12464,forb,,,
170,atcccttttttgaaaaacaagtggtcctcaaactagaacccaaaggaaaag,4479,Poaceae,NA,NA,1,tribe,Danthonieae.1,NA,[],NA,147432,M00763:170:000000000-LHC44:1:2108:8693:5815_CONS,NA,1,DQ890497,15,P15727,grass,,,
194,atccggttttctgacaataacaaaaggttcagaaaacgaaaatcaaaaag,4381,Campanulaceae,40568,Campanula,1,genus,Campanula,NA,[],NA,40568,M00763:170:000000000-LHC44:1:2112:25707:6836_CONS,NA,1,EF088759,15,P6732,forb,,,
563,atcggtgttttgagaaaacaaggaggttctcgaactagaatacaaaggaaaag,4479,Poaceae,4605,Festuca,1,species,Festuca viviparoidea,464086,['Festuca viviparoidea'],Festuca viviparoidea,464086,M00763:170:000000000-LHC44:1:1115:8523:23496_CONS,NA,1,GQ244983,15,P6926,grass,,,
79,atcacgttttccgaaaacaaacagaggttcagaaagcgaaaatcaaaaag,4210,Asteraceae,77552,Crepidiastrum,1,species,Crepidiastrum ameristophyllum,77553,['Crepidiastrum ameristophyllum'],Crepidiastrum ameristophyllum,77553,M00763:170:000000000-LHC44:1:1114:13718:18839_CONS,NA,1,AB817620,14,P25751,forb,,,
82,atcacgttttccgaaaacaaaggttcagaaagcgaaaataaaaag,4210,Asteraceae,56514,Anisopappus,1,species,Anisopappus corymbosus,2052863,['Anisopappus corymbosus'],Anisopappus corymbosus,2052863,M00763:89:000000000-KMT9H:1:1116:8162:15971_CONS,NA,1,KY210051,14,P36901,forb,,,
89,atcacgttttccgaaaacaagcaaaggttcagaaagcgaaaataaaaaaa,4210,Asteraceae,72924,Diplostephium,1,species,Diplostephium crypteriophyllum,1716009,['Diplostephium crypteriophyllum'],Diplostephium crypteriophyllum,1716009,M00763:170:000000000-LHC44:1:1101:15884:8785_CONS,NA,1,KX063905,14,P1020,forb,,,
270,atcctaggttacgcgaacaaaccaaagtttagaaagcgg,3700,Brassicaceae,3705,Brassica,1,species,Brassica oleracea,3712,['Brassica oleracea'],Brassica oleracea,3712,M00763:89:000000000-KMT9H:1:1101:25677:16007_CONS,NA,1,LR031876,14,P41561,forb,,,
423,atcctgttttcaaataaaaacaaatgaagagttcatcaaccaaaaatagaataaagaataaaaaaag,43873,Zygophyllaceae,66639,Porlieria,1,species,Porlieria chilensis,66640,['Porlieria chilensis'],Porlieria chilensis,66640,M00763:202:000000000-LNL3T:1:1102:16146:8315_CONS,NA,1,AJ387955,14,P36453,coniferous shrub/tree,NA,NA,NA
499,atcctgttttttgaaaacaaaggtttcgaaaatcgaaaaagaaaaaaag,4185,Acanthaceae,24028,Sanchezia,1,species,Sanchezia speciosa,34266,['Sanchezia speciosa'],Sanchezia speciosa,34266,M00763:202:000000000-LNL3T:1:1104:15589:7219_CONS,NA,1,AF063113,14,P39667,deciduous shrub/tree,NA,NA,NA
580,atcttaatctggagaaaatgtgtttctctataaaaactagaatcaaaaag,14101,Juncaceae,46322,Luzula,1,genus,Luzula.2,NA,[],NA,46322,M00763:170:000000000-LHC44:1:1110:17808:17700_CONS,NA,1,AB219640,14,P17140,non-grass graminoid,,,
665,atcttttttttttgaaatttttgtttgttttcgaaaaaaaagg,4345,Ericaceae,13650,Pyrola,1,species,Pyrola alpina,642524,['Pyrola alpina'],Pyrola alpina,642524,M00763:170:000000000-LHC44:1:1118:6066:4408_CONS,NA,1,FJ378620,14,P31662,forb,,,
695,ctcctgctttccaaaaggaagaataaaaaaag,3615,Polygonaceae,NA,NA,1,subfamily,Polygonoideae.2,NA,[],NA,1110380,M00763:170:000000000-LHC44:1:2114:16574:10894_CONS,NA,1,EU586187,14,P17607,forb,,,
722,ctccttttttcaaaaaaaaaaagattcagaaagtaagaaaaaagaaaag,91876,Sarcobataceae,46106,Sarcobatus,1,species,Sarcobatus vermiculatus,46107,['Sarcobatus vermiculatus'],Sarcobatus vermiculatus,46107,M00763:202:000000000-LNL3T:1:1116:10059:6739_CONS,NA,1,MH286338,14,P38599,NA,NA,NA,NA
86,atcacgttttccgaaaacaagcaaaggttcagaaagcgaaaaaaaaaaag,4210,Asteraceae,NA,NA,1,tribe,Astereae.3,NA,[],NA,102809,M00763:170:000000000-LHC44:1:2108:22868:11203_CONS,NA,1,JN543705,13,P6692,forb,,,
545,atcctttttttggcaaacaaataaagattccgaaagaaaaagg,4345,Ericaceae,13749,Vaccinium,1,species,Vaccinium fragile,180758,['Vaccinium fragile'],Vaccinium fragile,180758,M00763:170:000000000-LHC44:1:2107:13213:16269_CONS,NA,1,MK816301,13,P15723,deciduous shrub/tree,,,
560,atcgcgttttccgaaaacaaacaaaggttcagaaagcgaaaataaaaag,4210,Asteraceae,NA,NA,1,tribe,Gnaphalieae.1,NA,[],NA,102808,M00763:170:000000000-LHC44:1:2109:22551:23437_CONS,NA,1,AF141694,13,P1607,forb,,,
561,atcgcgttttccgaaaacaaacaaaggttcagaaagcgaaaatcaaaaag,NA,NA,NA,NA,1,order,Asterales.4,NA,[],NA,4209,M00763:170:000000000-LHC44:1:2117:25920:5094_CONS,NA,1,AB598604,13,P16063,forb,,,
712,ctccttctttccaaaaggaagaataaaaaag,3615,Polygonaceae,3620,Rheum,1,genus,Rheum,NA,[],NA,3620,M00763:170:000000000-LHC44:1:2101:24547:23246_CONS,NA,1,AF303438,13,P25776,forb,,,
716,ctcctttatgttttgtttcttttttttttttagcaaag,3568,Caryophyllaceae,669488,Eremogone,1,genus,Eremogone,NA,[],NA,669488,M00763:170:000000000-LHC44:1:1117:18187:18866_CONS,NA,1,FJ404960,13,P21754,forb,,,
25,atcacgttttccgaaaacaaacaaaggttaagaaagcgaaaatcaaaaag,4210,Asteraceae,NA,NA,1,subtribe,Lactucinae,NA,[],NA,745062,M00763:170:000000000-LHC44:1:2115:4268:11518_CONS,NA,1,LT722263,12,P10253,forb,,,
73,atcacgttttccgaaaacaaacaaaggttcaggaagcgaaaatcaaaaag,4210,Asteraceae,4235,Lactuca,1,species,Lactuca saligna,75948,['Lactuca saligna'],Lactuca saligna,75948,M00763:170:000000000-LHC44:1:1104:12255:8363_CONS,NA,1,LS975500,12,P15853,forb,,,
124,atccatgttttgagaaaaaaaaaggggggttctcgaactagaatacaaaggaaaag,4479,Poaceae,4501,Bromus,1,species,Bromus tectorum,29667,['Bromus tectorum'],Bromus tectorum,29667,M00763:170:000000000-LHC44:1:1118:6705:7938_CONS,NA,1,MZ965254,12,P10056,grass,,,
271,atcctaggttacgcgaacaaaccggagtttagaaagcgagaaaaaagg,3700,Brassicaceae,NA,NA,1,family,Brassicaceae.2,NA,[],NA,3700,M00763:170:000000000-LHC44:1:2113:20249:21625_CONS,NA,1,AY230552,12,P17978,forb,,,
330,atcctcttttttttttcaaaacaaaggttcagaaaacgaaaaaag,91896,Orobanchaceae,43174,Pedicularis,1,genus,Pedicularis,NA,[],NA,43174,M00763:170:000000000-LHC44:1:2111:23427:16916_CONS,NA,1,AB280432,12,P16628,forb,,,
487,atcctgttttctcaaaacaaaggttcagaaaacgaaaaaag,91896,Orobanchaceae,NA,NA,1,family,Orobanchaceae,NA,[],NA,91896,M00763:170:000000000-LHC44:1:2117:18556:24813_CONS,NA,1,DQ839446,12,P24267,forb,,,
553,atccttttttttttggcaaacaaataaagattccgaaagaaaaaaaaagg,4345,Ericaceae,13749,Vaccinium,1,species,Vaccinium vitis-idaea,180772,['Vaccinium vitis-idaea'],Vaccinium vitis-idaea,180772,M00763:202:000000000-LNL3T:1:1106:2720:13640_CONS,NA,1,DQ860641,12,P40392,forb,,,
702,ctccttaaatcgtctcctaaaaaaaaacggattcaaaaaacaagaataaaaaag,3568,Caryophyllaceae,13273,Stellaria,1,genus,Stellaria.2,NA,[],NA,13273,M00763:89:000000000-KMT9H:1:1118:21830:2910_CONS,NA,1,AY521298,12,P36914,forb,,,
37,atcacgttttccgaaaacaaacaaaggttcagaaagcgaaaaaaag,4210,Asteraceae,NA,NA,1,subfamily,Asteroideae.11,NA,[],NA,102804,M00763:170:000000000-LHC44:1:1107:11897:11981_CONS,NA,1,EF538111,11,P31365,forb,NA,NA,NA
81,atcacgttttccgaaaacaaaggttcagaaagcgaaaataaaaaag,4210,Asteraceae,NA,NA,1,family,Asteraceae.14,NA,[],NA,4210,M00763:170:000000000-LHC44:1:2105:18566:9976_CONS,NA,1,EF530296,11,P10528,forb,,,
98,atcacgttttccgaaaacaatcaaaggttcagaaagcgaaaataaaaaag,4210,Asteraceae,41487,Baccharis,1,species,Baccharis psiadioides,2707512,['Baccharis psiadioides'],Baccharis psiadioides,2707512,M00763:170:000000000-LHC44:1:1115:18189:9627_CONS,NA,1,MN268332,11,P4655,forb,,,
193,atccggttttctgaagacaaacaaggattcagaaggcgataataaaaaag,3487,Moraceae,3493,Ficus,1,genus,Ficus,NA,[],NA,3493,M00763:202:000000000-LNL3T:1:1115:22713:14388_CONS,NA,1,MK261593,11,P36651,deciduous shrub/tree,NA,NA,NA
332,atcctgagttacgcgaacaaaccagagtttagaaagcgg,3700,Brassicaceae,NA,NA,1,family,Brassicaceae.5,NA,[],NA,3700,M00763:170:000000000-LHC44:1:1101:19799:23047_CONS,NA,1,AB213011,11,P30339,forb,,,
362,atcctgggttacgcgaacaaaccagagtttagaaagcgg,3700,Brassicaceae,NA,NA,1,family,Brassicaceae.6,NA,[],NA,3700,M00763:170:000000000-LHC44:1:1106:10735:24994_CONS,NA,1,AB213008,11,P30493,forb,,,
400,atcctgttttacgaaaacaaaacacaagggttcagaaagagagaataaaaaaaaag,3792,Saxifragaceae,NA,NA,1,family,Saxifragaceae.4,NA,[],NA,3792,M00763:170:000000000-LHC44:1:2106:20208:16811_CONS,NA,1,AB161135,11,P34286,forb,,,
428,atcctgttttccaaaaaccaagaagagttcagaaagggagaataaaataaaaaaag,3803,Fabaceae,NA,NA,1,tribe,Acacieae,NA,[],NA,163485,M00763:89:000000000-KMT9H:1:1112:13316:9612_CONS,NA,1,AF195700,11,P38786,NA,,,
459,atcctgttttccgaaaaccaagaagagttcagaaaaggagaataaaaaaag,3803,Fabaceae,468162,Vachellia,1,genus,Vachellia,NA,[],NA,468162,M00763:89:000000000-KMT9H:1:1119:26337:16452_CONS,NA,1,AF522974,11,P38848,deciduous shrub/tree,,,
488,atcctgttttctcaaaacaaaggttcagaaagcgaaaaaaaag,4149,Scrophulariaceae,NA,NA,1,family,Scrophulariaceae,NA,[],NA,4149,M00763:170:000000000-LHC44:1:2111:8485:13971_CONS,NA,1,JX985286,11,P3725,forb,,,
724,ctccttttttcaaaagcaagaataaaaaaaaaag,1804623,Chenopodiaceae,3561,Spinacia,1,species,Spinacia tetrandra,1072235,['Spinacia tetrandra'],Spinacia tetrandra,1072235,M00763:170:000000000-LHC44:1:2109:6651:21373_CONS,NA,1,AB935659,11,P16011,forb,,,
28,atcacgttttccgaaaacaaacaaaggttcagaaagcaaaaatcaaaaag,4210,Asteraceae,NA,NA,1,family,Asteraceae.3,NA,[],NA,4210,M00763:170:000000000-LHC44:1:1104:7558:18142_CONS,NA,1,GU134589,10,P1150,forb,,,
105,atcacgttttctgaaaacaaacaaaggttcagaaagcgaaaatcaaaaag,4210,Asteraceae,NA,NA,1,family,Asteraceae.21,NA,[],NA,4210,M00763:170:000000000-LHC44:1:2108:20010:4859_CONS,NA,1,AB355569,10,P23742,forb,,,
317,atcctattttttgaaaacaaaggtttagaaagtgaaaaaggg,24966,Rubiaceae,25168,Galium,1,genus,Galium,NA,[],NA,25168,M00763:170:000000000-LHC44:1:1107:12618:13610_CONS,NA,1,HM055853,10,P9296,forb,,,
359,atcctgctttcctaaaacaaacaaataaaagttcagaaagtcaaaataaaaaaag,3803,Fabaceae,47034,Hedysarum,1,species,Hedysarum sangilense,2419553,['Hedysarum sangilense'],Hedysarum sangilense,2419553,M00763:170:000000000-LHC44:1:1114:6736:6801_CONS,NA,1,MG905941,10,P17194,forb,,,
381,atcctgtcttctaaaaacaaaggttcagaaagtgaaaaaaaaag,156152,Plantaginaceae,4173,Veronica,1,species,Veronica cusickii,69928,['Veronica cusickii'],Veronica cusickii,69928,M00763:170:000000000-LHC44:1:1102:18522:22016_CONS,NA,1,AF034869,10,P27949,forb,,,
388,atcctgttttaagaaagcaaaacacaagggttcagaaaaagaaaaaaaag,3792,Saxifragaceae,3798,Saxifraga,1,genus,Saxifraga.7,NA,[],NA,3798,M00763:170:000000000-LHC44:1:1101:14495:13184_CONS,NA,1,KU974028,10,P25688,forb,,,
452,atcctgttttccgaaaacaaagaagagttcagaaagcgagaataaaaaaag,NA,NA,NA,NA,1,order,Fabales,NA,[],NA,72025,M00763:170:000000000-LHC44:1:1104:3392:9779_CONS,NA,1,AF309842,10,P32673,forb,,,
461,atcctgttttccgaaaaccaagaagagttcagaaagggagaataaaaaaaaaaaaaaag,3803,Fabaceae,NA,NA,1,tribe,Acacieae.1,NA,[],NA,163485,M00763:202:000000000-LNL3T:1:1106:4540:16692_CONS,NA,1,EU440001,10,P39673,NA,NA,NA,NA
509,atccttctttccgaaaacaaaaaaataaaagttcagaaaaaaaaag,3803,Fabaceae,47081,Melilotus,1,genus,Melilotus,NA,[],NA,47081,M00763:170:000000000-LHC44:1:2107:19626:16060_CONS,NA,1,AF124232,10,P4381,forb,Melilotus spp1,"Meliotus alba, Meliotus officinalis",
533,atccttttttcgcaaacaaacaaagattccgaaagctaaaaaaaaag,4345,Ericaceae,4346,Rhododendron,1,genus,Rhododendron,NA,[],NA,4346,M00763:170:000000000-LHC44:1:2117:19800:6904_CONS,NA,1,AF394257,10,P15800,deciduous shrub/tree,,,
689,attttattttatttaaaaataa,NA,NA,NA,NA,1,superorder,Bryanae.1,NA,[],NA,404297,M00763:202:000000000-LNL3T:1:1101:25797:5253_CONS,NA,1,AF023744,10,P39930,moss,NA,NA,NA
59,atcacgttttccgaaaacaaacaaaggttcagaaagcgaaaataaaaaagg,4210,Asteraceae,NA,NA,1,subtribe,Vernoniinae,NA,[],NA,748798,M00763:170:000000000-LHC44:1:2116:11138:13691_CONS,NA,1,HQ158427,9,P18665,forb,,,
68,atcacgttttccgaaaacaaacaaaggttcagaaagcgaagagaaaaaag,4210,Asteraceae,13753,Vernonia,1,species,Vernonia cordata,2067265,['Vernonia cordata'],Vernonia cordata,2067265,M00763:170:000000000-LHC44:1:1110:18148:13795_CONS,NA,1,MG753181,9,P15296,forb,,,
195,atccggttttctgacaataacaaaaggttcagaaagcaaaaatcaaaaag,4381,Campanulaceae,NA,NA,1,family,Campanulaceae.2,NA,[],NA,4381,M00763:170:000000000-LHC44:1:2110:6948:19340_CONS,NA,1,EF088694,9,P3719,forb,,,
369,atcctggtttacgcgaacaaacctgagtttagaaagcgataaaaagg,3700,Brassicaceae,NA,NA,1,tribe,Thlaspideae,NA,[],NA,981099,M00763:89:000000000-KMT9H:1:1105:16175:22106_CONS,NA,1,AY122461,9,P38273,forb,,,
536,atccttttttctcaaaacaaaggttcagaaaacgaaaaaaaaag,24079,Bignoniaceae,NA,NA,1,family,Bignoniaceae,NA,[],NA,24079,M00763:170:000000000-LHC44:1:1105:10900:23947_CONS,NA,1,AF034889,9,P10369,forb,,,
602,atcttctttttgagaaaaagaaatatataaaatatttcttatgtcagataagaaataatattttttcttatctaatattaaa,4609,Cyperaceae,13398,Carex,1,species,Carex picta,140847,['Carex picta'],Carex picta,140847,M00763:170:000000000-LHC44:1:1103:28042:12210_CONS,NA,1,AF284918,9,P7648,non-grass graminoid,NA,NA,NA
658,atctttcttttttgaaaaacaagggttttaaaaactagaataaaaagg,4668,Amaryllidaceae,NA,NA,1,tribe,Gilliesieae,NA,[],NA,703249,M00763:202:000000000-LNL3T:1:1105:13404:19913_CONS,NA,1,AF117025,9,P36467,forb,NA,NA,NA
688,attttattttaagagtaa,61528,Encalyptaceae,61536,Encalypta,1,genus,Encalypta,NA,[],NA,61536,M00763:202:000000000-LNL3T:1:1105:16450:12582_CONS,NA,1,JX971208,9,P38628,moss,NA,NA,NA
726,ctccttttttcaaaagcaagaataaaaaaaag,NA,NA,NA,NA,1,clade,Pentapetalae.1,NA,[],NA,1437201,M00763:170:000000000-LHC44:1:1113:10103:17195_CONS,NA,1,GQ245137,9,P5282,NA,,,
21,atcacgttttccgaaaacaaacaaagattcagaaagcgaaaataaaaag,4210,Asteraceae,NA,NA,1,tribe,Gnaphalieae.2,NA,[],NA,102808,M00763:170:000000000-LHC44:1:1116:15938:12117_CONS,NA,1,AF141712,8,P6278,forb,,,
35,atcacgttttccgaaaacaaacaaaggttcagaaagcgaaaaaaaaag,4210,Asteraceae,NA,NA,1,family,Asteraceae.7,NA,[],NA,4210,M00763:170:000000000-LHC44:1:2116:16370:19677_CONS,NA,1,AF141726,8,P3771,forb,,,
48,atcacgttttccgaaaacaaacaaaggttcagaaagcgaaaagaaaaagg,4210,Asteraceae,904411,Arbelaezaster,1,species,Arbelaezaster ellsworthii,904412,['Arbelaezaster ellsworthii'],Arbelaezaster ellsworthii,904412,M00763:170:000000000-LHC44:1:1110:5288:20949_CONS,NA,1,GU817969,8,P15297,forb,,,
53,atcacgttttccgaaaacaaacaaaggttcagaaagcgaaaataaaaaaaaa,4210,Asteraceae,NA,NA,1,subfamily,Asteroideae.4,NA,[],NA,102804,M00763:170:000000000-LHC44:1:1101:21387:2698_CONS,NA,1,AB219594,8,P1777,forb,,,
149,atcccgttttatgaaaagaaacaagggtttcagaacgagagaataaataaag,3745,Rosaceae,3761,Geum,1,genus,Geum.2,NA,[],NA,3761,M00763:170:000000000-LHC44:1:2108:16071:17188_CONS,NA,1,AJ297343,8,P19628,forb,,,
162,atcccgttttctgaaaacaaacaaaggttcagaaagcgaaaataaaaaag,NA,NA,NA,NA,1,order,Asterales.2,NA,[],NA,4209,M00763:170:000000000-LHC44:1:1112:4514:7528_CONS,NA,1,GQ984065,8,P5959,forb,,,
200,atccggttttttgaaatgaaaaaaaaaagtttatatagacagaataaaaaag,24921,Violaceae,NA,NA,1,family,Violaceae,NA,[],NA,24921,M00763:170:000000000-LHC44:1:1104:22291:23569_CONS,NA,1,DQ085886,8,P32071,forb,,,
229,atccgtgttttgagaaaacaaaggggttctcgaattagaatacaaaggaaaag,4479,Poaceae,391965,Desmazeria,1,species,Desmazeria philistaea,1126028,['Desmazeria philistaea'],Desmazeria philistaea,1126028,M00763:170:000000000-LHC44:1:1104:8705:4736_CONS,NA,1,LR606676,8,P24319,grass,,,
353,atcctgctttccgaaaacaaaaaaataaaagttcagaaagttcaaatgaaagaaataaag,3803,Fabaceae,20802,Oxytropis,1,species,Oxytropis sp. TS-2017,2020504,['Oxytropis sp. TS-2017'],Oxytropis sp. TS-2017,2020504,M00763:89:000000000-KMT9H:1:1105:12650:13027_CONS,NA,1,LC309092,8,P37850,forb,,,
476,atcctgttttctcaaaacaaaagttcaaaaaacgaaaaaaaaaaaaag,4136,Lamiaceae,NA,NA,1,subfamily,Nepetoideae,NA,[],NA,216706,M00763:89:000000000-KMT9H:1:1112:7648:20385_CONS,NA,1,AJ505464,8,P38790,forb,,,
593,atcttatttttgagaaaaagaaatatataaaatatttcttatttcagataagaaataatattttttcttatctaatattaaa,4609,Cyperaceae,13398,Carex,1,species,Carex media,140785,['Carex media'],Carex media,140785,M00763:170:000000000-LHC44:1:2109:3277:7041_CONS,NA,1,AF284878,8,P29729,non-grass graminoid,,,
595,atcttcttttccgaaaccaaacccaaatacaggggttcaaaaagcgcgaataaaaaag,3781,Crassulaceae,202994,Rhodiola,1,genus,Rhodiola,NA,[],NA,202994,M00763:89:000000000-KMT9H:1:1101:18999:8516_CONS,NA,1,AB480671,8,P37819,forb,,,
619,atcttctttttgagaaaaagaaatatatacaatatttcttatttcagataagaaataatattttttcttatctaatattaaa,4609,Cyperaceae,13398,Carex,1,subgenus,Carex subgen. Carex.6,NA,[],NA,2759858,M00763:170:000000000-LHC44:1:1115:3313:19246_CONS,NA,1,AF284869,8,P35625,non-grass graminoid,,,
648,atctttatttttagaaaaacaagggtttgaaaaactagaataaaaagg,4668,Amaryllidaceae,NA,NA,1,subfamily,Amaryllidoideae,NA,[],NA,703251,M00763:202:000000000-LNL3T:1:1116:15717:9364_CONS,NA,1,AB090944,8,P36492,forb,NA,NA,NA
675,attcgatttgg,3256,Equisetaceae,3257,Equisetum,1,species,Equisetum variegatum,231678,['Equisetum variegatum'],Equisetum variegatum,231678,M00763:170:000000000-LHC44:1:1106:9773:10482_CONS,NA,1,MH750092,8,P9903,forb,,,
3,atcacattttccgaaaacaaacaaaggttcagaaagcgaaaatcaaaaag,4210,Asteraceae,NA,NA,1,family,Asteraceae.19,NA,[],NA,4210,M00763:170:000000000-LHC44:1:2108:5783:15621_CONS,NA,1,AY772372,7,P16003,forb,,,
206,atccgtgttttgagaaaaaaaaaaaaaggggggttctcgaactagaatacaaaggaaaag,4479,Poaceae,4501,Bromus,1,species,Bromus brachyanthera,254120,['Bromus brachyanthera'],Bromus brachyanthera,254120,M00763:170:000000000-LHC44:1:2106:16594:20449_CONS,NA,1,AY367958,7,P14502,grass,,,
237,atccgtgttttgagaaaacaaggaggttctcgaactagaatactaaggaaaag,4479,Poaceae,4605,Festuca,1,species,Festuca sinensis,2100441,['Festuca sinensis'],Festuca sinensis,2100441,M00763:170:000000000-LHC44:1:2106:22214:5435_CONS,NA,1,KY999938,7,P2850,grass,,,
292,atcctattttacgaaaaccaacaccgggggtttagaaagcgagaaaaaaaaag,3934,Onagraceae,NA,NA,1,tribe,Onagreae.1,NA,[],NA,1585432,M00763:170:000000000-LHC44:1:1109:16349:15238_CONS,NA,1,AJ620604,7,P32582,forb,,,
411,atcctgttttatgaaaaaaaaaaaag,3792,Saxifragaceae,759618,Micranthes,1,species,Micranthes sachalinensis,1529549,['Micranthes sachalinensis'],Micranthes sachalinensis,1529549,M00763:170:000000000-LHC44:1:1112:28174:17829_CONS,NA,1,LM654488,7,P22007,forb,,,
460,atcctgttttccgaaaaccaagaagagttcagaaagggagaataaaaaaaaaaaaaaaag,3803,Fabaceae,NA,NA,1,clade,mimosoid clade.5,NA,[],NA,3807,M00763:202:000000000-LNL3T:1:1103:18139:11648_CONS,NA,1,GQ118709,7,P39665,NA,NA,NA,NA
462,atcctgttttccgaaaaccaagaagagttcagaaagggagaataaaaaaaaaaaaaag,3803,Fabaceae,NA,NA,1,clade,mimosoid clade.3,NA,[],NA,3807,M00763:202:000000000-LNL3T:1:1101:7495:18202_CONS,NA,1,AF195702,7,P39024,NA,NA,NA,NA
471,atcctgttttccgaaaccaaaggttcagaaagttaaaaaagg,24966,Rubiaceae,58501,Canthium,1,species,Canthium ramosii,1469571,['Canthium ramosii'],Canthium ramosii,1469571,M00763:170:000000000-LHC44:1:1110:6527:12947_CONS,NA,1,HG937662,7,P9334,deciduous shrub/tree,,,
565,atctctttttttttattattttaagaaaacaaag,56740,Alstroemeriaceae,56741,Alstroemeria,1,species,Alstroemeria pelegrina,71826,['Alstroemeria pelegrina'],Alstroemeria pelegrina,71826,M00763:202:000000000-LNL3T:1:1101:3671:13683_CONS,NA,1,AJ551332,7,P36449,forb,NA,NA,NA
603,atcttctttttgagaaaaagaaatatataaaatatttcttatttaagataagaaataatattttttcttatctaatattaaa,4609,Cyperaceae,13398,Carex,1,subgenus,Carex subgen. Carex.3,NA,[],NA,2759858,M00763:170:000000000-LHC44:1:1117:3665:7464_CONS,NA,1,AB079409,7,P13571,non-grass graminoid,,,
627,atcttcttttttagaaaaagaaatatagaaaatatttcttatttcagataagaaagaataatattttttatctaatattaaa,4609,Cyperaceae,13398,Carex,1,species,Carex lachenalii,240688,['Carex lachenalii'],Carex lachenalii,240688,M00763:170:000000000-LHC44:1:2115:19336:6318_CONS,NA,1,GQ244713,7,P30585,non-grass graminoid,,,
659,atctttgattaatcaaatgaatttcgggcgatgagacga,29607,Dryopteridaceae,NA,NA,1,subfamily,Dryopteridoideae,NA,[],NA,2014984,M00763:170:000000000-LHC44:1:1103:12378:2272_CONS,NA,1,AY736330,7,P41932,forb,,,
720,ctccttttgtcaaaagcaaaaaataaagattcagaaagcaacaataaaaaaag,1804623,Chenopodiaceae,NA,NA,1,subfamily,Chenopodioideae,NA,[],NA,1307796,M00763:202:000000000-LNL3T:1:1111:21182:22434_CONS,NA,1,HE577546,7,P36484,forb,NA,NA,NA
9,atcacgttttccaaaaacaaacaaaggttcagaaagcgaaaatcaaaaag,4210,Asteraceae,NA,NA,1,subtribe,Lactucinae.2,NA,[],NA,745062,M00763:170:000000000-LHC44:1:2114:2129:13114_CONS,NA,1,LT722243,6,P25866,forb,NA,NA,NA
46,atcacgttttccgaaaacaaacaaaggttcagaaagcgaaaagaaaaaagg,4210,Asteraceae,1075340,Tarlmounia,1,species,Tarlmounia elliptica,434697,['Tarlmounia elliptica'],Tarlmounia elliptica,434697,M00763:170:000000000-LHC44:1:1113:24039:7893_CONS,NA,1,HQ158466,6,P23266,forb,NA,NA,NA
84,atcacgttttccgaaaacaaataaaggttcagaaagcgaaaatcaaaaag,4210,Asteraceae,2912740,Oreoseris,1,species,Oreoseris kokanica,1898457,['Oreoseris kokanica'],Oreoseris kokanica,1898457,M00763:170:000000000-LHC44:1:2107:27154:13254_CONS,NA,1,KX349401,6,P23084,forb,,,
172,atcccttttttgaaaaacacgtggtcctcaaactagaacccaaagaaaaag,4479,Poaceae,NA,NA,1,tribe,Danthonieae.2,NA,[],NA,147432,M00763:202:000000000-LNL3T:1:1113:28061:17720_CONS,NA,1,DQ218165,6,P36488,grass,NA,NA,NA
213,atccgtgttttgagaaaaaaaaaaggggttctcgaactagaatacaaaggaaaag,4479,Poaceae,4501,Bromus,1,species,Bromus frondosus,254128,['Bromus frondosus'],Bromus frondosus,254128,M00763:170:000000000-LHC44:1:1101:13518:22305_CONS,NA,1,AY367963,6,P9832,grass,,,
253,atccgtgttttgagaaaacaagtggttctcgaactagaatccaaaggaaaag,4479,Poaceae,42047,Danthonia,1,species,Danthonia intermedia,500234,['Danthonia intermedia'],Danthonia intermedia,500234,M00763:170:000000000-LHC44:1:2104:14502:5069_CONS,NA,1,YHT092-24_Danthonia_,6,P29355,grass,,,
280,atcctattttacaagaacaaataagagttcagaaagcgaaatagggg,23808,Simaroubaceae,NA,NA,1,family,Simaroubaceae,NA,[],NA,23808,M00763:202:000000000-LNL3T:1:1115:8830:23862_CONS,NA,1,FJ039257,6,P38494,NA,NA,NA,NA
298,atcctattttatgaaaaccaacaaaacaacaaagattcagaataaaaaaag,3954,Combretaceae,39992,Terminalia,1,genus,Terminalia,NA,[],NA,39992,M00763:202:000000000-LNL3T:1:2109:23627:18634_CONS,NA,1,AB817424,6,P38515,deciduous shrub/tree,NA,NA,NA
315,atcctatttttcgaaaacaaacaggttcataaagacagaataagaatacaaaag,3688,Salicaceae,3689,Populus,1,species,Populus davidiana,266767,['Populus davidiana'],Populus davidiana,266767,M00763:170:000000000-LHC44:1:2107:22953:7022_CONS,NA,1,MG426547,6,P17957,deciduous shrub/tree,,,
325,atcctctttttcgaaaacaaaggttaaaggaaaatcaaaaaaggggg,4335,Primulaceae,49647,Primula,1,genus,Primula.1,NA,[],NA,49647,M00763:170:000000000-LHC44:1:1102:26028:5819_CONS,NA,1,AF402413,6,P22151,forb,,,
466,atcctgttttccgaaaaccaagaagagttcagaaagggagaataaaataaaaaaaaaaaag,3803,Fabaceae,NA,NA,1,clade,mimosoid clade.2,NA,[],NA,3807,M00763:202:000000000-LNL3T:1:1102:10057:13925_CONS,NA,1,GQ118717,6,P38579,NA,NA,NA,NA
472,atcctgttttctaaaaaaaaaggttcagaaaacgaaaaaaaaaag,91896,Orobanchaceae,43172,Orthocarpus,1,genus,Orthocarpus,NA,[],NA,43172,M00763:89:000000000-KMT9H:1:1101:17348:16413_CONS,NA,1,EF103883,6,P41338,forb,,,
475,atcctgttttctcaaaacaaaagttcaaaaaacgaaaaaaaaaaaaaag,4136,Lamiaceae,39173,Ocimum,1,genus,Ocimum,NA,[],NA,39173,M00763:89:000000000-KMT9H:1:1107:23444:10521_CONS,NA,1,KY623639,6,P38747,forb,,,
486,atcctgttttctcaaaacaaaggttcagaaaacgaaaaaaagg,NA,NA,NA,NA,1,order,Lamiales.6,NA,[],NA,4143,M00763:170:000000000-LHC44:1:2102:24783:10709_CONS,NA,1,FJ939260,6,P31252,forb,,,
510,atccttctttccgaaaacaaaaaaataaaagttcagaaagttaaaatcaaaaaag,3803,Fabaceae,NA,NA,1,tribe,Trifolieae,NA,[],NA,163742,M00763:170:000000000-LHC44:1:2107:14893:11094_CONS,NA,1,AB546812,6,P8843,NA,,,
537,atccttttttctcaaaacaaaggttcagaaaaggaaaaaaag,24079,Bignoniaceae,NA,NA,1,tribe,Bignonieae,NA,[],NA,423302,M00763:202:000000000-LNL3T:1:2110:13412:23155_CONS,NA,1,FJ870010,6,P40090,deciduous shrub/tree,NA,NA,NA
571,atcttaaaaaaaaaaaaaaaaaaatggaaaatgagaataaaaaga,4747,Orchidaceae,59323,Gymnadenia,1,species,Gymnadenia x densiflora,97906,['Gymnadenia x densiflora'],Gymnadenia x densiflora,97906,M00763:170:000000000-LHC44:1:1114:24745:22146_CONS,NA,1,AF105324,6,P32512,forb,,,
572,atcttaaaaaaaaaaaaaaaaaatggaaaatgagaataaaaaga,4747,Orchidaceae,NA,NA,1,subtribe,Orchidinae.3,NA,[],NA,158366,M00763:170:000000000-LHC44:1:1105:25160:6473_CONS,NA,1,AF105326,6,P35687,forb,,,
614,atcttctttttgagaaaaagaaatatataaaatatttcttatttcagataagaaataatattttttcttatctaatgttaaa,4609,Cyperaceae,13398,Carex,1,species,Carex supina,140858,['Carex supina'],Carex supina,140858,M00763:170:000000000-LHC44:1:1107:22946:10841_CONS,NA,1,GQ244753,6,P13293,non-grass graminoid,NA,NA,NA
678,attctatttag,3256,Equisetaceae,3257,Equisetum,1,genus,Equisetum.1,NA,[],NA,3257,M00763:170:000000000-LHC44:1:1104:28547:14696_CONS,NA,1,AY226119,6,P18446,forb,,,
62,atcacgttttccgaaaacaaacaaaggttcagaaagcgaaaatcaaaaaa,4210,Asteraceae,NA,NA,1,subtribe,Arctotidinae,NA,[],NA,746524,M00763:170:000000000-LHC44:1:2102:22947:9529_CONS,NA,1,AY504786,5,P1485,forb,,,
102,atcacgttttctgaaaacaaacaaaggttcagaaagcgaaaagaaaaaag,4210,Asteraceae,NA,NA,1,family,Asteraceae.16,NA,[],NA,4210,M00763:170:000000000-LHC44:1:2102:16111:10043_CONS,NA,1,AH007133,5,P12342,forb,,,
107,atcacgtttttcgaaaacaaacaaaggttcagaaagcgaaaatcaaaaag,4210,Asteraceae,NA,NA,1,family,Asteraceae.23,NA,[],NA,4210,M00763:170:000000000-LHC44:1:2105:17066:10735_CONS,NA,1,LN607090,5,P25806,forb,NA,NA,NA
160,atcccgttttcggaaaggaaataaacattaagaaagcgagaataaaaaagg,NA,NA,NA,NA,1,clade,rosids.2,NA,[],NA,71275,M00763:89:000000000-KMT9H:1:1105:6228:21763_CONS,NA,1,AF208946,5,P37159,NA,,,
185,atccggttcgtggagacaatggtttcttctcctagcataggaaggg,3318,Pinaceae,3321,Cedrus,1,genus,Cedrus,NA,[],NA,3321,M00763:170:000000000-LHC44:1:1102:22834:5016_CONS,NA,1,AB480043,5,P18009,coniferous shrub/tree,,,
192,atccggttttctgaaaacaaacaagggttcagaaggcgctaataaaaaag,NA,NA,NA,NA,1,clade,Spermatophyta.6,NA,[],NA,58024,M00763:202:000000000-LNL3T:1:1108:24809:18952_CONS,NA,1,AB445572,5,P42082,NA,NA,NA,NA
246,atccgtgttttgagaaaacaaggggttctcgaactagaatacaaagg,4479,Poaceae,4564,Triticum,1,species,Triticum aestivum.4,4565,['Triticum aestivum'],Triticum aestivum,4565,M00763:170:000000000-LHC44:1:1113:8914:3240_CONS,NA,1,LR862533,5,P11735,grass,,,
249,atccgtgttttgagaaaacaaggggttctcgaactagaatcaaaaggaaaag,4479,Poaceae,15367,Brachypodium,1,species,Brachypodium distachyon,15368,['Brachypodium distachyon'],Brachypodium distachyon,15368,M00763:170:000000000-LHC44:1:2118:26112:12054_CONS,NA,1,KU163173,5,P3794,grass,,,
260,atccgtgttttgagaaaataagagggttctcgaactagaatacaaaggaaaag,4479,Poaceae,4496,Avena,1,genus,Avena.2,NA,[],NA,4496,M00763:202:000000000-LNL3T:1:1109:21824:16551_CONS,NA,1,OU342344.1,5,P38592,grass,NA,NA,NA
331,atcctctttttttttttcaaaacaaaggttcagaaaacgaaaaaag,91896,Orobanchaceae,43174,Pedicularis,1,species,Pedicularis nipponica,326837,['Pedicularis nipponica'],Pedicularis nipponica,326837,M00763:170:000000000-LHC44:1:1114:15282:8837_CONS,NA,1,AB280533,5,P16490,forb,,,
354,atcctgctttccgaaaacaaacaaataaaaattcagaaagtgaaaataaaaaag,3803,Fabaceae,3881,Onobrychis,1,genus,Onobrychis,NA,[],NA,3881,M00763:170:000000000-LHC44:1:2107:3972:9842_CONS,NA,1,AB854544,5,P28463,forb,,,
404,atcctgttttacgaaaacaaaagacaagggttcagaaagagaaaaaaaaaaaag,3792,Saxifragaceae,23252,Leptarrhena,1,species,Leptarrhena pyrolifolia,23253,['Leptarrhena pyrolifolia'],Leptarrhena pyrolifolia,23253,M00763:170:000000000-LHC44:1:2119:27398:13575_CONS,NA,1,AF374812,5,P35807,forb,,,
422,atcctgttttattaaaacaaacaagggtttcataaaccgagaataaaaaag,3745,Rosaceae,3754,Prunus,1,genus,Prunus,NA,[],NA,3754,M00763:170:000000000-LHC44:1:1103:18300:4366_CONS,NA,1,AF115481,5,P32063,deciduous shrub/tree,,,
668,atctttttttttttcgctttcaaaatctttgtttgtttgcgaaaaaaaag,4345,Ericaceae,13404,Cassiope,1,species,Cassiope lycopodioides.1,75586,['Cassiope lycopodioides'],Cassiope lycopodioides,75586,M00763:170:000000000-LHC44:1:1102:15406:8026_CONS,NA,1,AB219608,5,P35666,forb,,,
686,attttatttcgtttaaaaataa,NA,NA,NA,NA,1,order,Hypnales.7,NA,[],NA,13798,M00763:202:000000000-LNL3T:1:1104:24647:7815_CONS,NA,1,AY009864,5,P40237,moss,NA,NA,NA
2,atattatttcgtttgagaatga,37421,Brachytheciaceae,NA,NA,1,family,Brachytheciaceae,NA,[],NA,37421,M00763:170:000000000-LHC44:1:2101:21167:4522_CONS,NA,1,AF397774,4,P18555,moss,,,
96,atcacgttttccgaaaacaagcaaaggttcagaaatcgaaaataaaaaag,4210,Asteraceae,72924,Diplostephium,1,species,Diplostephium sp. CAJ2,1974274,['Diplostephium sp. CAJ2'],Diplostephium sp. CAJ2,1974274,M00763:170:000000000-LHC44:1:2108:8662:24379_CONS,NA,1,KX063946,4,P4793,forb,,,
100,atcacgttttccgaaaccaaacaaaggttcagaaagcgaaaatcaaaaag,4210,Asteraceae,NA,NA,1,tribe,Cardueae.1,NA,[],NA,102818,M00763:170:000000000-LHC44:1:1113:5591:20027_CONS,NA,1,AY772326,4,P25556,forb,,,
109,atcatgttttccgaaaacaaacaaaggttcagaaagcgaaaagaaaaaag,4210,Asteraceae,18794,Senecio,1,genus,Senecio,NA,[],NA,18794,M00763:170:000000000-LHC44:1:1103:22177:10488_CONS,NA,1,GU818064,4,P15250,forb,,,
120,atccatgttttgagaaaaaaaaaagggggggttctcgaactagaatacaaaggaaaag,4479,Poaceae,4501,Bromus,1,genus,Bromus.14,NA,[],NA,4501,M00763:202:000000000-LNL3T:1:1104:23901:12379_CONS,NA,1,AB732924,4,P39795,grass,NA,NA,NA
122,atccatgttttgagaaaaaaaaaggggggggttctcgaactagaatacaaaggaaaag,4479,Poaceae,4501,Bromus,1,species,Bromus hordeaceus,52147,['Bromus hordeaceus'],Bromus hordeaceus,52147,M00763:170:000000000-LHC44:1:1119:5874:9800_CONS,NA,1,AB732925,4,P14465,grass,,,
158,atcccgttttccgaaagcaaagaaaagttaagaaagcgagaataaaaaaag,3803,Fabaceae,NA,NA,1,clade,Pterocarpus clade,NA,[],NA,2231390,M00763:202:000000000-LNL3T:1:1114:3204:7595_CONS,NA,1,AF208949,4,P40284,NA,NA,NA,NA
178,atccggttcatgaagacaatgtatcttctcctaagataggaaggg,3318,Pinaceae,3337,Pinus,1,species,Pinus resinosa,54921,['Pinus resinosa'],Pinus resinosa,54921,M00763:170:000000000-LHC44:1:1119:20381:10340_CONS,NA,1,FJ899556,4,P19204,coniferous shrub/tree,,,
186,atccggttttataaaaacaaacaagggttcataaagcgataataaaaaaggaaag,3499,Urticaceae,194322,Coussapoa,1,species,Coussapoa parvifolia,1399667,['Coussapoa parvifolia'],Coussapoa parvifolia,1399667,M00763:202:000000000-LNL3T:1:1109:6377:19526_CONS,NA,1,KF138301,4,P39681,deciduous shrub/tree,NA,NA,NA
191,atccggttttctgaaaacaaacaagggttcagaaggcgataataaaaaag,NA,NA,NA,NA,1,clade,Spermatophyta,NA,[],NA,58024,M00763:170:000000000-LHC44:1:1116:18241:24061_CONS,NA,1,AB445554,4,P8771,NA,,,
265,atccgtgttttgagaggggggttctcaaactagaatacaaaggaaaag,4479,Poaceae,4496,Avena,1,species,Avena sativa.1,4498,['Avena sativa'],Avena sativa,4498,M00763:202:000000000-LNL3T:1:1102:26340:13536_CONS,NA,1,OU342398,4,P38578,grass,NA,NA,NA
333,atcctgctttcagaaaaaaaaaaaagggattcagaaagcgaaaatagg,3440,Ranunculaceae,3445,Ranunculus,1,species,Ranunculus pygmaeus,286984,['Ranunculus pygmaeus'],Ranunculus pygmaeus,286984,M00763:170:000000000-LHC44:1:1111:15452:18710_CONS,NA,1,DQ860599,4,P34572,forb,,,
334,atcctgctttcagaaaaaaaaaaagggattcagaaagcgaaaatagg,3440,Ranunculaceae,3445,Ranunculus,1,species,Ranunculus pygmaeus.1,286984,['Ranunculus pygmaeus'],Ranunculus pygmaeus,286984,M00763:170:000000000-LHC44:1:1113:19585:10589_CONS,NA,1,GQ245379,4,P34582,forb,,,
356,atcctgctttccgaaaacaaacaaataaaagttcagcaaagtgaaaataaaaaaag,3803,Fabaceae,47034,Hedysarum,1,genus,Hedysarum.1,NA,[],NA,47034,M00763:170:000000000-LHC44:1:1104:7517:16480_CONS,NA,1,KP338281,4,P27016,forb,,,
373,atcctggtttacgtgaacaaaccggagtttagaaagcgagaaaaaag,3700,Brassicaceae,76872,Boechera,1,genus,Boechera,NA,[],NA,76872,M00763:170:000000000-LHC44:1:1114:11588:7846_CONS,NA,1,EU154114,4,P32597,forb,,,
378,atcctggtttcagaaaacaaaaaaagggttcagaaagcaagaatacaaaaagaaaag,3440,Ranunculaceae,349365,Semiaquilegia,1,species,Semiaquilegia adoxoides,349366,['Semiaquilegia adoxoides'],Semiaquilegia adoxoides,349366,M00763:170:000000000-LHC44:1:2108:19263:23753_CONS,NA,1,KC289073,4,P18337,forb,,,
397,atcctgttttacaagaacaaacaagggttcagaaagcgaaaaaaaaaagggg,43707,Meliaceae,67917,Toona,1,species,Toona ciliata,67918,['Toona ciliata'],Toona ciliata,67918,M00763:202:000000000-LNL3T:1:1107:14167:20386_CONS,NA,1,JX445458,4,P40584,NA,NA,NA,NA
398,atcctgttttacgaaaaaaaaag,3792,Saxifragaceae,NA,NA,1,family,Saxifragaceae.3,NA,[],NA,3792,M00763:170:000000000-LHC44:1:2109:19144:25052_CONS,NA,1,JQ895147,4,P32638,forb,,,
403,atcctgttttacgaaaacaaaacacaagggttcagaaagagagaataaaaaaag,3792,Saxifragaceae,NA,NA,1,tribe,Heuchereae,NA,[],NA,3032192,M00763:89:000000000-KMT9H:1:1109:7228:6380_CONS,NA,1,KT755833,4,P37178,forb,,,
427,atcctgttttccaaaaacaaagaaaaagttcagaaatcaaaaagaaaaaacgag,3803,Fabaceae,167616,Centrosema,1,species,Centrosema pubescens,185703,['Centrosema pubescens'],Centrosema pubescens,185703,M00763:89:000000000-KMT9H:1:1106:22275:6642_CONS,NA,1,MN936099,4,P41666,forb,,,
429,atcctgttttccaagaacaaccaagggttcagaaaacgaaaaaggg,23513,Rutaceae,43716,Harrisonia,1,species,Harrisonia abyssinica,557062,['Harrisonia abyssinica'],Harrisonia abyssinica,557062,M00763:89:000000000-KMT9H:1:1112:11862:22291_CONS,NA,1,EU721202,4,P38791,deciduous shrub/tree,,,
445,atcctgttttccgaaaacaaacaaaggttcagaaagcgaaaatcaaaaag,NA,NA,NA,NA,1,clade,campanulids,NA,[],NA,91882,M00763:170:000000000-LHC44:1:2113:12642:18064_CONS,NA,1,AJ430954,4,P16040,NA,,,
463,atcctgttttccgaaaaccaagaagagttcagaaagggagaataaaaaaaaaaaaag,3803,Fabaceae,NA,NA,1,clade,mimosoid clade.4,NA,[],NA,3807,M00763:202:000000000-LNL3T:1:2113:22823:22848_CONS,NA,1,EU440023,4,P39056,NA,NA,NA,NA
526,atcctttttccgaaaacaaaaaaaaaag,3650,Cucurbitaceae,NA,NA,1,family,Cucurbitaceae.2,NA,[],NA,3650,M00763:89:000000000-KMT9H:1:1114:4801:12101_CONS,NA,1,DQ536762,4,P38798,forb,,,
527,atcctttttccgaaaacaaaaaaaaagg,3650,Cucurbitaceae,NA,NA,1,family,Cucurbitaceae.3,NA,[],NA,3650,M00763:202:000000000-LNL3T:1:1113:22612:17814_CONS,NA,1,DQ536861,4,P40281,forb,NA,NA,NA
550,atccttttttttttatttttgtttgttttagaaaaaaaaaagg,4345,Ericaceae,13650,Pyrola,1,species,Pyrola chlorantha,93824,['Pyrola chlorantha'],Pyrola chlorantha,93824,M00763:89:000000000-KMT9H:1:1107:15907:23462_CONS,NA,1,KR005253,4,P41740,forb,,,
620,atcttctttttgagaaaaagaaatatatcaaatatttcttatttaagataagaaataatattttttcttatctaatattaaa,4609,Cyperaceae,13398,Carex,1,species,Carex albursina,312728,['Carex albursina'],Carex albursina,312728,M00763:170:000000000-LHC44:1:1115:22630:11953_CONS,NA,1,AY757554,4,P13342,non-grass graminoid,NA,NA,NA
629,atcttctttttttttcaaaacaaagggttagaaaacgaaaaaaaag,91896,Orobanchaceae,43174,Pedicularis,1,species,Pedicularis resupinata,65043,['Pedicularis resupinata'],Pedicularis resupinata,65043,M00763:170:000000000-LHC44:1:1107:14881:6492_CONS,NA,1,AB110781,4,P32081,forb,,,
653,atctttcattttgaaaaaatgagagatataaaatatctcttatttattataagaaataaaatatttcttatctaatattaaa,4609,Cyperaceae,46326,Eriophorum,1,genus,Eriophorum,NA,[],NA,46326,M00763:170:000000000-LHC44:1:2107:26679:21093_CONS,NA,1,DQ860558,4,P33069,non-grass graminoid,,,
727,ctccttttttcaaaaggaaaaaaagaagaaaaaag,1804623,Chenopodiaceae,NA,NA,1,subfamily,Salsoloideae,NA,[],NA,1308838,M00763:170:000000000-LHC44:1:1108:6265:7328_CONS,NA,1,DQ499392,4,P16782,deciduous shrub/tree,,,
16,atcacgttttccgaaaacaaaaaaaggttcagaaagcgaaaatcaaaaaag,4210,Asteraceae,41555,Cosmos,1,species,Cosmos bipinnatus,51277,['Cosmos bipinnatus'],Cosmos bipinnatus,51277,M00763:170:000000000-LHC44:1:1102:24447:17898_CONS,NA,1,EU047873,3,P22928,forb,,,
19,atcacgttttccgaaaacaaacaaagattcagaaagcgaaaaaaaaag,4210,Asteraceae,189212,Emilia,1,genus,Emilia.1,NA,[],NA,189212,M00763:170:000000000-LHC44:1:1114:3569:10635_CONS,NA,1,MT436276,3,P14680,forb,,,
29,atcacgttttccgaaaacaaacaaaggttcagaaagcgaaaaaaaaaaa,4210,Asteraceae,NA,NA,1,subfamily,Asteroideae.8,NA,[],NA,102804,M00763:170:000000000-LHC44:1:1116:16982:4038_CONS,NA,1,AF141679,3,P8768,forb,,,
67,atcacgttttccgaaaacaaacaaaggttcagaaagcgaaaatctaaaag,4210,Asteraceae,313941,Tessaria,1,species,Tessaria absinthioides,1548622,['Tessaria absinthioides'],Tessaria absinthioides,1548622,M00763:170:000000000-LHC44:1:2106:14984:19205_CONS,NA,1,LN607152,3,P30414,forb,NA,NA,NA
115,atccagttttctgaaaacaaacaggggttcagaaagcaaaaataaaaaag,4200,Caprifoliaceae,13701,Symphoricarpos,1,genus,Symphoricarpos.1,NA,[],NA,13701,M00763:170:000000000-LHC44:1:1111:27502:16499_CONS,NA,1,GQ305400,3,P8208,forb,,,
126,atccatgttttgagaaaaaaaggggggttctcgaactagaatacaaaggaaaag,4479,Poaceae,4501,Bromus,1,genus,Bromus.11,NA,[],NA,4501,M00763:170:000000000-LHC44:1:1110:19447:9945_CONS,NA,1,AY367991,3,P14898,grass,,,
131,atcccgttttatgaaaacaaaacaaacaggggttcagaaagtgagaaaagg,23672,Sapindaceae,NA,NA,1,family,Sapindaceae,NA,[],NA,23672,M00763:202:000000000-LNL3T:1:1103:15178:14956_CONS,NA,1,AY594510,3,P40138,NA,NA,NA,NA
146,atcccgttttatgaaaacaaaggtttcagaaagcgagaataaataagg,NA,NA,NA,NA,1,clade,rosids.1,NA,[],NA,71275,M00763:170:000000000-LHC44:1:2114:20280:13576_CONS,NA,1,AJ512218,3,P30581,NA,,,
161,atcccgttttctgaaaaaaagaaaaattcagaaagtgataataaaaaagg,3803,Fabaceae,3883,Phaseolus,1,genus,Phaseolus,NA,[],NA,3883,M00763:170:000000000-LHC44:1:1110:10596:9655_CONS,NA,1,AC254328,3,P36039,NA,,,
165,atcccgtttttgttttccgaaaacaaacaaaggctaaaatcaaaaaag,4200,Caprifoliaceae,59165,Valerianella,1,genus,Valerianella,NA,[],NA,59165,M00763:170:000000000-LHC44:1:2109:8414:17199_CONS,NA,1,AY792945,3,P23754,forb,,,
231,atccgtgttttgagaaaacaagaggattctcgaactagaatacaaaggaaaag,4479,Poaceae,4496,Avena,1,species,Avena eriantha.1,146534,['Avena eriantha'],Avena eriantha,146534,M00763:170:000000000-LHC44:1:1109:25091:23133_CONS,NA,1,OU342746.1,3,P25456,grass,,,
277,atcctattattttacgaaaataaacataaacaaaggttcagcaagcgagaataataaaaaaggaaagag,3629,Malvaceae,254850,Cristaria,1,species,Cristaria andicola,254858,['Cristaria andicola'],Cristaria andicola,254858,M00763:202:000000000-LNL3T:1:1107:21487:3585_CONS,NA,1,MH115346,3,P38483,NA,NA,NA,NA
300,atcctattttatgagaacaaaaacaaacaaggggtcttaacgggagaaaaag,4011,Anacardiaceae,43850,Schinus,1,species,Schinus terebinthifolia,169191,['Schinus terebinthifolia'],Schinus terebinthifolia,169191,M00763:202:000000000-LNL3T:1:1114:19340:17635_CONS,NA,1,KP055563,3,P36490,deciduous shrub/tree,NA,NA,NA
308,atcctatttttcgaaaaagcaaaaagtaaaggcttagaaagaaaaaaag,21472,Gentianaceae,21496,Gentiana,1,genus,Gentiana.1,NA,[],NA,21496,M00763:89:000000000-KMT9H:1:1105:20630:7004_CONS,NA,1,AB453084,3,P38270,forb,,,
313,atcctatttttcgaaaacaaacaaaacaaacaaaggttcataaagacagaataagaatacaaaag,3688,Salicaceae,3689,Populus,1,species,Populus simonii,295327,['Populus simonii'],Populus simonii,295327,M00763:170:000000000-LHC44:1:2101:6753:15254_CONS,NA,1,KF940751,3,P24760,deciduous shrub/tree,,,
367,atcctggtttacgcgaacaaaccggagtttagaaaacgagaaaaaagg,3700,Brassicaceae,NA,NA,1,family,Brassicaceae.4,NA,[],NA,3700,M00763:170:000000000-LHC44:1:1107:4795:8683_CONS,NA,1,AB817509,3,P23231,forb,,,
386,atcctgttttaagaaagcaaaacacaagggttcagaaaaagaaaaaaaaaag,3792,Saxifragaceae,3798,Saxifraga,1,genus,Saxifraga.8,NA,[],NA,3798,M00763:170:000000000-LHC44:1:1108:25521:23161_CONS,NA,1,KU524397,3,P25719,forb,NA,NA,NA
402,atcctgttttacgaaaacaaaacacaagggttcagaaagagagaataaaaaaaag,3792,Saxifragaceae,NA,NA,1,family,Saxifragaceae.2,NA,[],NA,3792,M00763:170:000000000-LHC44:1:1103:15651:23245_CONS,NA,1,AB116694,3,P23197,forb,,,
419,atcctgttttatgaaaacaaacaagggtttcataaagcgaaaataaaaaag,3745,Rosaceae,23222,Sorbus,1,species,Sorbus aucuparia,36599,['Sorbus aucuparia'],Sorbus aucuparia,36599,M00763:89:000000000-KMT9H:1:2116:6599:15705_CONS,NA,1,MG703929,3,P38390,deciduous shrub/tree,,,
431,atcctgttttcccaaaacaaataaaacaaattgaagggttcataaagcgagaataaaaaag,3514,Betulaceae,13450,Corylus,1,species,Corylus avellana,13451,['Corylus avellana'],Corylus avellana,13451,M00763:202:000000000-LNL3T:1:1102:9507:21998_CONS,NA,1,MN082371,3,P36635,deciduous shrub/tree,NA,NA,NA
433,atcctgttttccgaaaaaaaaaaaag,55961,Clusiaceae,72403,Clusia,1,species,"Clusia flava Jacq., 1760",211496,"['Clusia flava Jacq., 1760']","Clusia flava Jacq., 1760",211496,M00763:202:000000000-LNL3T:1:1107:9625:13237_CONS,NA,1,AY144055,3,P39032,NA,NA,NA,NA
444,atcctgttttccgaaaacaaacaaaggttcagaaagcgaaaataaaaag,125017,Cardiopteridaceae,159356,Citronella,1,species,Citronella moorei,159358,['Citronella moorei'],Citronella moorei,159358,M00763:170:000000000-LHC44:1:1117:12747:6194_CONS,NA,1,KC428474,3,P25000,deciduous shrub/tree,,,
464,atcctgttttccgaaaaccaagaagagttcagaaagggagaataaaaaaag,NA,NA,NA,NA,1,clade,Spermatophyta.2,NA,[],NA,58024,M00763:89:000000000-KMT9H:1:1106:16223:12513_CONS,NA,1,AB817481,3,P38275,NA,NA,NA,NA
465,atcctgttttccgaaaaccaagaagagttcagaaagggagaataaaaaaaggatag,3803,Fabaceae,53922,Senna,1,genus,Senna,NA,[],NA,53922,M00763:170:000000000-LHC44:1:2102:25007:8162_CONS,NA,1,AF365030,3,P24478,forb,NA,NA,NA
469,atcctgttttccgaaaaccaagaagagttcagaaagggagaataaaataaaaaaaaag,NA,NA,NA,NA,1,clade,Spermatophyta.4,NA,[],NA,58024,M00763:202:000000000-LNL3T:1:1111:28155:12638_CONS,NA,1,AF522940,3,P39539,NA,NA,NA,NA
470,atcctgttttccgaaaaccgaaaaagtttcataaaaacagaaaaaaacaaggaag,3977,Euphorbiaceae,3990,Euphorbia,1,subsection,Euphorbia subsect. Hypericifoliae,NA,[],NA,1335583,M00763:170:000000000-LHC44:1:1108:17906:5551_CONS,NA,1,MH490419,3,P16126,NA,NA,NA,NA
473,atcctgttttctaaaaaaaaaggttcagaaaacgaaaaaaaaag,91896,Orobanchaceae,43172,Orthocarpus,1,genus,Orthocarpus.1,NA,[],NA,43172,M00763:89:000000000-KMT9H:1:1109:28934:16467_CONS,NA,1,EF103882,3,P41356,forb,,,
491,atcctgttttctgaaaacaaaccaaggttcagaaaaaaag,4070,Solanaceae,NA,NA,1,subfamily,Solanoideae.2,NA,[],NA,424551,M00763:89:000000000-KMT9H:1:1108:20278:21939_CONS,NA,1,AB515397,3,P41596,forb,,,
516,atccttctttccgaaaacaaataaaagttcagaaagttaaaatcaaaaagg,3803,Fabaceae,3898,Trifolium,1,genus,Trifolium.2,NA,[],NA,3898,M00763:170:000000000-LHC44:1:1112:5163:21338_CONS,NA,1,DQ311719,3,P11732,forb,,,
517,atccttctttccgaaaacaaataaagaaaagttcagaaagtgaaaatcaaaaaag,3803,Fabaceae,3877,Medicago,1,genus,Medicago.2,NA,[],NA,3877,M00763:202:000000000-LNL3T:1:2111:19013:6848_CONS,NA,1,KT750921,3,P39609,forb,,,
525,atcctttttccgaaaaaaaaagg,3650,Cucurbitaceae,NA,NA,1,family,Cucurbitaceae.6,NA,[],NA,3650,M00763:202:000000000-LNL3T:1:1104:12990:21293_CONS,NA,1,DQ536885,3,P40810,forb,NA,NA,NA
532,atccttttttccgaaaaaaag,3650,Cucurbitaceae,3655,Cucumis,1,subspecies,Cucumis melo subsp. meloides,3656,['Cucumis melo'],Cucumis melo,2081797,M00763:170:000000000-LHC44:1:2107:11515:5741_CONS,NA,1,KY434450,3,P35757,forb,,,
559,atcgcgttttccgaaaacaaacaaaggttcagaaagcgaaaagaaaaaaa,4210,Asteraceae,133236,Mecomischus,1,species,Mecomischus halimifolius,133237,['Mecomischus halimifolius'],Mecomischus halimifolius,133237,M00763:170:000000000-LHC44:1:2114:18107:11574_CONS,NA,1,JF345855,3,P26148,forb,,,
573,atcttaaaaaaaaaaaaaaaaatggaaaatgagaataaaaaga,4747,Orchidaceae,NA,NA,1,subtribe,Orchidinae.4,NA,[],NA,158366,M00763:170:000000000-LHC44:1:1112:28006:11210_CONS,NA,1,MF945198,3,P35718,forb,,,
584,atcttatttcgtctgaagataa,114751,Rhytidiaceae,100463,Rhytidium,1,species,Rhytidium rugosum,100464,['Rhytidium rugosum'],Rhytidium rugosum,100464,M00763:170:000000000-LHC44:1:1114:11718:6563_CONS,NA,1,AF264046,3,P3549,moss,,,
630,atcttctttttttttcaaaacaaaggttcagaaaacgaaaaaaaag,91896,Orobanchaceae,43174,Pedicularis,1,genus,Pedicularis.2,NA,[],NA,43174,M00763:170:000000000-LHC44:1:1110:9066:11824_CONS,NA,1,AY881118,3,P35826,forb,,,
634,atcttgtattacccgaatgaatttcggtcgatggaacga,32084,Dennstaedtiaceae,NA,NA,1,family,Dennstaedtiaceae,NA,[],NA,32084,M00763:89:000000000-KMT9H:1:2105:8324:4287_CONS,NA,1,FJ746564,3,P36991,forb,,,
649,atctttatttttagaaaacaagggtttaatttctaaaactagaataaaaaaag,40552,Asparagaceae,16237,Streptopus,1,genus,Streptopus,NA,[],NA,16237,M00763:170:000000000-LHC44:1:2102:3385:12731_CONS,NA,1,AJ441161,3,P35742,forb,,,
651,atctttattttttgaaaaacaagggtttaaaaaagagaataaaaag,4668,Amaryllidaceae,4678,Allium,1,species,Allium himalayense,487737,['Allium himalayense'],Allium himalayense,487737,M00763:170:000000000-LHC44:1:1112:24225:17134_CONS,NA,1,EU326036,3,P25168,forb,,,
673,atctttttttttttttttcgctttcaaaatctttgtttgtttgcgaaaaaaaag,4345,Ericaceae,13404,Cassiope,1,genus,Cassiope,NA,[],NA,13404,M00763:202:000000000-LNL3T:1:1118:12286:23088_CONS,NA,1,AF394265,3,P40034,deciduous shrub/tree,NA,NA,NA
719,ctccttttgtcaaaagcaaaaaagaaagattcagaaagcaagaataaaaaaag,1804623,Chenopodiaceae,3550,Atriplex,1,genus,Atriplex,NA,[],NA,3550,M00763:170:000000000-LHC44:1:1114:5574:19716_CONS,NA,1,DQ499379,3,P16151,forb,NA,NA,NA
4,atcacgtttccgaaaacaaacaaaggttcagaaagcgaaaataaaaaaaag,4210,Asteraceae,4246,Arnica,1,species,Arnica dealbata,149409,['Arnica dealbata'],Arnica dealbata,149409,M00763:170:000000000-LHC44:1:2107:7834:3603_CONS,NA,1,AY216132,2,P36295,forb,NA,NA,NA
11,atcacgttttccgaaaaacaaacaaagattcagaaagcgaaaataaaaaag,4210,Asteraceae,49743,Taraxacum,1,varietas,Taraxacum coreanum var. flavescens,1041103,['Taraxacum coreanum'],Taraxacum coreanum,2033814,M00763:170:000000000-LHC44:1:1106:15214:14458_CONS,NA,1,KX984959,2,P41543,forb,NA,NA,NA
42,atcacgttttccgaaaacaaacaaaggttcagaaagcgaaaagaaaaaaaaaag,4210,Asteraceae,56016,Matricaria,1,species,Matricaria matricarioides,56017,['Matricaria matricarioides'],Matricaria matricarioides,56017,M00763:170:000000000-LHC44:1:2105:20242:19396_CONS,NA,1,AH007246,2,P23718,forb,,,
49,atcacgttttccgaaaacaaacaaaggttcagaaagcgaaaagaaataaag,4210,Asteraceae,NA,NA,1,subtribe,Lepidaploinae,NA,[],NA,748792,M00763:170:000000000-LHC44:1:1108:11155:4348_CONS,NA,1,EF155844,2,P6514,forb,NA,NA,NA
56,atcacgttttccgaaaacaaacaaaggttcagaaagcgaaaataaaaaac,4210,Asteraceae,112374,Leysera,1,species,Leysera leyseroides,1338474,['Leysera leyseroides'],Leysera leyseroides,1338474,M00763:170:000000000-LHC44:1:2104:9485:19493_CONS,NA,1,KR559442,2,P36415,forb,NA,NA,NA
58,atcacgttttccgaaaacaaacaaaggttcagaaagcgaaaataaaaaagag,4210,Asteraceae,13516,Eupatorium,1,species,Eupatorium serotinum,103756,['Eupatorium serotinum'],Eupatorium serotinum,103756,M00763:170:000000000-LHC44:1:1118:22332:17534_CONS,NA,1,GU818001,2,P29036,forb,,,
69,atcacgttttccgaaaacaaacaaaggttcagaaagcgcaaagaaaaaag,4210,Asteraceae,434638,Chresta,1,genus,Chresta,NA,[],NA,434638,M00763:170:000000000-LHC44:1:2116:18431:20517_CONS,NA,1,EF155843,2,P11983,forb,NA,NA,NA
78,atcacgttttccgaaaacaaacacaggttcagaaagcgaaaatcaaaag,4210,Asteraceae,746490,Achyrocline,1,species,Achyrocline tomentosa,1548826,['Achyrocline tomentosa'],Achyrocline tomentosa,1548826,M00763:170:000000000-LHC44:1:1115:7319:5831_CONS,NA,1,KM091420,2,P27681,forb,,,
80,atcacgttttccgaaaacaaaggttcagaaagcgaaaagaaaaaag,4210,Asteraceae,NA,NA,1,tribe,Vernonieae,NA,[],NA,102819,M00763:89:000000000-KMT9H:1:1107:20640:6706_CONS,NA,1,AB817350,2,P36805,forb,,,
87,atcacgttttccgaaaacaagcaaaggttcagaaagcgaaaaaaaaaag,4210,Asteraceae,NA,NA,1,clade,Australasian lineages,NA,[],NA,886583,M00763:170:000000000-LHC44:1:2111:15788:8739_CONS,NA,1,AY572954,2,P33008,forb,,,
99,atcacgttttccgaaaataaacaaaggttcagaaagcgaaaatcaaaaag,4210,Asteraceae,NA,NA,1,family,Asteraceae.22,NA,[],NA,4210,M00763:170:000000000-LHC44:1:2119:22113:14798_CONS,NA,1,AY216052,2,P24617,forb,,,
119,atccatgttttgagaaaaaaaaaaggggggggttctcgaactagaatacaaaggaaaag,4479,Poaceae,4501,Bromus,1,genus,Bromus.15,NA,[],NA,4501,M00763:202:000000000-LNL3T:1:1105:14188:10140_CONS,NA,1,AY367999,2,P39797,grass,NA,NA,NA
125,atccatgttttgagaaaaaaaaggggggggttctcgaactagaatacaaaggaaaag,4479,Poaceae,4501,Bromus,1,genus,Bromus.13,NA,[],NA,4501,M00763:170:000000000-LHC44:1:2103:12990:24655_CONS,NA,1,AY367981,2,P30905,grass,,,
130,atcccgtttcccgaaaacgagtagggaaagcaagccagaataaaaaaag,3963,Loranthaceae,NA,NA,1,subtribe,Psittacanthinae,NA,[],NA,1003272,M00763:202:000000000-LNL3T:1:1109:25937:10804_CONS,NA,1,DQ340607,2,P40487,forb,NA,NA,NA
153,atcccgttttatgaaaagaaccaagggtttcagaacgcgagaataaataaag,3745,Rosaceae,3761,Geum,1,species,Geum waldsteiniae,148911,['Geum waldsteiniae'],Geum waldsteiniae,148911,M00763:170:000000000-LHC44:1:1112:11162:13639_CONS,NA,1,AJ297348,2,P15075,forb,,,
156,atcccgttttccgaaaacaaagaaaagttcagaaagcgataaaaaaagg,3803,Fabaceae,3841,Erythrina,1,genus,Erythrina,NA,[],NA,3841,M00763:202:000000000-LNL3T:1:1116:6757:4844_CONS,NA,1,AB817496,2,P40502,deciduous shrub/tree,NA,NA,NA
157,atcccgttttccgaaaacaacagaaaactatatataataaaaaaaag,3602,Vitaceae,149357,Cissus,1,genus,Cissus,NA,[],NA,149357,M00763:89:000000000-KMT9H:1:2109:13241:12338_CONS,NA,1,JF437314,2,P38902,deciduous shrub/tree,,,
168,atcccttttttgaaaaaacaagtggttctcaaactagaaaccaaaggaaaag,4479,Poaceae,38730,Sporobolus,1,species,Sporobolus africanus,391790,['Sporobolus africanus'],Sporobolus africanus,391790,M00763:170:000000000-LHC44:1:2102:4849:9537_CONS,NA,1,MK261742,2,P36054,grass,NA,NA,NA
173,atccgatttctagaaacaatagtttcctttcggagaaagg,3367,Cupressaceae,13386,Calocedrus,1,species,Calocedrus decurrens,13387,['Calocedrus decurrens'],Calocedrus decurrens,13387,M00763:202:000000000-LNL3T:1:2106:18672:17156_CONS,NA,1,AY988170,2,P40859,NA,NA,NA,NA
175,atccgattttatgaaaaccaacaaaaaacaaaacaacaaagattcataaagcaagaataaaaaaag,3954,Combretaceae,99434,Combretum,1,species,Combretum coccineum,578536,['Combretum coccineum'],Combretum coccineum,578536,M00763:89:000000000-KMT9H:1:2119:13834:8298_CONS,NA,1,HE795459,2,P41713,coniferous shrub/tree,,,
190,atccggttttctgaaaacaaacaagggttcagaaagcgataatacaaaag,3487,Moraceae,NA,NA,1,tribe,Moreae,NA,[],NA,3054905,M00763:202:000000000-LNL3T:1:2102:17159:19831_CONS,NA,1,AB685328,2,P38667,NA,NA,NA,NA
202,atccggttttttgaaatgaaaaaaaagtttatatagacagaataaaaaag,24921,Violaceae,13757,Viola,1,subgenus,Viola subgen. Viola,NA,[],NA,2983453,M00763:170:000000000-LHC44:1:1101:17898:9571_CONS,NA,1,DQ085887,2,P23546,forb,NA,NA,NA
203,atccgtgctttgagaaaacaaggggttctcgaactagaatacaaaggaaaat,4479,Poaceae,4564,Triticum,1,species,Triticum aestivum.3,4565,['Triticum aestivum'],Triticum aestivum,4565,M00763:170:000000000-LHC44:1:1114:23232:19265_CONS,NA,1,LR862522,2,P11418,grass,,,
232,atccgtgttttgagaaaacaagagggttctcgaactagaatacaaagaaaaag,4479,Poaceae,4496,Avena,1,species,Avena eriantha,146534,['Avena eriantha'],Avena eriantha,146534,M00763:170:000000000-LHC44:1:2111:14829:14710_CONS,NA,1,OU342744,2,P24044,grass,,,
279,atcctattttacaaaaacaaacaaaggcccagaaggtgaaaaaag,4037,Apiaceae,NA,NA,1,subfamily,Apioideae.1,NA,[],NA,241778,M00763:202:000000000-LNL3T:1:2104:7506:2978_CONS,NA,1,AM109908,2,P39581,forb,NA,NA,NA
302,atcctattttccaaaaacaaacaaaggcccataaggtgaaaaaag,4037,Apiaceae,NA,NA,1,subfamily,Apioideae,NA,[],NA,241778,M00763:170:000000000-LHC44:1:2112:4190:18741_CONS,NA,1,AY379236,2,P33796,forb,,,
304,atcctattttccgaagacaaagaaaagttcagaaagcgagaataaaaaaag,3803,Fabaceae,553678,Macropsychanthus,1,species,Macropsychanthus marginatus,1457467,['Macropsychanthus marginatus'],Macropsychanthus marginatus,1457467,M00763:202:000000000-LNL3T:1:1119:27852:20110_CONS,NA,1,OL672873,2,P39862,NA,NA,NA,NA
349,atcctgctttccgaaaacaaaaaaataaaagttcagaaagttaaaattaaaaaaaaaaag,3803,Fabaceae,20400,Astragalus,1,species,Astragalus horridus,144110,['Astragalus horridus'],Astragalus horridus,144110,M00763:89:000000000-KMT9H:1:2109:7518:12772_CONS,NA,1,AB485933,2,P41635,forb,,,
375,atcctggtttacgtgaacaaaccggagtttagaaagcgagaaaaagg,3700,Brassicaceae,2742425,Yosemitea,1,species,Yosemitea repanda,486133,['Yosemitea repanda'],Yosemitea repanda,486133,M00763:170:000000000-LHC44:1:1110:9770:12219_CONS,NA,1,EU154120,2,P34330,forb,,,
385,atcctgttttaagaaagcaaaacacaagggttcagaaaaagaaaaaaaaaaag,3792,Saxifragaceae,3798,Saxifraga,1,genus,Saxifraga.9,NA,[],NA,3798,M00763:170:000000000-LHC44:1:1104:19336:22842_CONS,NA,1,DQ860618,2,P26190,forb,,,
395,atcctgttttacaaaaacaaacaaaggttcagaaaaaaag,4070,Solanaceae,NA,NA,1,family,Solanaceae,NA,[],NA,4070,M00763:202:000000000-LNL3T:1:1105:14916:15927_CONS,NA,1,AY101172,2,P38482,NA,NA,NA,NA
396,atcctgttttacaaaaaccaagaagagttcagaaagggagaataaaataaaaaaag,3803,Fabaceae,3808,Acacia,1,species,Acacia fleckii,1179193,['Acacia fleckii'],Acacia fleckii,1179193,M00763:89:000000000-KMT9H:1:2117:22810:20085_CONS,NA,1,JQ230292,2,P38973,deciduous shrub/tree,,,
408,atcctgttttacgagaataaataagggttcagaacgtgagaaaagg,4011,Anacardiaceae,43860,Spondias,1,genus,Spondias,NA,[],NA,43860,M00763:202:000000000-LNL3T:1:1118:2995:16926_CONS,NA,1,AY594577,2,P40295,deciduous shrub/tree,NA,NA,NA
409,atcctgttttacgcgaacaaaccggagtttagaaagcgagaaaaaagg,3700,Brassicaceae,106787,Pachycladon,1,species,Pachycladon fastigiatum,106774,['Pachycladon fastigiatum'],Pachycladon fastigiatum,106774,M00763:170:000000000-LHC44:1:2109:24039:19313_CONS,NA,1,KU170142,2,P17964,forb,,,
410,atcctgttttatcaaaacaaaggttcagaaaacgaaaaaaaag,NA,NA,NA,NA,1,order,Lamiales.7,NA,[],NA,4143,M00763:170:000000000-LHC44:1:1115:4822:13204_CONS,NA,1,AJ608621,2,P32697,forb,,,
425,atcctgttttcagaaaacaagggttcagaaagcgagaaccaaaaaaag,NA,NA,NA,NA,1,clade,Spermatophyta.5,NA,[],NA,58024,M00763:202:000000000-LNL3T:1:1116:15952:10114_CONS,NA,1,AB040085,2,P39560,NA,NA,NA,NA
430,atcctgttttcccaaaacaaaggttcagaaagaaaaaag,NA,NA,NA,NA,1,clade,Mesangiospermae.8,NA,[],NA,1437183,M00763:89:000000000-KMT9H:1:2117:5032:6252_CONS,NA,1,AB817441,2,P41013,NA,,,
432,atcctgttttccgaaaaaaaaaaaaag,NA,NA,NA,NA,1,clade,fabids.1,NA,[],NA,91835,M00763:202:000000000-LNL3T:1:1110:12958:17505_CONS,NA,1,AY144059,2,P39822,NA,NA,NA,NA
434,atcctgttttccgaaaaaaaaaaag,55961,Clusiaceae,72403,Clusia,1,species,Clusia torresii,209610,['Clusia torresii'],Clusia torresii,209610,M00763:202:000000000-LNL3T:1:1102:22350:5089_CONS,NA,1,AY144072,2,P39026,NA,NA,NA,NA
440,atcctgttttccgaaaacaaacaaagaagcgaaaaaaaag,4206,Adoxaceae,4204,Viburnum,1,genus,Viburnum.1,NA,[],NA,4204,M00763:170:000000000-LHC44:1:1116:4632:20120_CONS,NA,1,AB817531,2,P24997,deciduous shrub/tree,,,
442,atcctgttttccgaaaacaaacaaaggttcagaaagacagaaaaaaagacagaaaaaagg,3977,Euphorbiaceae,99293,Hura,1,species,Hura crepitans,99294,['Hura crepitans'],Hura crepitans,99294,M00763:202:000000000-LNL3T:1:2105:19248:11449_CONS,NA,1,AY794636,2,P40525,NA,NA,NA,NA
446,atcctgttttccgaaaacaaacaaaggttcagaaagcgagaataaaaaag,3776,Cunoniaceae,NA,NA,1,family,Cunoniaceae,NA,[],NA,3776,M00763:170:000000000-LHC44:1:2118:17788:24913_CONS,NA,1,AF299167,2,P15497,deciduous shrub/tree,NA,NA,NA
458,atcctgttttccgaaaacagaaaaagtttcataaaaacagaaaaaaacaaggaag,NA,NA,NA,NA,1,clade,Pentapetalae.2,NA,[],NA,1437201,M00763:170:000000000-LHC44:1:1103:25000:11209_CONS,NA,1,AB817627,2,P16106,NA,NA,NA,NA
478,atcctgttttctcaaaacaaaggttcagaaaacgaaaaaaaaaaa,91896,Orobanchaceae,87753,Cistanche,1,species,Cistanche sinensis,241807,['Cistanche sinensis'],Cistanche sinensis,241807,M00763:202:000000000-LNL3T:1:2115:6798:9363_CONS,NA,1,MK386641,2,P42078,NA,NA,NA,NA
495,atcctgtttttcgaaaacaaatacaaataaagattccgaaagaaaaaatagaaaaag,55360,Marcgraviaceae,164986,Souroubea,1,species,Souroubea loczyi,164991,['Souroubea loczyi'],Souroubea loczyi,164991,M00763:202:000000000-LNL3T:1:2118:13981:5287_CONS,NA,1,AF303481,2,P39644,NA,NA,NA,NA
501,atccttagtttgataaaccttagttttatcaaactagaataaaaaaaaag,4642,Zingiberaceae,NA,NA,1,family,Zingiberaceae,NA,[],NA,4642,M00763:202:000000000-LNL3T:1:1113:13767:20328_CONS,NA,1,AB817431,2,P40282,NA,NA,NA,NA
515,atccttctttccgaaaacaaataaaagttcagaaagttaaaatcaaaaaag,3803,Fabaceae,NA,NA,1,clade,IRL clade.2,NA,[],NA,2233839,M00763:202:000000000-LNL3T:1:1107:22027:18423_CONS,NA,1,DQ311725,2,P40479,NA,,,
538,atcctttttttcactttcgaaatctttctttgttttcgaaaaaaaaaaag,4345,Ericaceae,93812,Chimaphila,1,species,Chimaphila umbellata.2,93815,['Chimaphila umbellata'],Chimaphila umbellata,93815,M00763:89:000000000-KMT9H:1:1113:15669:18994_CONS,NA,1,KR005227,2,P39356,forb,,,
541,atcctttttttcgcaaacaaacaaagattccgaaagcaaaaaaaaaaag,4345,Ericaceae,45908,Phyllodoce,1,species,Phyllodoce caerulea,49155,['Phyllodoce caerulea'],Phyllodoce caerulea,49155,M00763:170:000000000-LHC44:1:2107:5845:5793_CONS,NA,1,AB764851,2,P33270,coniferous shrub/tree,,,
586,atcttatttcgtttaaagataa,NA,NA,NA,NA,1,order,Hypnales.1,NA,[],NA,13798,M00763:170:000000000-LHC44:1:2108:18391:21189_CONS,NA,1,KX396250,2,P3694,moss,,,
588,atcttatttcgtttgagaataa,NA,NA,NA,NA,1,order,Hypnales.6,NA,[],NA,13798,M00763:202:000000000-LNL3T:1:1112:28660:13774_CONS,NA,1,AM990395,2,P40008,moss,NA,NA,NA
594,atcttcatttttgagaaaatgaaatatatattctatttcttattttctataagaaatagaatatttcttatctaatattaaa,4609,Cyperaceae,76514,Trichophorum,1,species,Trichophorum pumilum,291104,['Trichophorum pumilum'],Trichophorum pumilum,291104,M00763:202:000000000-LNL3T:1:2112:21706:7281_CONS,NA,1,AB643656,2,P42054,non-grass graminoid,NA,NA,NA
611,atcttctttttgagaaaaagaaatatataaaatatttcttatttcagataagaaataatattatttcttatctaatattaaa,4609,Cyperaceae,13398,Carex,1,subgenus,Carex subgen. Carex.4,NA,[],NA,2759858,M00763:170:000000000-LHC44:1:1118:24359:12305_CONS,NA,1,AB817484,2,P13576,non-grass graminoid,NA,NA,NA
616,atcttctttttgagaaaaagaaatatataaaatatttcttatttcatataagaaatatttgatttcttatctaatattaaa,4609,Cyperaceae,13398,Carex,1,species,Carex esenbeckii,234477,['Carex esenbeckii'],Carex esenbeckii,234477,M00763:170:000000000-LHC44:1:1104:3958:19539_CONS,NA,1,AB643655,2,P6189,non-grass graminoid,,,
624,atcttctttttgagaaaaagaaatattttgagaaaaagaaatatataaaatatttcttatttcagataagaaataatattttttcttatctaatattaaa,4609,Cyperaceae,13398,Carex,1,species,Carex lasiocarpa,241213,['Carex lasiocarpa'],Carex lasiocarpa,241213,M00763:202:000000000-LNL3T:1:1114:13707:4215_CONS,NA,1,AF284929,2,P40834,non-grass graminoid,,,
645,atctttattttgataaaatttgtttttatagaaaaactcaaatcaaaaaa,14101,Juncaceae,13578,Juncus,1,species,Juncus parryi,223675,['Juncus parryi'],Juncus parryi,223675,M00763:202:000000000-LNL3T:1:2112:5344:5393_CONS,NA,1,AY437978,2,P40547,non-grass graminoid,,,
656,atctttcttttttgaaaaacaagggtttaaaaaagagaataaaaaag,4668,Amaryllidaceae,4678,Allium,1,genus,Allium.1,NA,[],NA,4678,M00763:170:000000000-LHC44:1:1103:4467:10117_CONS,NA,1,GU121984,2,P12515,forb,NA,NA,NA
657,atctttcttttttgaaaaacaagggttttaaaaactagaataaaaaag,4668,Amaryllidaceae,51456,Leucocoryne,1,genus,Leucocoryne,NA,[],NA,51456,M00763:202:000000000-LNL3T:1:1109:2135:10152_CONS,NA,1,AF117020,2,P38536,forb,NA,NA,NA
684,attttatttcaaaaataa,NA,NA,NA,NA,1,subclass,Dicranidae,NA,[],NA,114657,M00763:170:000000000-LHC44:1:2111:19449:16937_CONS,NA,1,AF135102,2,P35775,moss,,,
